{"type":"FeatureCollection","features":[{"type":"Feature","properties":{"basin":"ChaoPhraya"},"geometry":{"type":"Polygon","coordinates":[[[98.48458333333333,17.16291666666667],[98.41541666666666,17.212083333333336],[98.35708333333334,17.273750000000003],[98.36041666666667,17.289583333333336],[98.32124999999999,17.311250000000005],[98.33375,17.34958333333334],[98.29124999999999,17.407916666666672],[98.32291666666667,17.417083333333338],[98.32708333333333,17.491250000000004],[98.29791666666667,17.576250000000005],[98.25541666666666,17.57291666666667],[98.24458333333334,17.60791666666667],[98.25291666666666,17.67041666666667],[98.27791666666667,17.67541666666667],[98.29291666666667,17.70041666666667],[98.22791666666666,17.723750000000003],[98.20125,17.77291666666667],[98.23791666666666,17.82291666666667],[98.24458333333334,17.87791666666667],[98.29708333333333,17.891250000000003],[98.31041666666667,17.916250000000005],[98.29625,17.94708333333334],[98.32541666666667,18.02291666666667],[98.37541666666667,18.032083333333336],[98.35791666666667,18.068750000000005],[98.38041666666666,18.112083333333338],[98.37458333333333,18.134583333333335],[98.36291666666666,18.15541666666667],[98.33125,18.137083333333337],[98.29291666666667,18.17541666666667],[98.23541666666667,18.18041666666667],[98.20708333333333,18.249583333333337],[98.14958333333334,18.226250000000004],[98.14375,18.292083333333338],[98.07208333333332,18.358750000000004],[98.08791666666667,18.400416666666672],[98.07375,18.429583333333337],[98.10625,18.458750000000002],[98.12041666666667,18.499583333333337],[98.17125,18.524583333333336],[98.17375,18.547083333333337],[98.20875,18.53708333333334],[98.23708333333333,18.56791666666667],[98.21041666666666,18.60791666666667],[98.18125,18.609583333333337],[98.18291666666667,18.626250000000002],[98.10625,18.64791666666667],[98.09791666666666,18.738750000000003],[98.12041666666667,18.77291666666667],[98.09208333333333,18.777083333333337],[98.07958333333333,18.822083333333335],[98.10125,18.884583333333335],[98.15791666666667,18.92041666666667],[98.18458333333334,19.031250000000004],[98.25125,19.108750000000004],[98.24291666666667,19.153750000000002],[98.34208333333333,19.151250000000005],[98.35291666666666,19.09041666666667],[98.37458333333333,19.08708333333334],[98.37208333333334,19.066250000000004],[98.42041666666667,19.02791666666667],[98.43791666666667,19.047916666666673],[98.52791666666667,19.025416666666672],[98.57958333333333,19.048750000000005],[98.62958333333333,19.043750000000003],[98.62625,19.06125],[98.64958333333334,19.081250000000004],[98.63374999999999,19.157083333333336],[98.56791666666666,19.208750000000002],[98.59875,19.228750000000005],[98.58791666666667,19.25625],[98.60541666666667,19.278750000000002],[98.59541666666667,19.354583333333338],[98.57375,19.386250000000004],[98.59625,19.406250000000004],[98.58458333333333,19.438750000000006],[98.59541666666667,19.489583333333336],[98.56791666666666,19.50791666666667],[98.56375,19.548750000000005],[98.54291666666667,19.55791666666667],[98.54041666666666,19.611250000000005],[98.47041666666667,19.66041666666667],[98.46791666666667,19.694583333333338],[98.50874999999999,19.717916666666667],[98.56708333333333,19.672083333333337],[98.58958333333334,19.71541666666667],[98.62708333333333,19.713750000000005],[98.62541666666667,19.728750000000005],[98.71124999999999,19.76791666666667],[98.77958333333333,19.75208333333334],[98.84041666666667,19.813750000000006],[98.86125,19.793750000000003],[98.90708333333333,19.793750000000003],[98.98125,19.732916666666668],[99.02208333333333,19.742083333333337],[99.02875,19.698750000000004],[99.07875,19.657083333333336],[99.07625,19.63541666666667],[99.10374999999999,19.624583333333337],[99.11125,19.593750000000004],[99.13374999999999,19.57041666666667],[99.15791666666667,19.58291666666667],[99.17791666666666,19.574583333333337],[99.17458333333333,19.549583333333338],[99.21375,19.523750000000003],[99.25125,19.56291666666667],[99.28458333333333,19.56458333333334],[99.31125,19.528750000000002],[99.29458333333334,19.49291666666667],[99.30791666666667,19.48791666666667],[99.30875,19.42875],[99.32958333333333,19.400416666666672],[99.33291666666666,19.361250000000005],[99.31541666666666,19.348750000000003],[99.34208333333333,19.27041666666667],[99.30958333333334,19.224583333333335],[99.30458333333333,19.179583333333337],[99.34375,19.08708333333334],[99.38374999999999,19.06291666666667],[99.40125,19.00041666666667],[99.43625,19.00791666666667],[99.49375,19.078750000000003],[99.53791666666666,19.086250000000003],[99.53791666666666,19.111250000000005],[99.56041666666667,19.13541666666667],[99.53791666666666,19.162916666666668],[99.54208333333334,19.227916666666673],[99.58041666666666,19.31041666666667],[99.56791666666666,19.442083333333336],[99.60458333333334,19.507083333333338],[99.64208333333333,19.50958333333334],[99.65125,19.463750000000005],[99.66541666666666,19.470416666666672],[99.68375,19.45291666666667],[99.69125,19.359583333333337],[99.70791666666666,19.341250000000002],[99.70375,19.243750000000006],[99.72625,19.170416666666668],[99.75874999999999,19.133750000000003],[99.77374999999999,19.063750000000006],[99.81958333333333,19.06041666666667],[99.83875,19.00041666666667],[99.92708333333333,18.98041666666667],[99.95625,18.93291666666667],[100.01625,18.89541666666667],[100.05208333333333,18.90458333333334],[100.05708333333334,18.929583333333337],[100.11875,18.93208333333334],[100.12708333333333,18.972083333333337],[100.10541666666667,19.014583333333334],[100.12458333333333,19.05541666666667],[100.10541666666667,19.074583333333337],[100.11375,19.15541666666667],[100.12708333333333,19.15541666666667],[100.14625,19.20541666666667],[100.19041666666666,19.231250000000003],[100.21291666666667,19.227083333333336],[100.22458333333333,19.26541666666667],[100.26458333333333,19.262083333333337],[100.23041666666667,19.324583333333337],[100.23791666666666,19.349583333333335],[100.28041666666667,19.332083333333337],[100.30458333333333,19.34041666666667],[100.31708333333333,19.36625],[100.34791666666666,19.357916666666668],[100.35791666666667,19.39291666666667],[100.38041666666666,19.37791666666667],[100.39375,19.397083333333335],[100.52374999999999,19.407083333333336],[100.56458333333333,19.43541666666667],[100.58208333333333,19.475416666666668],[100.60291666666666,19.479583333333338],[100.60208333333333,19.530416666666667],[100.62708333333333,19.55541666666667],[100.73291666666667,19.525416666666672],[100.77125,19.487083333333338],[100.85958333333333,19.57291666666667],[100.89291666666666,19.63458333333334],[100.91624999999999,19.622083333333336],[101.03541666666666,19.628750000000004],[101.12125,19.57291666666667],[101.16875,19.586250000000003],[101.19791666666666,19.577083333333334],[101.20625,19.60541666666667],[101.24375,19.603750000000005],[101.28041666666667,19.578750000000003],[101.28541666666666,19.527083333333337],[101.26625,19.471250000000005],[101.21208333333334,19.475416666666668],[101.21458333333334,19.43208333333334],[101.18625,19.397083333333335],[101.20458333333333,19.349583333333335],[101.22874999999999,19.347083333333337],[101.24208333333333,19.32625],[101.22708333333333,19.306250000000006],[101.25958333333332,19.231250000000003],[101.24541666666667,19.181250000000006],[101.25541666666666,19.12708333333334],[101.35625,19.049583333333338],[101.33624999999999,19.004583333333336],[101.30958333333334,19.00291666666667],[101.29291666666667,18.982083333333335],[101.29375,18.937083333333337],[101.24625,18.891250000000003],[101.25458333333333,18.847083333333337],[101.24208333333333,18.82041666666667],[101.25791666666666,18.808750000000003],[101.25208333333333,18.771250000000002],[101.22291666666666,18.731250000000003],[101.27208333333333,18.68791666666667],[101.22541666666666,18.623750000000005],[101.18125,18.612083333333338],[101.18291666666667,18.56041666666667],[101.10291666666666,18.521250000000002],[101.09291666666667,18.478750000000005],[101.05291666666666,18.442083333333336],[101.08291666666666,18.381250000000005],[101.13875,18.36291666666667],[101.14625,18.343750000000004],[101.18125,18.341250000000002],[101.14958333333334,18.298750000000005],[101.16291666666666,18.27791666666667],[101.14291666666666,18.258750000000003],[101.16624999999999,18.21708333333334],[101.19208333333333,18.213750000000005],[101.16125,18.124583333333337],[101.18375,18.06458333333334],[101.12125,17.999583333333337],[101.11875,17.94541666666667],[101.01875,17.892083333333336],[101.03291666666667,17.82791666666667],[101.00041666666667,17.82291666666667],[100.99291666666666,17.802916666666672],[101.00625,17.78291666666667],[100.97791666666666,17.76291666666667],[101.00708333333333,17.731250000000003],[101.00458333333333,17.70291666666667],[100.96208333333334,17.677916666666672],[100.95958333333333,17.65541666666667],[100.87208333333334,17.576250000000005],[100.86041666666667,17.547083333333337],[100.87208333333334,17.528750000000002],[100.83291666666666,17.47291666666667],[100.85708333333334,17.45041666666667],[100.89291666666666,17.464583333333337],[100.91624999999999,17.45041666666667],[100.91458333333333,17.34041666666667],[101.00708333333333,17.334583333333338],[101.04208333333334,17.288750000000004],[101.08208333333333,17.278750000000002],[101.10875,17.23291666666667],[101.11375,17.192083333333336],[101.07791666666667,17.16541666666667],[101.08458333333333,17.122083333333336],[101.06375,17.11291666666667],[101.05208333333333,17.077083333333338],[101.05791666666667,17.03041666666667],[101.03041666666667,17.008750000000003],[101.05208333333333,16.95791666666667],[101.02875,16.94541666666667],[101.03375,16.931250000000006],[101.06375,16.93041666666667],[101.06958333333333,16.906250000000004],[101.09458333333333,16.89291666666667],[101.12875,16.929583333333337],[101.15125,17.129583333333336],[101.13125,17.203750000000003],[101.14458333333333,17.22458333333334],[101.18958333333333,17.238750000000003],[101.20291666666667,17.221250000000005],[101.25125,17.269583333333337],[101.29958333333333,17.226250000000004],[101.34291666666667,17.262083333333337],[101.36208333333333,17.256250000000005],[101.36541666666666,17.272083333333338],[101.39125,17.251250000000002],[101.40041666666667,17.277083333333337],[101.42291666666667,17.198750000000004],[101.45458333333333,17.185416666666672],[101.45958333333333,17.09791666666667],[101.51125,17.04541666666667],[101.49125,17.012083333333337],[101.52208333333333,16.990416666666672],[101.52875,16.951250000000005],[101.55208333333333,16.93208333333334],[101.55291666666666,16.896250000000006],[101.51375,16.897083333333338],[101.50791666666666,16.844583333333336],[101.53291666666667,16.77791666666667],[101.56041666666667,16.775416666666672],[101.55875,16.74541666666667],[101.52458333333334,16.73791666666667],[101.51375,16.681250000000006],[101.48291666666667,16.674583333333338],[101.46375,16.64541666666667],[101.43958333333333,16.65291666666667],[101.40625,16.603750000000005],[101.42041666666667,16.581250000000004],[101.39458333333333,16.541250000000005],[101.40875,16.53541666666667],[101.42375,16.42291666666667],[101.39958333333334,16.400416666666672],[101.40791666666667,16.379583333333336],[101.38125,16.359583333333337],[101.36958333333334,16.274583333333336],[101.34208333333333,16.262083333333337],[101.33875,16.23791666666667],[101.29208333333334,16.188750000000002],[101.34958333333333,16.164583333333336],[101.34708333333333,16.136250000000004],[101.37708333333333,16.133750000000003],[101.41875,16.07791666666667],[101.41291666666666,16.063750000000002],[101.39791666666666,16.07541666666667],[101.38541666666666,16.063750000000002],[101.39625,16.02041666666667],[101.36125,15.92541666666667],[101.37458333333333,15.918750000000003],[101.33208333333333,15.881250000000005],[101.33041666666666,15.801250000000003],[101.31458333333333,15.787916666666671],[101.33291666666666,15.778750000000006],[101.33624999999999,15.752916666666671],[101.40375,15.733750000000004],[101.37125,15.59041666666667],[101.37458333333333,15.525416666666672],[101.38541666666666,15.488750000000003],[101.41541666666666,15.484583333333337],[101.39791666666666,15.431250000000006],[101.41541666666666,15.442916666666672],[101.42958333333333,15.433750000000003],[101.44291666666666,15.384583333333339],[101.43208333333334,15.372083333333336],[101.46458333333334,15.345416666666672],[101.44791666666666,15.29791666666667],[101.45208333333333,15.252916666666671],[101.42791666666666,15.21041666666667],[101.47458333333333,15.127916666666671],[101.43291666666667,15.080416666666672],[101.50208333333333,15.066250000000004],[101.50541666666666,15.042083333333338],[101.48541666666667,15.034583333333337],[101.49208333333333,15.012083333333337],[101.43708333333333,14.98041666666667],[101.45958333333333,14.89208333333334],[101.49375,14.841250000000006],[101.47458333333333,14.806250000000006],[101.40041666666667,14.796250000000004],[101.35708333333334,14.76708333333334],[101.33458333333333,14.698750000000004],[101.36875,14.611250000000005],[101.35374999999999,14.608750000000004],[101.35625,14.58291666666667],[101.32041666666666,14.57791666666667],[101.30375,14.548750000000005],[101.27458333333334,14.539583333333336],[101.27708333333334,14.513750000000005],[101.24041666666666,14.468750000000004],[101.16708333333334,14.516250000000003],[101.12541666666667,14.450416666666673],[101.08624999999999,14.446250000000003],[101.05708333333334,14.411250000000006],[101.01625,14.409583333333337],[100.98458333333333,14.43041666666667],[100.96791666666667,14.422083333333337],[100.97208333333333,14.438750000000006],[100.93791666666667,14.474583333333339],[100.93958333333333,14.51708333333334],[100.89874999999999,14.537916666666671],[100.88125,14.52291666666667],[100.88625,14.546250000000004],[100.78291666666667,14.561250000000005],[100.70291666666667,14.53541666666667],[100.72125,14.50791666666667],[100.70125,14.505416666666672],[100.69375,14.49541666666667],[100.71791666666667,14.503750000000004],[100.68958333333333,14.444583333333338],[100.74625,14.469583333333336],[100.77875,14.422083333333337],[100.77791666666667,14.39958333333334],[100.79958333333333,14.384583333333339],[100.73708333333333,14.339583333333337],[100.73041666666667,14.23958333333334],[100.70791666666666,14.200416666666673],[100.70375,14.02291666666667],[100.68791666666667,14.046250000000004],[100.69791666666666,14.095416666666672],[100.68791666666667,14.108750000000004],[100.67625,14.062083333333337],[100.66375,14.094583333333336],[100.64291666666666,14.065416666666671],[100.64208333333333,13.935416666666672],[100.62791666666666,13.940416666666671],[100.61458333333333,13.90291666666667],[100.58458333333333,13.891250000000003],[100.56625,13.822916666666671],[100.57625,13.783750000000005],[100.52875,13.755416666666672],[100.53541666666666,13.727916666666673],[100.48875,13.760416666666671],[100.46958333333333,13.74541666666667],[100.49041666666666,13.71041666666667],[100.46458333333334,13.70458333333334],[100.43375,13.792083333333338],[100.39958333333334,13.802916666666672],[100.36541666666666,13.769583333333337],[100.36291666666666,13.786250000000006],[100.31875,13.795416666666672],[100.29041666666666,13.881250000000005],[100.27541666666667,13.878750000000004],[100.22625,13.94541666666667],[100.23541666666667,13.967083333333338],[100.20708333333333,13.95791666666667],[100.22041666666667,13.992083333333337],[100.21375,14.012916666666673],[100.17541666666666,14.02791666666667],[100.18791666666667,14.062083333333337],[100.17291666666667,14.086250000000003],[100.17375,13.997916666666672],[100.15875,13.968750000000004],[100.08125,13.978750000000005],[100.06708333333333,13.941250000000004],[100.02791666666667,13.92708333333334],[99.97625,13.949583333333337],[99.96291666666667,13.937083333333337],[99.94458333333333,13.982083333333339],[99.90708333333333,13.983750000000004],[99.87875,13.967916666666671],[99.87208333333334,13.942916666666672],[99.78708333333333,13.964583333333337],[99.75874999999999,13.955416666666672],[99.76875,13.917083333333338],[99.74125,13.96541666666667],[99.70958333333333,13.943750000000005],[99.68541666666667,13.95458333333334],[99.67291666666667,13.929583333333337],[99.64958333333334,13.93791666666667],[99.63625,13.97291666666667],[99.60291666666666,13.984583333333337],[99.57375,14.018750000000004],[99.55375,14.08291666666667],[99.51375,14.080416666666672],[99.51208333333334,14.121250000000003],[99.52708333333334,14.133750000000003],[99.51875,14.192083333333336],[99.53291666666667,14.216250000000006],[99.56458333333333,14.213750000000005],[99.58791666666667,14.252916666666671],[99.58541666666666,14.275416666666672],[99.56041666666667,14.278750000000006],[99.57124999999999,14.312083333333337],[99.54208333333334,14.32958333333334],[99.54041666666666,14.360416666666673],[99.59875,14.57791666666667],[99.58041666666666,14.59041666666667],[99.57875,14.631250000000005],[99.54208333333334,14.698750000000004],[99.55291666666666,14.732916666666672],[99.51625,14.82041666666667],[99.46208333333334,14.873750000000005],[99.42041666666667,15.048750000000005],[99.36208333333333,15.049583333333338],[99.33958333333334,15.07958333333334],[99.34125,15.108750000000004],[99.36708333333333,15.119583333333338],[99.37375,15.14041666666667],[99.34375,15.166250000000005],[99.35875,15.199583333333337],[99.35291666666666,15.232083333333339],[99.37041666666667,15.255416666666672],[99.37458333333333,15.342083333333338],[99.34291666666667,15.383750000000003],[99.34958333333333,15.439583333333339],[99.31958333333333,15.492083333333337],[99.27125,15.499583333333337],[99.25458333333333,15.487083333333338],[99.24458333333334,15.499583333333337],[99.25291666666666,15.63291666666667],[99.22458333333333,15.652083333333337],[99.20875,15.76541666666667],[99.18708333333333,15.782916666666672],[99.16375,15.778750000000006],[99.09375,15.837083333333336],[99.08541666666666,15.912083333333339],[99.09708333333333,15.931250000000006],[99.07458333333334,15.961250000000003],[99.08875,15.979583333333338],[99.08624999999999,16.041250000000005],[99.11625,16.07541666666667],[99.10625,16.10291666666667],[99.05041666666666,16.13541666666667],[99.08291666666666,16.213750000000005],[99.04791666666667,16.25958333333334],[99.05291666666666,16.33041666666667],[99.03791666666666,16.382083333333338],[99.01625,16.38541666666667],[99.02208333333333,16.43208333333334],[98.98708333333333,16.47291666666667],[98.99875,16.503750000000004],[99.02958333333333,16.493750000000006],[99.02291666666666,16.57541666666667],[99.04541666666667,16.606250000000003],[99.01541666666667,16.633750000000003],[99.02374999999999,16.66208333333334],[98.99791666666667,16.713750000000005],[98.96208333333334,16.727083333333336],[98.94958333333334,16.76041666666667],[98.84291666666667,16.845416666666672],[98.82708333333333,16.872083333333336],[98.83958333333334,16.887083333333337],[98.83208333333333,16.922083333333337],[98.77291666666666,16.966250000000002],[98.70708333333333,17.052916666666672],[98.63041666666666,17.07208333333334],[98.48458333333333,17.16291666666667]]]}},{"type":"Feature","properties":{"basin":"Irrawaddy"},"geometry":{"type":"Polygon","coordinates":[[[93.91625,20.56291666666667],[93.84708333333333,20.556250000000006],[93.86291666666666,20.58541666666667],[93.84458333333333,20.61958333333334],[93.86625,20.662083333333335],[93.83958333333334,20.68791666666667],[93.84708333333333,20.721250000000005],[93.82791666666667,20.732083333333335],[93.82041666666666,20.777083333333337],[93.76041666666667,20.766250000000003],[93.74541666666667,20.846250000000005],[93.69458333333333,20.906250000000004],[93.69875,20.946250000000003],[93.72791666666667,20.94791666666667],[93.73875,20.971250000000005],[93.71625,21.00291666666667],[93.73541666666667,21.038750000000004],[93.70791666666666,21.18625],[93.72458333333333,21.209583333333335],[93.71625,21.236250000000005],[93.68375,21.238750000000003],[93.66458333333333,21.277083333333337],[93.62458333333333,21.294583333333335],[93.63208333333333,21.378750000000004],[93.60041666666666,21.412083333333335],[93.56958333333333,21.48375],[93.60708333333334,21.607083333333335],[93.59041666666667,21.659583333333337],[93.59958333333333,21.68541666666667],[93.57208333333334,21.737083333333338],[93.58958333333334,21.757083333333334],[93.57291666666667,21.791250000000005],[93.55541666666667,21.793750000000003],[93.55125,21.835416666666667],[93.52541666666667,21.841250000000002],[93.52875,21.87791666666667],[93.48958333333333,21.97291666666667],[93.54708333333333,22.027083333333337],[93.58791666666667,21.99791666666667],[93.65958333333333,21.996250000000003],[93.64375,22.025416666666672],[93.68125,22.11291666666667],[93.63125,22.174583333333338],[93.65708333333333,22.209583333333335],[93.67625,22.210416666666667],[93.68708333333333,22.26291666666667],[93.66041666666666,22.293750000000003],[93.64708333333333,22.286250000000003],[93.62875,22.302083333333336],[93.62625,22.356250000000003],[93.59291666666667,22.374583333333334],[93.59791666666666,22.412083333333335],[93.63125,22.434583333333336],[93.62041666666667,22.48041666666667],[93.63125,22.50291666666667],[93.60791666666667,22.545416666666668],[93.61375,22.63291666666667],[93.58041666666666,22.662083333333335],[93.59125,22.719583333333336],[93.55875,22.736250000000005],[93.54791666666667,22.80791666666667],[93.53041666666667,22.831250000000004],[93.54875,22.903750000000002],[93.50875,22.94041666666667],[93.50958333333334,22.975416666666668],[93.54041666666667,23.022083333333335],[93.52791666666667,23.07541666666667],[93.53708333333333,23.107916666666668],[93.51125,23.149583333333336],[93.51041666666667,23.196250000000003],[93.48625,23.206250000000004],[93.51375,23.249583333333334],[93.51375,23.283750000000005],[93.48375,23.299583333333338],[93.47375,23.331250000000004],[93.50541666666666,23.372083333333336],[93.48041666666667,23.40291666666667],[93.51291666666667,23.497083333333336],[93.49875,23.569583333333334],[93.51625,23.60875],[93.54541666666667,23.618750000000002],[93.55541666666667,23.651250000000005],[93.57208333333334,23.655416666666667],[93.53291666666667,23.688750000000002],[93.56208333333333,23.742083333333333],[93.56208333333333,23.795416666666668],[93.60291666666667,23.856250000000003],[93.59291666666667,23.879583333333336],[93.63375,24.008750000000003],[93.60875,24.01291666666667],[93.61041666666667,24.070416666666667],[93.59541666666667,24.100416666666668],[93.61458333333333,24.128750000000004],[93.59541666666667,24.137083333333337],[93.58791666666667,24.17791666666667],[93.61041666666667,24.15625],[93.63041666666666,24.19291666666667],[93.62625,24.24125],[93.64291666666666,24.252083333333335],[93.64625,24.283750000000005],[93.62375,24.320416666666667],[93.62625,24.349583333333335],[93.65041666666667,24.379583333333336],[93.66208333333333,24.46875],[93.67708333333333,24.496250000000003],[93.70208333333333,24.501250000000002],[93.69875,24.62291666666667],[93.73291666666667,24.664583333333336],[93.72625,24.74541666666667],[93.75125,24.784583333333337],[93.74875,24.82541666666667],[93.77125,24.85125],[93.75791666666666,24.908750000000005],[93.79875,24.956250000000004],[93.79208333333334,25.016250000000003],[93.85458333333334,25.028750000000002],[93.88208333333333,25.147083333333335],[93.92625,25.17291666666667],[93.93791666666667,25.23375],[93.95791666666666,25.238750000000003],[93.98041666666667,25.199583333333337],[93.98041666666667,25.155416666666667],[93.99375,25.151250000000005],[94.01041666666667,25.208750000000002],[94.07041666666666,25.283750000000005],[94.15791666666667,25.282083333333336],[94.16208333333333,25.301250000000003],[94.21625,25.33291666666667],[94.27041666666666,25.394583333333337],[94.28125,25.43625],[94.31125,25.469583333333336],[94.28458333333333,25.507083333333334],[94.31041666666667,25.54791666666667],[94.28541666666666,25.677083333333336],[94.32291666666667,25.732083333333335],[94.37625,25.765416666666667],[94.40791666666667,25.81791666666667],[94.46125,25.84791666666667],[94.47125,25.91625],[94.53041666666667,26.018750000000004],[94.52208333333333,26.037916666666668],[94.54541666666667,26.08791666666667],[94.57458333333334,26.092083333333335],[94.59541666666667,26.121250000000003],[94.58458333333333,26.146250000000002],[94.65958333333333,26.219583333333336],[94.69875,26.216250000000002],[94.71791666666667,26.194583333333334],[94.77291666666666,26.24041666666667],[94.81708333333333,26.19291666666667],[94.89125,26.22125],[94.91208333333333,26.25291666666667],[94.94541666666666,26.26291666666667],[94.99208333333333,26.31125],[95.09208333333333,26.374583333333334],[95.10375,26.422083333333333],[95.06875,26.46291666666667],[95.11375,26.517916666666668],[95.10791666666667,26.542083333333338],[95.15375,26.58291666666667],[95.14708333333333,26.611250000000002],[95.16875,26.635416666666668],[95.20958333333333,26.64875],[95.23375,26.68291666666667],[95.25708333333333,26.677083333333336],[95.25874999999999,26.654583333333335],[95.30375,26.65041666666667],[95.33541666666666,26.673750000000002],[95.42208333333333,26.695416666666667],[95.45958333333333,26.743750000000002],[95.48291666666667,26.746250000000003],[95.50708333333333,26.809583333333336],[95.54208333333334,26.835416666666667],[95.60541666666667,26.812083333333334],[95.63208333333333,26.87375],[95.66625,26.90291666666667],[95.72375,26.882083333333334],[95.74458333333334,26.896250000000002],[95.75458333333333,26.954583333333336],[95.80125,27.015416666666667],[95.87291666666667,27.01375],[95.94624999999999,27.05041666666667],[96.03041666666667,27.18625],[96.22791666666666,27.278750000000002],[96.27291666666666,27.272083333333335],[96.30625,27.294583333333335],[96.38708333333334,27.284583333333337],[96.43958333333333,27.307083333333335],[96.52208333333333,27.286250000000003],[96.55208333333333,27.31875],[96.59541666666667,27.334583333333335],[96.60458333333334,27.36541666666667],[96.69958333333334,27.357916666666668],[96.70458333333333,27.37291666666667],[96.79791666666667,27.34625],[96.84791666666666,27.29125],[96.84791666666666,27.271250000000002],[96.88458333333334,27.260416666666668],[96.88374999999999,27.22625],[96.85458333333334,27.21125],[96.87041666666667,27.182916666666667],[96.98458333333333,27.155416666666667],[97.06958333333333,27.09041666666667],[97.09875,27.10875],[97.13875,27.092083333333335],[97.16375,27.14375],[97.09041666666667,27.21375],[97.08875,27.239583333333336],[97.02958333333333,27.307083333333335],[96.99791666666667,27.319583333333334],[96.96291666666667,27.37291666666667],[96.96124999999999,27.404583333333335],[96.90291666666667,27.452916666666667],[96.92708333333333,27.52625],[96.90708333333333,27.543750000000003],[96.91041666666666,27.577916666666667],[96.89208333333333,27.577916666666667],[96.89375,27.61541666666667],[96.91291666666666,27.620416666666667],[96.93708333333333,27.661250000000003],[96.98375,27.66541666666667],[97.03208333333333,27.749583333333334],[97.08875,27.737083333333334],[97.11375,27.786250000000003],[97.18375,27.83125],[97.24708333333334,27.899583333333336],[97.29875,27.91625],[97.31958333333333,27.88791666666667],[97.35625,27.87375],[97.37875,27.891250000000003],[97.37625,27.952083333333334],[97.36208333333333,27.966250000000002],[97.39541666666666,28.01291666666667],[97.35208333333333,28.066250000000004],[97.31208333333333,28.062083333333334],[97.33208333333333,28.10541666666667],[97.32541666666667,28.139583333333334],[97.35875,28.16541666666667],[97.34958333333333,28.24041666666667],[97.41208333333333,28.249583333333334],[97.40125,28.28291666666667],[97.42291666666667,28.299583333333334],[97.46875,28.272916666666667],[97.48208333333334,28.28291666666667],[97.46875,28.307083333333335],[97.51791666666666,28.33291666666667],[97.49458333333334,28.34541666666667],[97.47958333333334,28.382083333333334],[97.50708333333333,28.411250000000003],[97.49458333333334,28.487083333333334],[97.56541666666666,28.54625],[97.58125,28.547083333333333],[97.60125,28.517916666666668],[97.64458333333333,28.534583333333334],[97.63791666666667,28.552083333333336],[97.68375,28.598750000000003],[97.68291666666667,28.626250000000002],[97.65708333333333,28.63791666666667],[97.65458333333333,28.702916666666667],[97.70375,28.717916666666667],[97.71791666666667,28.752916666666668],[97.74625,28.772916666666667],[97.83458333333333,28.76291666666667],[97.84375,28.72291666666667],[97.89375,28.764583333333334],[97.93041666666666,28.765416666666667],[97.94958333333334,28.725416666666668],[97.99625,28.72625],[98.04541666666667,28.754583333333336],[98.08125,28.745416666666667],[98.06125,28.69375],[98.03625,28.67875],[98.04958333333333,28.609583333333333],[98.08458333333333,28.597083333333334],[98.11041666666667,28.537083333333335],[98.18291666666667,28.50625],[98.23958333333333,28.43541666666667],[98.29791666666667,28.432916666666667],[98.29124999999999,28.397083333333335],[98.32208333333332,28.350416666666668],[98.31791666666666,28.321250000000003],[98.35458333333334,28.29625],[98.37708333333333,28.253750000000004],[98.37041666666667,28.18625],[98.38958333333333,28.17125],[98.39208333333333,28.083750000000002],[98.40458333333333,28.04291666666667],[98.42541666666666,28.03541666666667],[98.41208333333333,28.007083333333334],[98.45625,27.988750000000003],[98.46625,27.95041666666667],[98.48541666666667,27.944583333333334],[98.46458333333334,27.884583333333335],[98.49375,27.879583333333336],[98.50541666666666,27.852083333333336],[98.44041666666666,27.77041666666667],[98.45875,27.737083333333334],[98.44541666666666,27.66625],[98.47125,27.639583333333334],[98.52708333333334,27.622083333333336],[98.56041666666667,27.647083333333335],[98.59041666666667,27.56791666666667],[98.60374999999999,27.58125],[98.64874999999999,27.56791666666667],[98.66791666666667,27.589583333333337],[98.70708333333333,27.557916666666667],[98.70541666666666,27.52041666666667],[98.69125,27.517083333333336],[98.68458333333334,27.488750000000003],[98.70291666666667,27.452083333333334],[98.68625,27.431250000000002],[98.70208333333333,27.41625],[98.70375,27.368750000000002],[98.73541666666667,27.35291666666667],[98.74041666666666,27.327916666666667],[98.71708333333333,27.27375],[98.73125,27.247083333333336],[98.72375,27.225416666666668],[98.69208333333333,27.198750000000004],[98.71124999999999,27.15791666666667],[98.71291666666667,27.078750000000003],[98.74541666666667,27.072916666666668],[98.76791666666666,27.043750000000003],[98.76375,27.022083333333335],[98.73291666666667,27.00541666666667],[98.75791666666666,26.88125],[98.73041666666667,26.854583333333338],[98.76208333333334,26.80291666666667],[98.74291666666667,26.71291666666667],[98.77041666666666,26.69291666666667],[98.76208333333334,26.66625],[98.78208333333333,26.60375],[98.75375,26.56541666666667],[98.75708333333333,26.499583333333334],[98.74041666666666,26.439583333333335],[98.75125,26.42541666666667],[98.72708333333333,26.372083333333336],[98.73375,26.352083333333333],[98.68125,26.31125],[98.67208333333333,26.246250000000003],[98.71291666666667,26.23541666666667],[98.73375,26.177083333333336],[98.70791666666666,26.154583333333335],[98.72041666666667,26.13041666666667],[98.65958333333333,26.087083333333336],[98.69458333333333,26.02041666666667],[98.67958333333333,25.969583333333336],[98.68958333333333,25.911250000000003],[98.73041666666667,25.838750000000005],[98.71208333333334,25.806250000000002],[98.74375,25.774583333333336],[98.73625,25.742083333333333],[98.75208333333333,25.736250000000002],[98.74708333333334,25.705416666666668],[98.76791666666666,25.687083333333334],[98.75208333333333,25.584583333333335],[98.77708333333334,25.534583333333337],[98.76375,25.518750000000004],[98.76541666666667,25.41375],[98.74458333333334,25.377083333333335],[98.72458333333333,25.227083333333336],[98.72458333333333,25.204583333333336],[98.74541666666667,25.195416666666667],[98.72625,25.161250000000003],[98.73791666666666,25.13125],[98.72625,25.10125],[98.75208333333333,25.05375],[98.74375,24.97791666666667],[98.75791666666666,24.966250000000002],[98.74791666666667,24.95125],[98.77374999999999,24.804583333333333],[98.74791666666667,24.74291666666667],[98.76791666666666,24.687083333333334],[98.81458333333333,24.684583333333336],[98.83375,24.65041666666667],[98.87541666666667,24.639583333333334],[98.83458333333333,24.639583333333334],[98.76208333333334,24.59375],[98.78625,24.567083333333336],[98.72791666666666,24.49458333333334],[98.73458333333333,24.47625],[98.68458333333334,24.45041666666667],[98.68791666666667,24.417083333333338],[98.72458333333333,24.36791666666667],[98.72041666666667,24.32291666666667],[98.69958333333334,24.291250000000005],[98.65625,24.291250000000005],[98.63625,24.239583333333336],[98.60374999999999,24.224583333333335],[98.53625,24.246250000000003],[98.51041666666667,24.22791666666667],[98.47291666666666,24.23791666666667],[98.40875,24.20791666666667],[98.37875,24.225416666666668],[98.35458333333334,24.17541666666667],[98.27958333333333,24.16541666666667],[98.25874999999999,24.17541666666667],[98.18458333333334,24.112083333333338],[98.20458333333333,24.104583333333338],[98.19875,24.06791666666667],[98.21458333333334,24.051250000000003],[98.19875,23.982083333333335],[98.17625,23.959583333333335],[98.17208333333333,23.912916666666668],[98.13208333333333,23.90791666666667],[98.09291666666667,23.848750000000003],[98.14458333333333,23.80041666666667],[98.13374999999999,23.74875],[98.14625,23.73791666666667],[98.11458333333333,23.708750000000002],[98.08541666666666,23.706250000000004],[98.06208333333333,23.66791666666667],[98.09375,23.640416666666667],[98.07708333333333,23.611250000000002],[98.08291666666666,23.583750000000002],[98.11541666666666,23.567083333333336],[98.08041666666666,23.516250000000003],[98.16875,23.44291666666667],[98.24208333333333,23.458750000000002],[98.25708333333333,23.43291666666667],[98.23791666666666,23.412916666666668],[98.25125,23.38875],[98.29291666666667,23.382083333333334],[98.33708333333334,23.347083333333337],[98.32541666666667,23.322083333333335],[98.30208333333333,23.324583333333337],[98.30208333333333,23.309583333333336],[98.27958333333333,23.299583333333338],[98.33291666666666,23.30541666666667],[98.34208333333333,23.287916666666668],[98.23708333333333,23.228750000000005],[98.21791666666667,23.234583333333337],[98.14625,23.17541666666667],[98.10625,23.191250000000004],[98.06125,23.166250000000005],[98.05125,23.121250000000003],[98.02458333333334,23.111250000000002],[98.15875,23.093750000000004],[98.15791666666667,23.073750000000004],[98.23125,23.044583333333335],[98.19958333333334,23.003750000000004],[98.21708333333333,22.984583333333337],[98.19624999999999,22.957083333333337],[98.27458333333334,22.922083333333337],[98.26291666666667,22.908750000000005],[98.27541666666667,22.874583333333334],[98.21958333333333,22.833750000000002],[98.20791666666666,22.782083333333336],[98.16375,22.772916666666667],[98.15625,22.751250000000002],[98.11291666666666,22.72625],[98.10708333333334,22.69791666666667],[98.06625,22.670416666666668],[98.07375,22.64291666666667],[97.99875,22.587916666666672],[97.98458333333333,22.51375],[97.93291666666667,22.509583333333335],[97.88041666666666,22.527083333333337],[97.80791666666667,22.501250000000002],[97.77875,22.459583333333335],[97.73708333333333,22.459583333333335],[97.73208333333334,22.43291666666667],[97.77208333333333,22.406250000000004],[97.76208333333334,22.376250000000002],[97.84625,22.292083333333338],[97.86375,22.25291666666667],[97.81875,22.234583333333337],[97.78791666666666,22.25791666666667],[97.76541666666667,22.198750000000004],[97.70625,22.228750000000005],[97.67125,22.13125],[97.68041666666666,22.078750000000003],[97.62708333333333,22.01041666666667],[97.63208333333333,21.984583333333337],[97.59791666666666,21.948750000000004],[97.60291666666666,21.924583333333338],[97.52208333333333,21.886250000000004],[97.52458333333334,21.813750000000002],[97.47958333333334,21.798750000000005],[97.46541666666667,21.81875],[97.42958333333333,21.81041666666667],[97.42458333333333,21.734583333333337],[97.39958333333334,21.69375],[97.39541666666666,21.63875],[97.41208333333333,21.587916666666672],[97.39208333333333,21.55375],[97.43208333333334,21.472083333333337],[97.44458333333333,21.324583333333337],[97.38291666666666,21.232083333333335],[97.36291666666666,21.257083333333334],[97.32708333333333,21.25625],[97.30875,21.237083333333338],[97.32458333333334,21.207083333333337],[97.31125,21.154583333333335],[97.28958333333333,21.136250000000004],[97.30291666666666,21.069583333333334],[97.27541666666667,20.97791666666667],[97.28791666666666,20.897083333333335],[97.23958333333333,20.87541666666667],[97.21041666666666,20.914583333333336],[97.16625,20.889583333333334],[97.15041666666667,20.922083333333337],[97.11541666666666,20.853750000000005],[97.09791666666666,20.85541666666667],[97.06541666666666,20.91791666666667],[97.07375,20.942083333333336],[97.04875,20.987083333333338],[97.06041666666667,21.05541666666667],[97.01541666666667,21.17291666666667],[96.98208333333334,21.20541666666667],[96.97041666666667,21.139583333333334],[96.95291666666667,21.173750000000005],[96.90291666666667,21.20291666666667],[96.86875,21.17875],[96.85708333333334,21.13541666666667],[96.82041666666666,21.122083333333336],[96.80541666666667,21.01708333333334],[96.77958333333333,20.98791666666667],[96.77791666666667,20.963750000000005],[96.79125,20.95791666666667],[96.76041666666667,20.962916666666672],[96.76208333333334,20.93041666666667],[96.72625,20.903750000000002],[96.74375,20.854583333333338],[96.72125,20.843750000000004],[96.69541666666666,20.86791666666667],[96.63458333333334,20.879583333333336],[96.62458333333333,20.95791666666667],[96.58624999999999,20.946250000000003],[96.57625,20.87375],[96.60875,20.812083333333337],[96.61708333333333,20.783750000000005],[96.60208333333333,20.769583333333337],[96.63208333333333,20.711250000000003],[96.62458333333333,20.696250000000003],[96.56291666666667,20.691250000000004],[96.56708333333333,20.63875],[96.51458333333333,20.60875],[96.51458333333333,20.582083333333337],[96.54541666666667,20.569583333333334],[96.54291666666667,20.50958333333334],[96.52041666666666,20.51375],[96.50291666666666,20.567083333333336],[96.46791666666667,20.562083333333337],[96.45125,20.59041666666667],[96.42458333333333,20.578750000000003],[96.41375,20.536250000000003],[96.35875,20.541250000000005],[96.32708333333333,20.587916666666672],[96.29958333333333,20.57208333333334],[96.29375,20.48375],[96.30791666666667,20.49541666666667],[96.33458333333333,20.486250000000005],[96.36958333333334,20.418750000000003],[96.35125,20.36958333333334],[96.32291666666667,20.36291666666667],[96.29208333333334,20.417083333333338],[96.25375,20.43291666666667],[96.20458333333333,20.398750000000003],[96.18208333333334,20.409583333333337],[96.11458333333333,20.37791666666667],[96.06875,20.37791666666667],[96.01958333333333,20.324583333333337],[96.01458333333333,20.287916666666668],[95.98625,20.342916666666667],[95.98958333333333,20.37375],[95.97125,20.38458333333334],[95.94041666666666,20.387083333333337],[95.91041666666666,20.36625],[95.88041666666666,20.382083333333334],[95.80708333333334,20.36291666666667],[95.76208333333334,20.37708333333334],[95.72375,20.350416666666668],[95.73958333333333,20.275416666666672],[95.76791666666666,20.264583333333334],[95.79458333333334,20.164583333333336],[95.83541666666666,20.13541666666667],[95.79791666666667,20.097083333333337],[95.80375,20.06458333333334],[95.77458333333334,20.048750000000005],[95.79375,20.01791666666667],[95.76375,19.98041666666667],[95.79541666666667,19.94708333333334],[95.78791666666666,19.906250000000004],[95.80708333333334,19.88791666666667],[95.82041666666666,19.83041666666667],[95.78791666666666,19.81291666666667],[95.78541666666666,19.782916666666672],[95.76041666666667,19.757083333333338],[95.78041666666667,19.72291666666667],[95.76375,19.679583333333337],[95.71708333333333,19.646250000000002],[95.73375,19.58041666666667],[95.71875,19.558750000000003],[95.73791666666666,19.533750000000005],[95.72708333333333,19.522083333333335],[95.73958333333333,19.49791666666667],[95.81458333333333,19.43541666666667],[95.81375,19.38541666666667],[95.85875,19.32041666666667],[95.85291666666667,19.23041666666667],[95.82208333333334,19.19291666666667],[95.86208333333333,19.06791666666667],[95.83541666666666,19.029583333333335],[95.86208333333333,18.997083333333336],[95.84625,18.94791666666667],[95.84791666666666,18.89041666666667],[95.86458333333333,18.872083333333336],[95.83875,18.843750000000004],[95.85208333333333,18.819583333333338],[95.83791666666667,18.80791666666667],[95.87625,18.78541666666667],[95.93125,18.666250000000005],[95.95875,18.656250000000004],[95.96291666666667,18.634583333333335],[95.93708333333333,18.591250000000002],[95.96708333333333,18.53791666666667],[95.95291666666667,18.518750000000004],[95.93208333333334,18.52791666666667],[95.89958333333334,18.49541666666667],[95.88291666666666,18.544583333333335],[95.78291666666667,18.518750000000004],[95.75541666666666,18.532083333333336],[95.73875,18.503750000000004],[95.70375,18.524583333333336],[95.68625,18.50041666666667],[95.57875,18.45541666666667],[95.51375,18.44791666666667],[95.51291666666667,18.433750000000003],[95.47625,18.419583333333335],[95.47375,18.388750000000005],[95.44125,18.34958333333334],[95.45125,18.267083333333336],[95.43625,18.209583333333338],[95.45208333333333,18.17541666666667],[95.45291666666667,18.107083333333335],[95.51625,18.06291666666667],[95.50541666666666,18.003750000000004],[95.52625,17.99458333333334],[95.54125,17.93958333333334],[95.58625,17.934583333333336],[95.60291666666667,17.898750000000003],[95.57291666666667,17.88541666666667],[95.55458333333333,17.90791666666667],[95.52125,17.91291666666667],[95.51375,17.847083333333337],[95.49041666666666,17.834583333333338],[95.50208333333333,17.798750000000005],[95.48625,17.77291666666667],[95.50458333333333,17.75791666666667],[95.48625,17.678750000000004],[95.51708333333333,17.679583333333337],[95.55625,17.653750000000002],[95.59041666666667,17.598750000000003],[95.62875,17.584583333333338],[95.63208333333333,17.568750000000005],[95.60375,17.552916666666672],[95.60875,17.525416666666672],[95.69791666666667,17.43958333333334],[95.69958333333334,17.383750000000003],[95.60375,17.326250000000005],[95.59458333333333,17.293750000000003],[95.66958333333334,17.141250000000003],[95.66041666666666,17.093750000000004],[95.69541666666666,17.09208333333334],[95.70291666666667,17.066250000000004],[95.72125,17.063750000000002],[95.72875,17.01041666666667],[95.69958333333334,16.99291666666667],[95.65958333333333,17.047083333333337],[95.63291666666666,17.04541666666667],[95.62541666666667,16.973750000000003],[95.60375,16.993750000000006],[95.57625,16.96041666666667],[95.60125,16.91958333333334],[95.58125,16.909583333333337],[95.59708333333333,16.889583333333338],[95.56708333333333,16.847083333333337],[95.57541666666667,16.83541666666667],[95.52791666666667,16.821250000000003],[95.51708333333333,16.791250000000005],[95.45375,16.784583333333337],[95.45375,16.75541666666667],[95.43375,16.747916666666672],[95.41791666666667,16.694583333333338],[95.39875,16.684583333333336],[95.40041666666667,16.649583333333336],[95.38041666666666,16.648750000000003],[95.37041666666667,16.67541666666667],[95.35375,16.674583333333338],[95.35375,16.611250000000005],[95.32958333333333,16.604583333333338],[95.30708333333334,16.542083333333338],[95.29125,16.523750000000003],[95.24541666666667,16.517083333333336],[95.23875,16.489583333333336],[95.22041666666667,16.49291666666667],[95.23125,16.47291666666667],[95.21875,16.457083333333337],[95.23125,16.44791666666667],[95.20708333333333,16.379583333333336],[95.18541666666667,16.376250000000002],[95.19125,16.346250000000005],[95.15458333333333,16.35041666666667],[95.13791666666667,16.286250000000003],[95.09875,16.274583333333336],[95.09375,16.188750000000002],[95.06208333333333,16.199583333333337],[95.06291666666667,16.168750000000003],[95.02541666666667,16.16541666666667],[95.02791666666667,16.12708333333334],[94.98791666666666,16.131250000000005],[94.91708333333334,16.07208333333334],[94.89875,16.093750000000004],[94.92958333333333,16.111250000000005],[94.94291666666666,16.151250000000005],[94.98125,16.171250000000004],[94.98958333333333,16.20458333333334],[94.98291666666667,16.21708333333334],[94.95791666666666,16.199583333333337],[94.90541666666667,16.238750000000003],[94.92541666666666,16.268750000000004],[94.95875,16.27041666666667],[94.97625,16.29541666666667],[94.97125,16.359583333333337],[94.98875,16.383750000000003],[94.97125,16.402083333333337],[94.98291666666667,16.424583333333338],[95.01291666666667,16.424583333333338],[95.02541666666667,16.45041666666667],[94.97875,16.456250000000004],[95.01458333333333,16.492083333333337],[95.05625,16.50041666666667],[95.05541666666667,16.566250000000004],[95.09208333333333,16.579583333333336],[95.10708333333334,16.626250000000002],[95.13125,16.633750000000003],[95.14625,16.66041666666667],[95.15041666666667,16.68958333333334],[95.12291666666667,16.746250000000003],[95.16041666666666,16.784583333333337],[95.17541666666666,16.89041666666667],[95.15208333333334,16.929583333333337],[95.20625,17.031250000000004],[95.19125,17.09791666666667],[95.20458333333333,17.12708333333334],[95.21958333333333,17.12041666666667],[95.22625,17.14791666666667],[95.28041666666667,17.159583333333337],[95.27125,17.183750000000003],[95.28375,17.193750000000005],[95.25458333333333,17.23041666666667],[95.28708333333333,17.23208333333334],[95.28625,17.308750000000003],[95.33125,17.338750000000005],[95.32541666666667,17.376250000000002],[95.35958333333333,17.41208333333334],[95.34625,17.44708333333334],[95.29791666666667,17.48791666666667],[95.27375,17.489583333333336],[95.27541666666667,17.506250000000005],[95.31041666666667,17.536250000000003],[95.32708333333333,17.56541666666667],[95.32458333333334,17.601250000000004],[95.36125,17.603750000000005],[95.37375,17.673750000000005],[95.33791666666667,17.672083333333337],[95.34375,17.688750000000002],[95.32625,17.71041666666667],[95.30291666666666,17.709583333333338],[95.29625,17.669583333333335],[95.31625,17.651250000000005],[95.28458333333333,17.60291666666667],[95.31791666666666,17.578750000000003],[95.30625,17.53791666666667],[95.24208333333333,17.511250000000004],[95.22291666666666,17.543750000000003],[95.23291666666667,17.574583333333337],[95.20458333333333,17.578750000000003],[95.19125,17.54041666666667],[95.13875,17.523750000000003],[95.14208333333333,17.481250000000003],[95.12291666666667,17.48791666666667],[95.09791666666666,17.46791666666667],[95.09125,17.491250000000004],[95.11458333333333,17.503750000000004],[95.10208333333333,17.52291666666667],[95.16708333333334,17.541250000000005],[95.13041666666666,17.597083333333337],[95.18375,17.62541666666667],[95.18875,17.642083333333336],[95.21375,17.637083333333337],[95.20375,17.65791666666667],[95.17208333333333,17.661250000000003],[95.20458333333333,17.69791666666667],[95.20125,17.71541666666667],[95.12625,17.76041666666667],[94.95208333333333,17.71791666666667],[94.87458333333333,17.774583333333336],[94.88291666666666,17.899583333333336],[94.84708333333333,17.923750000000005],[94.81708333333333,17.993750000000002],[94.88125,18.068750000000005],[94.85291666666667,18.143750000000004],[94.90125,18.19291666666667],[94.87041666666667,18.23041666666667],[94.88708333333334,18.25041666666667],[94.87458333333333,18.269583333333337],[94.88374999999999,18.29541666666667],[94.79458333333334,18.373750000000005],[94.75791666666666,18.454583333333336],[94.73291666666667,18.469583333333336],[94.76541666666667,18.563750000000002],[94.72625,18.57541666666667],[94.68791666666667,18.626250000000002],[94.69875,18.65458333333334],[94.74541666666667,18.65791666666667],[94.74708333333334,18.683750000000003],[94.68625,18.803750000000004],[94.71041666666666,18.828750000000003],[94.75625,18.83541666666667],[94.75791666666666,18.876250000000002],[94.69624999999999,18.927916666666672],[94.69958333333334,18.95291666666667],[94.66791666666667,19.012083333333337],[94.68625,19.036250000000003],[94.65208333333334,19.087916666666672],[94.59291666666667,19.14958333333334],[94.53458333333333,19.14791666666667],[94.50458333333333,19.187083333333337],[94.47958333333334,19.268750000000004],[94.53208333333333,19.290416666666673],[94.53208333333333,19.331250000000004],[94.49791666666667,19.39291666666667],[94.44708333333334,19.43791666666667],[94.43291666666667,19.478750000000005],[94.34791666666666,19.554583333333337],[94.34041666666667,19.670416666666668],[94.28125,19.82208333333334],[94.31541666666666,19.852916666666673],[94.30041666666666,19.916250000000005],[94.26958333333333,19.93208333333334],[94.23791666666666,19.981250000000003],[94.20625,20.059583333333336],[94.21458333333334,20.104583333333338],[94.17291666666667,20.12541666666667],[94.17041666666667,20.170416666666668],[94.13958333333333,20.198750000000004],[94.12791666666666,20.276250000000005],[94.08208333333333,20.336250000000003],[94.08208333333333,20.372083333333336],[94.04541666666667,20.371250000000003],[93.97125,20.525416666666672],[93.93958333333333,20.530416666666667],[93.93875,20.556250000000006],[93.91625,20.56291666666667]]]}},{"type":"Feature","properties":{"basin":"Mekong"},"geometry":{"type":"Polygon","coordinates":[[[96.48708333333333,30.99791666666667],[96.45541666666666,30.987916666666667],[96.44458333333333,30.99791666666667],[96.47208333333333,31.030416666666667],[96.46625,31.042916666666667],[96.51291666666667,31.077916666666667],[96.46375,31.13041666666667],[96.42958333333333,31.114583333333336],[96.40958333333333,31.134583333333335],[96.38541666666667,31.13041666666667],[96.36625,31.16625],[96.37458333333333,31.182083333333335],[96.34791666666666,31.20625],[96.27958333333333,31.217083333333335],[96.27208333333333,31.232083333333335],[96.25041666666667,31.224583333333335],[96.17541666666666,31.26875],[96.10125,31.287083333333335],[96.05375,31.327916666666667],[96.06125,31.34625],[96.03708333333333,31.370416666666667],[95.98875,31.396250000000002],[95.94541666666666,31.39375],[95.95791666666666,31.41625],[95.91208333333333,31.40875],[95.88958333333333,31.432916666666667],[95.85708333333334,31.422083333333333],[95.85458333333334,31.44375],[95.80708333333334,31.46541666666667],[95.80625,31.507083333333334],[95.83958333333334,31.519583333333333],[95.82291666666667,31.542083333333334],[95.64958333333334,31.534583333333334],[95.61125,31.54041666666667],[95.60541666666667,31.572083333333335],[95.58041666666666,31.58291666666667],[95.55791666666667,31.55875],[95.53625,31.56625],[95.56041666666667,31.60875],[95.51541666666667,31.655416666666667],[95.49791666666667,31.697916666666668],[95.51458333333333,31.750416666666666],[95.47958333333334,31.798750000000002],[95.45375,31.804583333333333],[95.46125,31.81791666666667],[95.43875,31.83291666666667],[95.40625,31.91375],[95.35958333333333,31.94125],[95.30208333333333,31.925416666666667],[95.20791666666666,31.97625],[95.15041666666667,31.952083333333334],[95.09708333333333,31.984583333333333],[95.02708333333334,31.986250000000002],[94.99875,32.03541666666667],[95.00125,32.066250000000004],[94.93875,32.073750000000004],[94.91875,32.09458333333333],[94.89375,32.08958333333334],[94.90291666666667,32.13791666666667],[94.89208333333333,32.14458333333334],[94.82791666666667,32.14208333333333],[94.81791666666666,32.15958333333334],[94.78541666666666,32.09875],[94.74875,32.13041666666667],[94.67791666666666,32.09875],[94.63541666666667,32.124583333333334],[94.66208333333333,32.16041666666667],[94.63875,32.20458333333333],[94.56791666666666,32.154583333333335],[94.53625,32.151250000000005],[94.52791666666667,32.16791666666667],[94.54291666666667,32.19541666666667],[94.52541666666667,32.20875],[94.53708333333333,32.22625],[94.51875,32.24875],[94.53291666666667,32.27375],[94.49375,32.29875],[94.48291666666667,32.32541666666667],[94.45041666666667,32.32625],[94.42958333333333,32.349583333333335],[94.43291666666667,32.372083333333336],[94.40041666666667,32.382083333333334],[94.33958333333334,32.36125],[94.31291666666667,32.38125],[94.31625,32.39791666666667],[94.29458333333334,32.40291666666667],[94.29875,32.41458333333333],[94.22125,32.43625],[94.19541666666666,32.40958333333334],[94.18375,32.43125],[94.16875,32.42208333333333],[94.15125,32.45625],[94.17958333333333,32.45708333333334],[94.19208333333333,32.51708333333333],[94.25541666666666,32.52125],[94.29125,32.502916666666664],[94.31625,32.532916666666665],[94.35125,32.537083333333335],[94.36708333333333,32.52291666666667],[94.39541666666666,32.602916666666665],[94.43458333333334,32.56375],[94.46208333333334,32.573750000000004],[94.45625,32.60041666666667],[94.46958333333333,32.61208333333333],[94.53125,32.599583333333335],[94.56625,32.632083333333334],[94.59541666666667,32.632083333333334],[94.59125,32.64625],[94.61625,32.67125],[94.57375,32.702083333333334],[94.61125,32.71541666666667],[94.61208333333333,32.72875],[94.56208333333333,32.752916666666664],[94.48541666666667,32.71958333333333],[94.46041666666666,32.73791666666667],[94.43541666666667,32.71458333333334],[94.36375,32.75791666666667],[94.36125,32.78875],[94.38208333333333,32.79958333333333],[94.35041666666666,32.83125],[94.34875,32.85791666666667],[94.36541666666666,32.860416666666666],[94.36541666666666,32.875416666666666],[94.34791666666666,32.892916666666665],[94.38541666666667,32.92958333333333],[94.39625,32.97375],[94.34125,33.007083333333334],[94.28958333333333,32.997083333333336],[94.22875,33.01625],[94.19125,33.000416666666666],[94.09458333333333,33.05791666666667],[94.06208333333333,33.02125],[94.02458333333334,33.03375],[94.01041666666667,33.05875],[93.98458333333333,33.05458333333333],[93.95708333333333,33.07458333333334],[93.94875,33.092083333333335],[93.96291666666667,33.10791666666667],[93.94541666666666,33.12291666666667],[93.94208333333333,33.172916666666666],[93.92875,33.18958333333333],[93.89708333333333,33.17875],[93.88208333333333,33.190416666666664],[93.87958333333333,33.22958333333334],[93.86125,33.24875],[93.89458333333333,33.29541666666667],[93.92958333333333,33.29208333333334],[93.91541666666667,33.352916666666665],[93.94541666666666,33.35791666666667],[94.01291666666667,33.294583333333335],[94.04791666666667,33.323750000000004],[94.08125,33.323750000000004],[94.07875,33.34708333333334],[94.09625,33.35208333333333],[94.14791666666666,33.323750000000004],[94.19624999999999,33.342083333333335],[94.22708333333333,33.31375],[94.24541666666667,33.352916666666665],[94.23958333333333,33.39208333333333],[94.28291666666667,33.397083333333335],[94.25458333333333,33.419583333333335],[94.25958333333334,33.514583333333334],[94.22625,33.55875],[94.26791666666666,33.622083333333336],[94.25791666666666,33.63125],[94.29375,33.63708333333334],[94.36625,33.61125],[94.39875,33.63375],[94.38458333333334,33.65208333333334],[94.42041666666667,33.68875],[94.41541666666667,33.71375],[94.44208333333333,33.735416666666666],[94.43375,33.76208333333334],[94.46541666666667,33.79375],[94.48958333333333,33.80625],[94.52625,33.79875],[94.54625,33.82541666666667],[94.63041666666666,33.809583333333336],[94.70458333333333,33.75958333333333],[94.70708333333333,33.72208333333333],[94.74625,33.68958333333333],[94.82541666666667,33.66625],[94.80625,33.65375],[94.81875,33.627916666666664],[94.79958333333333,33.617916666666666],[94.81458333333333,33.56375],[94.89041666666667,33.57958333333333],[94.95625,33.559583333333336],[94.98375,33.57541666666667],[95.03625,33.53125],[95.08708333333334,33.547916666666666],[95.08708333333334,33.567083333333336],[95.12541666666667,33.58875],[95.15625,33.52375],[95.18708333333333,33.50541666666667],[95.21208333333334,33.437083333333334],[95.24041666666666,33.455416666666665],[95.29208333333334,33.41291666666667],[95.31041666666667,33.43875],[95.35791666666667,33.42208333333333],[95.40625,33.38125],[95.42291666666667,33.38791666666667],[95.46541666666667,33.36625],[95.48875,33.33958333333334],[95.52791666666667,33.34708333333334],[95.55541666666667,33.322916666666664],[95.55625,33.30041666666667],[95.61458333333333,33.30375],[95.63291666666666,33.32541666666667],[95.65708333333333,33.30375],[95.69041666666666,33.33958333333334],[95.74208333333333,33.28208333333333],[95.78958333333333,33.28458333333334],[95.79041666666667,33.24875],[95.84125,33.20625],[95.86291666666666,33.21125],[95.93291666666667,33.17125],[95.93625,33.19708333333333],[95.98458333333333,33.23041666666667],[96.02458333333334,33.23791666666667],[96.05041666666666,33.22541666666667],[96.06875,33.23708333333333],[96.20958333333333,33.09291666666667],[96.22625,33.10958333333333],[96.29291666666667,33.107083333333335],[96.39958333333334,33.022083333333335],[96.42541666666666,33.02791666666667],[96.42208333333333,33.00875],[96.44875,32.96958333333333],[96.54041666666666,32.95875],[96.65875,32.98708333333333],[96.65625,32.96625],[96.69708333333334,32.927083333333336],[96.68958333333333,32.89458333333334],[96.70791666666666,32.857083333333335],[96.79708333333333,32.822916666666664],[96.79875,32.78458333333334],[96.89708333333333,32.732083333333335],[96.87875,32.697916666666664],[96.89375,32.680416666666666],[97.06208333333333,32.587916666666665],[97.07958333333333,32.60458333333334],[97.11708333333333,32.60541666666667],[97.16541666666666,32.57541666666667],[97.22458333333333,32.566250000000004],[97.25375,32.577083333333334],[97.31708333333333,32.52291666666667],[97.38791666666667,32.503750000000004],[97.34875,32.46875],[97.34625,32.43375],[97.38541666666667,32.43125],[97.39958333333334,32.40375],[97.47208333333333,32.38791666666667],[97.48375,32.372083333333336],[97.55125,32.377916666666664],[97.67458333333333,32.28041666666667],[97.70375,32.276250000000005],[97.71291666666667,32.290416666666665],[97.76375,32.24208333333333],[97.79708333333333,32.25125],[97.83624999999999,32.21458333333334],[97.87208333333334,32.22291666666667],[97.94208333333333,32.14791666666667],[97.96375,32.15208333333334],[97.95375,32.08958333333334],[97.90291666666667,32.08375],[97.89458333333333,32.05625],[97.84541666666667,32.05791666666667],[97.83541666666666,32.025416666666665],[97.86041666666667,31.94375],[97.81875,31.918750000000003],[97.85291666666666,31.882083333333334],[97.86625,31.83875],[97.82875,31.807083333333335],[97.87125,31.719583333333333],[97.86291666666666,31.672083333333333],[97.89208333333333,31.66625],[97.91708333333334,31.620416666666667],[97.85625,31.577083333333334],[97.84708333333333,31.49125],[97.81541666666666,31.502083333333335],[97.76708333333333,31.48541666666667],[97.73375,31.521250000000002],[97.69208333333333,31.500416666666666],[97.72541666666666,31.431250000000002],[97.69041666666666,31.39541666666667],[97.72458333333333,31.32875],[97.70041666666667,31.302083333333336],[97.70208333333333,31.27041666666667],[97.75874999999999,31.236250000000002],[97.76208333333334,31.21125],[97.81625,31.205416666666668],[97.81875,31.176250000000003],[97.84958333333333,31.176250000000003],[97.85708333333334,31.13625],[97.87875,31.13041666666667],[97.86125,31.067083333333336],[97.92458333333333,30.99875],[97.90875,30.940416666666668],[97.95541666666666,30.85125],[98.01958333333333,30.848750000000003],[98.08125,30.79625],[98.15458333333333,30.789583333333333],[98.17791666666666,30.792916666666667],[98.18541666666667,30.81791666666667],[98.20125,30.812916666666666],[98.22041666666667,30.79125],[98.20375,30.76125],[98.22958333333334,30.709583333333335],[98.20708333333333,30.68541666666667],[98.29875,30.63791666666667],[98.31375,30.60375],[98.36291666666666,30.579583333333336],[98.39625,30.522916666666667],[98.42791666666666,30.507083333333334],[98.43458333333334,30.452916666666667],[98.50625,30.426250000000003],[98.48708333333333,30.387083333333337],[98.50708333333333,30.34791666666667],[98.48375,30.320416666666667],[98.51958333333333,30.222083333333334],[98.50541666666666,30.19875],[98.47625,30.202083333333334],[98.48208333333334,30.15875],[98.46041666666666,30.117083333333333],[98.47874999999999,30.09625],[98.49541666666667,30.004583333333336],[98.46541666666667,30.010416666666668],[98.44708333333332,29.997083333333336],[98.41708333333334,30.024583333333336],[98.40125,29.982083333333335],[98.47625,29.90291666666667],[98.45625,29.87375],[98.48125,29.82625],[98.46208333333334,29.786250000000003],[98.50958333333332,29.70125],[98.46041666666666,29.661250000000003],[98.48291666666667,29.627083333333335],[98.48541666666667,29.551250000000003],[98.57458333333334,29.466250000000002],[98.58541666666666,29.37375],[98.60541666666667,29.350416666666668],[98.63125,29.35375],[98.65791666666667,29.27625],[98.71041666666666,29.251250000000002],[98.70041666666667,29.21125],[98.73125,29.183750000000003],[98.72291666666666,29.161250000000003],[98.74041666666666,29.13041666666667],[98.71625,29.08875],[98.75708333333333,29.007083333333334],[98.78625,29.002083333333335],[98.81541666666666,28.95125],[98.82625,28.824583333333337],[98.85041666666666,28.802083333333336],[98.87125,28.812916666666666],[98.91208333333333,28.80375],[98.92541666666666,28.82375],[98.96041666666666,28.799583333333334],[98.95708333333333,28.752916666666668],[98.97791666666666,28.738750000000003],[98.96791666666667,28.722083333333334],[98.98458333333333,28.682083333333335],[98.98791666666666,28.543750000000003],[98.97291666666666,28.493750000000002],[99.00791666666666,28.484583333333333],[99.02458333333334,28.431250000000002],[99.04291666666667,28.419583333333335],[99.03875,28.40041666666667],[98.96208333333334,28.357916666666668],[98.95375,28.337083333333336],[98.97458333333333,28.324583333333337],[98.97375,28.208750000000002],[99.01125,28.149583333333336],[99.05625,28.124583333333334],[99.01708333333333,28.064583333333335],[99.01208333333334,28.008750000000003],[99.02208333333333,27.987083333333334],[99.08624999999999,27.95125],[99.09125,27.90625],[99.13125,27.887083333333337],[99.14125,27.850416666666668],[99.12458333333333,27.839583333333337],[99.11958333333334,27.799583333333334],[99.13791666666667,27.771250000000002],[99.12041666666667,27.754583333333336],[99.13208333333333,27.712083333333336],[99.11708333333333,27.67291666666667],[99.14874999999999,27.64875],[99.17375,27.667083333333334],[99.18458333333334,27.653750000000002],[99.18875,27.46541666666667],[99.23041666666667,27.47291666666667],[99.24125,27.462083333333336],[99.22291666666666,27.43625],[99.27374999999999,27.417083333333334],[99.26875,27.382916666666667],[99.28458333333333,27.361250000000002],[99.27458333333334,27.34041666666667],[99.33708333333334,27.264583333333334],[99.35458333333334,27.21125],[99.38208333333333,27.18041666666667],[99.41791666666667,27.197916666666668],[99.42875,27.157083333333336],[99.45875,27.13875],[99.44875,27.111250000000002],[99.41125,27.10541666666667],[99.39791666666666,27.06791666666667],[99.46958333333333,27.023750000000003],[99.53458333333333,26.869583333333335],[99.57625,26.857916666666668],[99.56958333333333,26.799583333333338],[99.59958333333333,26.707083333333337],[99.68041666666667,26.670416666666668],[99.70625,26.625416666666666],[99.76458333333333,26.639583333333334],[99.78291666666667,26.664583333333333],[99.84458333333333,26.66041666666667],[99.91624999999999,26.72125],[99.93125,26.76291666666667],[99.96958333333333,26.757083333333334],[99.98291666666667,26.787083333333335],[100.02541666666667,26.772083333333335],[100.01458333333333,26.754583333333336],[100.03208333333333,26.70791666666667],[100.05125,26.71291666666667],[100.04791666666667,26.731250000000003],[100.12125,26.725416666666668],[100.10625,26.682083333333335],[100.11291666666666,26.647083333333335],[100.08624999999999,26.58791666666667],[100.04041666666666,26.59541666666667],[100.07541666666667,26.518750000000004],[100.02541666666667,26.47875],[100.06875,26.418750000000003],[100.09875,26.42875],[100.09041666666667,26.394583333333337],[100.10625,26.357916666666668],[100.09208333333333,26.327083333333334],[100.12625,26.191250000000004],[100.09625,26.176250000000003],[100.10291666666666,26.117083333333333],[100.14458333333333,26.081250000000004],[100.13541666666666,26.018750000000004],[100.16458333333333,26.007083333333334],[100.17291666666667,25.977083333333333],[100.19208333333333,25.975416666666668],[100.17625,25.94291666666667],[100.23875,25.92875],[100.30625,25.964583333333337],[100.31958333333333,25.953750000000003],[100.30125,25.887083333333337],[100.27791666666667,25.87041666666667],[100.30208333333333,25.831250000000004],[100.27125,25.824583333333337],[100.29208333333334,25.798750000000002],[100.29041666666666,25.75291666666667],[100.32041666666666,25.736250000000002],[100.33875,25.69291666666667],[100.37458333333333,25.689583333333335],[100.39208333333333,25.66041666666667],[100.41041666666666,25.65791666666667],[100.42458333333333,25.607916666666668],[100.44375,25.59791666666667],[100.41708333333334,25.584583333333335],[100.43625,25.552083333333336],[100.39125,25.469583333333336],[100.38291666666666,25.489583333333336],[100.36708333333333,25.48041666666667],[100.36041666666667,25.43291666666667],[100.34208333333333,25.433750000000003],[100.31708333333333,25.466250000000002],[100.30875,25.502083333333335],[100.18291666666667,25.54291666666667],[100.17541666666666,25.52541666666667],[100.09125,25.52375],[100.08541666666666,25.487083333333338],[100.10125,25.457083333333337],[100.08624999999999,25.42541666666667],[100.13875,25.414583333333336],[100.14791666666666,25.364583333333336],[100.18291666666667,25.35291666666667],[100.17875,25.317083333333336],[100.20875,25.29041666666667],[100.18875,25.252083333333335],[100.21708333333333,25.249583333333334],[100.21708333333333,25.21291666666667],[100.24541666666667,25.16541666666667],[100.23125,25.139583333333334],[100.19624999999999,25.142916666666668],[100.21875,25.059583333333336],[100.28291666666667,25.00041666666667],[100.32875,24.997083333333336],[100.30958333333334,24.964583333333337],[100.28791666666666,24.960416666666667],[100.30041666666666,24.926250000000003],[100.29124999999999,24.904583333333335],[100.33208333333333,24.89875],[100.40041666666667,24.83625],[100.42041666666667,24.838750000000005],[100.48375,24.794583333333335],[100.51291666666667,24.72291666666667],[100.63125,24.56875],[100.63208333333333,24.53541666666667],[100.66458333333333,24.517083333333336],[100.67291666666667,24.44791666666667],[100.69375,24.418750000000003],[100.69041666666666,24.382916666666667],[100.73458333333333,24.346250000000005],[100.77625,24.359583333333333],[100.79875,24.33791666666667],[100.79208333333334,24.297083333333337],[100.81958333333333,24.286250000000003],[100.82875,24.238750000000003],[100.87541666666667,24.18791666666667],[100.86208333333333,24.17125],[100.89041666666667,24.153750000000002],[100.89874999999999,24.071250000000003],[100.94875,24.049583333333338],[100.94125,23.956250000000004],[100.96291666666667,23.941250000000004],[100.95458333333333,23.904583333333335],[101.01791666666666,23.857083333333335],[100.99125,23.767083333333336],[101.01791666666666,23.74458333333334],[101.01208333333334,23.710416666666667],[101.02958333333333,23.679583333333333],[100.99208333333333,23.63041666666667],[101.03125,23.58041666666667],[101.01291666666667,23.566250000000004],[101.06875,23.43541666666667],[101.07625,23.372083333333336],[101.11875,23.32291666666667],[101.11458333333333,23.298750000000002],[101.08875,23.278750000000002],[101.08958333333334,23.234583333333337],[101.11791666666666,23.16041666666667],[101.10958333333333,23.134583333333335],[101.13958333333333,23.12541666666667],[101.12791666666666,23.091250000000002],[101.18208333333334,23.092916666666667],[101.20125,23.10541666666667],[101.19125,23.13125],[101.22625,23.12791666666667],[101.27958333333333,23.05541666666667],[101.24541666666667,23.066250000000004],[101.22375,23.04791666666667],[101.32041666666666,22.97625],[101.29625,22.958750000000002],[101.35541666666667,22.919583333333335],[101.35541666666667,22.889583333333334],[101.33791666666667,22.87708333333334],[101.35958333333333,22.835416666666667],[101.35708333333334,22.784583333333337],[101.45541666666666,22.674583333333338],[101.49458333333334,22.68625],[101.53541666666666,22.658750000000005],[101.51291666666667,22.618750000000002],[101.54958333333333,22.56458333333334],[101.60791666666667,22.537083333333335],[101.67041666666667,22.475416666666668],[101.70625,22.47291666666667],[101.72874999999999,22.49875],[101.78291666666667,22.501250000000002],[101.82708333333333,22.45791666666667],[101.83458333333333,22.414583333333336],[101.89375,22.382083333333334],[101.91125,22.398750000000003],[101.91291666666666,22.44041666666667],[101.98791666666666,22.429583333333337],[102.04541666666667,22.458750000000002],[102.13041666666666,22.433750000000003],[102.12875,22.41375],[102.18958333333333,22.332083333333337],[102.18041666666666,22.30708333333334],[102.23291666666667,22.272916666666667],[102.24041666666666,22.238750000000003],[102.27208333333333,22.232916666666668],[102.27875,22.20541666666667],[102.32208333333332,22.20291666666667],[102.33541666666666,22.166250000000005],[102.36625,22.162916666666668],[102.38458333333332,22.128750000000004],[102.42875,22.114583333333336],[102.44208333333333,22.073750000000004],[102.51875,22.032083333333336],[102.48791666666666,22.00791666666667],[102.50541666666666,21.972083333333337],[102.61208333333333,21.920416666666668],[102.62041666666667,21.898750000000003],[102.60708333333334,21.87291666666667],[102.64541666666666,21.85875],[102.64791666666666,21.80708333333334],[102.66208333333333,21.792083333333338],[102.64541666666666,21.731250000000003],[102.67791666666666,21.652083333333337],[102.65875,21.587083333333336],[102.67125,21.584583333333335],[102.66958333333334,21.54625],[102.64874999999999,21.529583333333335],[102.68625,21.464583333333337],[102.68208333333334,21.39291666666667],[102.64125,21.39291666666667],[102.62625,21.36541666666667],[102.61041666666667,21.364583333333336],[102.60958333333333,21.30541666666667],[102.64041666666667,21.29625],[102.63875,21.27791666666667],[102.67708333333333,21.26791666666667],[102.69458333333333,21.288750000000004],[102.74125,21.279583333333335],[102.76875,21.32791666666667],[102.76458333333333,21.35875],[102.78875,21.36041666666667],[102.80541666666666,21.39541666666667],[102.90958333333333,21.43541666666667],[102.97625,21.488750000000003],[103.00791666666666,21.482083333333335],[103.03458333333333,21.49541666666667],[103.05875,21.579583333333336],[103.09041666666667,21.614583333333336],[103.10625,21.612083333333338],[103.16791666666667,21.51291666666667],[103.18791666666667,21.43625],[103.15375,21.333750000000002],[103.19458333333333,21.281250000000004],[103.09875,21.208750000000002],[103.12791666666666,21.161250000000003],[103.17541666666666,21.150416666666672],[103.18125,21.13458333333334],[103.15791666666667,21.11625],[103.16458333333333,21.073750000000004],[103.14125,21.027083333333337],[103.11708333333333,21.032916666666672],[103.05958333333334,20.999583333333337],[103.11375,20.896250000000002],[103.18541666666667,20.839583333333337],[103.20375,20.848750000000003],[103.22291666666666,20.82625],[103.24125,20.83541666666667],[103.26458333333333,20.82291666666667],[103.25791666666666,20.779583333333335],[103.30208333333333,20.746250000000003],[103.26291666666667,20.72291666666667],[103.34458333333333,20.629583333333336],[103.30291666666666,20.588750000000005],[103.28125,20.60291666666667],[103.25458333333333,20.57958333333334],[103.20458333333333,20.591250000000002],[103.21708333333333,20.52041666666667],[103.15875,20.467083333333335],[103.19624999999999,20.431250000000006],[103.23791666666666,20.41791666666667],[103.21541666666667,20.379583333333336],[103.23875,20.352083333333336],[103.22874999999999,20.308750000000003],[103.28458333333333,20.313750000000002],[103.31541666666666,20.24125],[103.35708333333334,20.272083333333335],[103.37208333333334,20.24125],[103.36041666666667,20.20458333333334],[103.39541666666666,20.20041666666667],[103.42791666666666,20.170416666666668],[103.45291666666667,20.181250000000006],[103.47375,20.166250000000005],[103.49125,20.11041666666667],[103.46208333333333,20.08541666666667],[103.47291666666666,20.03541666666667],[103.45875,20.016250000000003],[103.53041666666667,19.978750000000005],[103.55041666666666,19.911250000000003],[103.59708333333333,19.907916666666672],[103.61625,19.920416666666668],[103.60708333333334,19.949583333333337],[103.61541666666666,19.95291666666667],[103.63791666666667,19.92541666666667],[103.70208333333333,19.92291666666667],[103.69375,19.906250000000004],[103.70791666666666,19.88458333333334],[103.69375,19.853750000000005],[103.69958333333334,19.80541666666667],[103.68625,19.817083333333336],[103.66708333333332,19.793750000000003],[103.61625,19.787916666666668],[103.62041666666667,19.728750000000005],[103.58458333333333,19.721250000000005],[103.54791666666667,19.737083333333338],[103.49875,19.717916666666667],[103.44208333333333,19.75291666666667],[103.38958333333333,19.74291666666667],[103.38624999999999,19.698750000000004],[103.36708333333333,19.673750000000005],[103.38875,19.66791666666667],[103.38208333333333,19.64791666666667],[103.39541666666666,19.643750000000004],[103.38875,19.55791666666667],[103.36791666666666,19.547083333333337],[103.32958333333333,19.463750000000005],[103.30458333333333,19.46208333333334],[103.30958333333334,19.43958333333334],[103.29375,19.426250000000003],[103.41624999999999,19.378750000000004],[103.50958333333332,19.378750000000004],[103.49291666666666,19.357083333333335],[103.50208333333333,19.313750000000006],[103.54041666666666,19.321250000000003],[103.55791666666667,19.294583333333335],[103.61291666666666,19.31041666666667],[103.61625,19.288750000000004],[103.66624999999999,19.278750000000002],[103.69958333333334,19.227083333333336],[103.73125,19.227083333333336],[103.74541666666667,19.20291666666667],[103.76625,19.20125],[103.76375,19.156250000000004],[103.80458333333333,19.14208333333334],[103.82041666666666,19.05291666666667],[103.85208333333333,19.022083333333335],[103.93124999999999,19.01041666666667],[103.94041666666666,18.982083333333335],[103.98541666666667,18.974583333333335],[103.99625,18.997083333333336],[104.02208333333333,19.004583333333336],[104.08041666666666,18.963750000000005],[104.11375,19.01291666666667],[104.08541666666666,19.049583333333338],[104.11208333333333,19.089583333333337],[104.13374999999999,19.087916666666672],[104.15458333333333,19.11791666666667],[104.17458333333333,19.106250000000003],[104.28125,19.12041666666667],[104.30208333333333,19.11291666666667],[104.30958333333334,19.088750000000005],[104.40291666666667,19.056250000000006],[104.40208333333334,19.037916666666668],[104.44791666666666,18.98541666666667],[104.47375,18.98791666666667],[104.48375,19.00541666666667],[104.51291666666667,18.981250000000003],[104.53041666666667,18.98541666666667],[104.57958333333333,18.902083333333337],[104.62791666666666,18.888750000000005],[104.67541666666666,18.837916666666672],[104.71124999999999,18.837083333333336],[104.73875,18.80041666666667],[104.78458333333333,18.802083333333336],[104.79458333333334,18.783750000000005],[104.85625,18.774583333333336],[104.92375,18.78541666666667],[104.94208333333333,18.738750000000003],[105.01958333333333,18.74458333333334],[105.02041666666666,18.73041666666667],[105.05958333333334,18.723750000000003],[105.05291666666666,18.706250000000004],[105.12625,18.701250000000005],[105.19541666666666,18.64791666666667],[105.18875,18.602083333333336],[105.16291666666666,18.615416666666672],[105.13458333333332,18.59041666666667],[105.14041666666667,18.562083333333337],[105.11458333333333,18.53708333333334],[105.10875,18.46541666666667],[105.06041666666667,18.43208333333334],[105.05791666666667,18.396250000000002],[105.10208333333333,18.373750000000005],[105.12291666666667,18.419583333333335],[105.15291666666667,18.38791666666667],[105.19541666666666,18.383750000000003],[105.18458333333334,18.324583333333337],[105.24291666666666,18.296250000000004],[105.25625,18.259583333333335],[105.32875,18.264583333333338],[105.32291666666666,18.19791666666667],[105.36791666666666,18.16041666666667],[105.38458333333332,18.169583333333335],[105.41208333333333,18.15541666666667],[105.43958333333333,18.216250000000002],[105.49541666666667,18.198750000000004],[105.51124999999999,18.161250000000003],[105.50625,18.123750000000005],[105.53875,18.11958333333334],[105.54208333333332,18.082083333333337],[105.57208333333332,18.08041666666667],[105.58624999999999,18.012083333333337],[105.64375,17.992083333333337],[105.60875,17.89041666666667],[105.68375,17.833750000000002],[105.67458333333333,17.79541666666667],[105.72958333333332,17.74458333333334],[105.72958333333332,17.722083333333337],[105.74291666666666,17.72291666666667],[105.75125,17.66791666666667],[105.79124999999999,17.671250000000004],[105.85458333333332,17.61791666666667],[105.86874999999999,17.63291666666667],[105.88624999999999,17.624583333333337],[105.89458333333333,17.60291666666667],[105.93124999999999,17.613750000000003],[105.97625,17.54041666666667],[106.01791666666666,17.541250000000005],[106.05958333333334,17.50541666666667],[106.09541666666667,17.50958333333334],[106.10208333333333,17.481250000000003],[106.06208333333333,17.47541666666667],[106.04208333333332,17.454583333333336],[105.97874999999999,17.46041666666667],[105.96875,17.429583333333337],[105.99541666666667,17.406250000000004],[105.97541666666666,17.39791666666667],[105.94291666666666,17.402083333333337],[105.84875,17.463750000000005],[105.80291666666666,17.402083333333337],[105.88791666666667,17.357083333333335],[105.88125,17.293750000000003],[105.92791666666666,17.27958333333334],[106.00458333333333,17.206250000000004],[106.07708333333333,17.177916666666672],[106.07208333333332,17.157916666666672],[106.10208333333333,17.12791666666667],[106.17958333333333,17.13458333333334],[106.23041666666666,17.101250000000004],[106.23708333333333,17.073750000000004],[106.20208333333333,17.071250000000003],[106.21958333333333,17.04291666666667],[106.32041666666666,17.024583333333336],[106.34125,17.012083333333337],[106.35374999999999,16.96541666666667],[106.39458333333333,16.963750000000005],[106.40958333333333,16.98541666666667],[106.45375,16.962916666666672],[106.46291666666667,16.989583333333336],[106.51625,16.971250000000005],[106.54958333333333,16.998750000000005],[106.59291666666667,16.987083333333338],[106.58624999999999,16.973750000000003],[106.60624999999999,16.93958333333334],[106.66125,16.937083333333337],[106.69375,16.95541666666667],[106.69791666666666,16.928750000000004],[106.68125,16.908750000000005],[106.69291666666666,16.883750000000003],[106.62541666666667,16.862083333333338],[106.63875,16.852083333333336],[106.60875,16.81458333333334],[106.61958333333334,16.79541666666667],[106.60791666666667,16.741250000000004],[106.63708333333332,16.734583333333337],[106.66291666666666,16.686250000000005],[106.75958333333332,16.626250000000002],[106.77625,16.589583333333337],[106.77041666666666,16.558750000000003],[106.82291666666666,16.558750000000003],[106.88624999999999,16.522083333333338],[106.87625,16.471250000000005],[106.88875,16.449583333333337],[106.87125,16.429583333333337],[106.92791666666666,16.358750000000004],[106.96291666666667,16.358750000000004],[106.96958333333333,16.303750000000004],[107.00625,16.313750000000002],[107.04708333333333,16.297083333333337],[107.09041666666667,16.309583333333336],[107.08458333333333,16.351250000000004],[107.10125,16.391250000000003],[107.22041666666667,16.36291666666667],[107.21124999999999,16.331250000000004],[107.25208333333333,16.30041666666667],[107.25791666666666,16.253750000000004],[107.27541666666667,16.251250000000002],[107.35041666666666,16.164583333333336],[107.37958333333333,16.071250000000003],[107.39125,16.059583333333336],[107.40708333333333,16.082083333333337],[107.44708333333332,16.089583333333337],[107.45958333333333,16.07791666666667],[107.44708333333332,16.038750000000004],[107.46541666666667,16.01708333333334],[107.40625,15.901250000000005],[107.38541666666666,15.887083333333337],[107.37291666666667,15.898750000000003],[107.32791666666667,15.89041666666667],[107.30958333333334,15.866250000000004],[107.23291666666667,15.843750000000004],[107.21541666666667,15.823750000000004],[107.22874999999999,15.802916666666672],[107.21208333333333,15.73041666666667],[107.27708333333334,15.707083333333337],[107.26458333333333,15.662916666666671],[107.27541666666667,15.634583333333339],[107.28791666666666,15.62541666666667],[107.31625,15.638750000000005],[107.35208333333333,15.609583333333337],[107.34875,15.577083333333338],[107.39208333333333,15.52041666666667],[107.39041666666667,15.49541666666667],[107.47375,15.496250000000003],[107.49708333333334,15.477083333333336],[107.51791666666666,15.48791666666667],[107.52708333333334,15.43791666666667],[107.51541666666667,15.411250000000003],[107.55958333333334,15.396250000000006],[107.61458333333333,15.401250000000005],[107.59708333333333,15.384583333333339],[107.60958333333333,15.33541666666667],[107.68625,15.282916666666672],[107.68791666666667,15.234583333333337],[107.71375,15.203750000000003],[107.77458333333333,15.223750000000003],[107.76208333333332,15.167083333333338],[107.78875,15.112083333333338],[107.79458333333334,15.037083333333339],[107.86791666666666,15.033750000000005],[107.87791666666666,15.05541666666667],[107.90708333333333,15.00041666666667],[107.92958333333333,14.999583333333337],[107.95791666666666,15.037083333333339],[107.99041666666666,14.998750000000005],[108.01958333333333,15.002083333333339],[108.05541666666666,14.981250000000003],[108.06291666666667,14.967916666666671],[108.04708333333333,14.943750000000005],[108.08875,14.90291666666667],[108.17041666666667,14.981250000000003],[108.19375,14.969583333333336],[108.20125,14.948750000000004],[108.17958333333333,14.909583333333337],[108.19291666666666,14.89958333333334],[108.19208333333333,14.85541666666667],[108.22874999999999,14.844583333333336],[108.23791666666666,14.803750000000004],[108.25791666666666,14.796250000000004],[108.28375,14.818750000000005],[108.29958333333333,14.808750000000003],[108.28375,14.727083333333336],[108.25708333333333,14.718750000000004],[108.24958333333333,14.682083333333338],[108.26041666666666,14.669583333333339],[108.36625,14.679583333333337],[108.38041666666666,14.668750000000003],[108.38125,14.611250000000005],[108.39458333333333,14.600416666666671],[108.37458333333333,14.599583333333339],[108.35708333333334,14.568750000000005],[108.39458333333333,14.534583333333337],[108.36791666666666,14.502916666666671],[108.38041666666666,14.491250000000004],[108.35291666666666,14.42541666666667],[108.37041666666667,14.40291666666667],[108.36125,14.376250000000006],[108.38208333333333,14.351250000000004],[108.37708333333333,14.336250000000003],[108.39708333333333,14.321250000000003],[108.39041666666667,14.303750000000004],[108.33708333333333,14.243750000000006],[108.26875,14.23041666666667],[108.26791666666666,14.167083333333338],[108.25375,14.15291666666667],[108.26458333333333,14.118750000000006],[108.22125,14.11791666666667],[108.16874999999999,14.02791666666667],[108.12125,13.999583333333337],[108.13708333333332,13.949583333333337],[108.09291666666667,13.93458333333334],[108.06708333333333,13.89791666666667],[108.01541666666667,13.887916666666673],[107.99375,13.83541666666667],[107.99958333333333,13.794583333333339],[108.05791666666667,13.736250000000005],[108.10875,13.639583333333338],[108.10708333333334,13.59041666666667],[108.09208333333333,13.573750000000004],[108.10374999999999,13.488750000000003],[108.13708333333332,13.499583333333337],[108.16291666666666,13.452083333333338],[108.18541666666667,13.46208333333334],[108.22458333333333,13.423750000000005],[108.22458333333333,13.391250000000003],[108.20875,13.386250000000004],[108.22708333333333,13.321250000000006],[108.21375,13.304583333333337],[108.26458333333333,13.231250000000006],[108.26541666666667,13.16041666666667],[108.29791666666667,13.14958333333334],[108.31208333333333,13.11291666666667],[108.32958333333333,13.116250000000004],[108.30458333333333,13.016250000000003],[108.32458333333332,12.998750000000005],[108.30291666666666,12.946250000000006],[108.31291666666667,12.909583333333337],[108.34208333333333,12.88291666666667],[108.42291666666667,12.856250000000006],[108.49541666666667,12.762083333333337],[108.53125,12.751250000000006],[108.67541666666666,12.767916666666672],[108.69125,12.727083333333336],[108.74458333333334,12.708750000000006],[108.76625,12.67541666666667],[108.76791666666666,12.613750000000003],[108.74708333333334,12.593750000000004],[108.74791666666667,12.479583333333338],[108.69874999999999,12.475416666666671],[108.70291666666667,12.462916666666672],[108.66791666666666,12.427916666666672],[108.68875,12.37541666666667],[108.68041666666666,12.31708333333334],[108.70708333333333,12.299583333333338],[108.69958333333332,12.244583333333338],[108.71791666666667,12.21208333333334],[108.61708333333333,12.191250000000004],[108.61541666666666,12.161250000000006],[108.59125,12.150416666666672],[108.52875,12.163750000000004],[108.45875,12.107083333333339],[108.43291666666667,12.128750000000004],[108.40791666666667,12.124583333333337],[108.38875,12.102916666666673],[108.34291666666667,12.106250000000006],[108.30541666666666,12.067916666666672],[108.28125,12.07041666666667],[108.20125,11.994583333333338],[108.17708333333333,11.946250000000006],[108.17875,11.90708333333334],[108.15458333333333,11.880416666666672],[108.13208333333333,11.878750000000004],[108.12875,11.83541666666667],[108.08041666666666,11.796250000000004],[108.04958333333333,11.857083333333339],[108.01958333333333,11.873750000000005],[108.02791666666667,11.907916666666672],[108.00708333333333,11.938750000000006],[107.98375,11.89208333333334],[107.96375,11.893750000000004],[107.94958333333332,11.874583333333337],[107.90791666666667,11.888750000000005],[107.91291666666666,11.902916666666673],[107.89208333333333,11.91458333333334],[107.85125,11.886250000000004],[107.82541666666665,11.893750000000004],[107.83541666666666,11.91791666666667],[107.82458333333332,11.927916666666672],[107.84958333333333,11.953750000000007],[107.79791666666667,11.976250000000004],[107.80541666666666,12.027916666666673],[107.77791666666667,12.06291666666667],[107.79875,12.122916666666672],[107.77541666666667,12.152916666666673],[107.73958333333333,12.147083333333338],[107.72625,12.217083333333338],[107.69541666666666,12.255416666666672],[107.62125,12.232916666666672],[107.59458333333333,12.303750000000004],[107.54958333333333,12.33708333333334],[107.45208333333333,12.29291666666667],[107.44375,12.271250000000006],[107.45625,12.262916666666673],[107.41708333333332,12.23791666666667],[107.34625,12.343750000000004],[107.32791666666667,12.340416666666673],[107.31375,12.362083333333338],[107.25375,12.349583333333339],[107.23541666666667,12.367083333333337],[107.20375,12.319583333333338],[107.15375,12.330416666666672],[107.11625,12.313750000000006],[107.08708333333333,12.224583333333339],[106.99708333333334,12.144583333333337],[106.95875,12.053750000000004],[106.90791666666667,12.02291666666667],[106.83875,12.038750000000004],[106.83375,11.947083333333339],[106.80541666666666,11.93791666666667],[106.80791666666667,11.91791666666667],[106.79374999999999,11.93458333333334],[106.77374999999999,11.922083333333337],[106.74875,11.941250000000004],[106.69874999999999,11.91041666666667],[106.70208333333333,11.883750000000006],[106.68875,11.876250000000006],[106.62708333333333,11.880416666666672],[106.55958333333334,11.918750000000006],[106.57124999999999,11.940416666666671],[106.53875,11.957916666666673],[106.51208333333332,11.935416666666672],[106.47291666666666,11.94208333333334],[106.42791666666666,11.878750000000004],[106.36875,11.843750000000004],[106.34541666666667,11.847083333333337],[106.30041666666666,11.802916666666672],[106.28041666666667,11.818750000000005],[106.25625,11.793750000000006],[106.22375,11.79291666666667],[106.13208333333333,11.831250000000004],[106.13125,11.85541666666667],[106.11291666666666,11.86458333333334],[106.07458333333332,11.86291666666667],[106.07041666666666,11.885416666666671],[106.03625,11.912916666666671],[106.00125,11.916250000000005],[105.98291666666667,11.95458333333334],[105.85374999999999,11.947083333333339],[105.80125,11.917083333333338],[105.77958333333333,11.936250000000005],[105.75958333333332,11.90708333333334],[105.69791666666666,11.931250000000006],[105.68958333333333,11.958750000000006],[105.63458333333332,11.99541666666667],[105.58125,11.916250000000005],[105.55791666666667,11.919583333333339],[105.52458333333333,11.814583333333339],[105.44708333333332,11.792083333333338],[105.47375,11.69541666666667],[105.44708333333332,11.699583333333337],[105.42625,11.68291666666667],[105.42958333333333,11.634583333333339],[105.40875,11.62958333333334],[105.44874999999999,11.62041666666667],[105.47125,11.58541666666667],[105.51625,11.560416666666672],[105.56041666666667,11.568750000000005],[105.54458333333334,11.532916666666672],[105.55541666666666,11.490416666666672],[105.53208333333333,11.482083333333339],[105.54041666666666,11.456250000000004],[105.50958333333332,11.447916666666671],[105.48125,11.407916666666672],[105.50208333333333,11.359583333333337],[105.52875,11.351250000000004],[105.54375,11.280416666666671],[105.57875,11.277916666666673],[105.55875,11.257083333333338],[105.53708333333333,11.260416666666671],[105.53625,11.24541666666667],[105.51458333333333,11.26208333333334],[105.52625,11.223750000000006],[105.54791666666667,11.216250000000006],[105.56708333333333,11.180416666666673],[105.57041666666666,11.111250000000005],[105.54625,11.072916666666671],[105.55458333333333,11.043750000000006],[105.54291666666666,11.032916666666672],[105.45375,11.053750000000004],[105.45458333333333,11.099583333333339],[105.43541666666667,11.091250000000006],[105.39791666666666,11.126250000000006],[105.38291666666666,11.107916666666672],[105.39541666666666,11.060416666666672],[105.37458333333333,11.054583333333337],[105.35541666666666,11.069583333333338],[105.33375,11.041250000000005],[105.35291666666666,11.027083333333337],[105.34958333333333,10.998750000000005],[105.29208333333332,10.976250000000004],[105.32041666666666,10.87958333333334],[105.35374999999999,10.83541666666667],[105.34041666666667,10.810416666666672],[105.35458333333332,10.802916666666672],[105.34208333333333,10.80041666666667],[105.38041666666666,10.701250000000005],[105.35208333333333,10.67541666666667],[105.35125,10.624583333333337],[105.41208333333333,10.584583333333338],[105.42041666666667,10.547916666666673],[105.48208333333334,10.52458333333334],[105.54791666666667,10.43458333333334],[105.54541666666667,10.413750000000004],[105.55458333333333,10.428750000000004],[105.59125,10.398750000000007],[105.64874999999999,10.407916666666672],[105.70208333333333,10.38708333333334],[105.67791666666666,10.36458333333334],[105.67208333333333,10.319583333333338],[105.68625,10.30791666666667],[105.61958333333334,10.227916666666673],[105.63541666666666,10.190416666666671],[105.71708333333333,10.132916666666674],[105.73958333333333,10.134583333333339],[105.74791666666667,10.117083333333337],[105.77625,10.162083333333339],[105.76458333333333,10.104583333333338],[105.78458333333333,10.07458333333334],[105.82374999999999,10.069583333333338],[105.83041666666666,10.098750000000006],[105.86791666666666,10.08541666666667],[105.85541666666666,10.077083333333338],[105.86625,10.046250000000004],[105.90125,10.023750000000007],[105.89958333333333,10.052916666666672],[105.99208333333333,10.058750000000007],[105.98958333333333,10.018750000000004],[106.01958333333333,10.00458333333334],[106.01541666666667,9.987083333333338],[106.05458333333333,9.937083333333337],[106.07708333333333,9.933750000000007],[106.07208333333332,9.916250000000005],[106.04791666666667,9.91791666666667],[106.04625,9.896250000000006],[106.11208333333333,9.881250000000005],[106.14125,9.91791666666667],[106.18625,9.836250000000007],[106.21124999999999,9.843750000000004],[106.22541666666666,9.822916666666671],[106.27041666666666,9.80958333333334],[106.20458333333333,9.793750000000006],[106.20291666666667,9.752916666666671],[106.16291666666666,9.713750000000005],[106.28208333333333,9.705416666666672],[106.27208333333333,9.674583333333338],[106.34458333333333,9.700416666666673],[106.37291666666667,9.667083333333338],[106.36375,9.653750000000006],[106.42625,9.662916666666671],[106.40541666666667,9.64791666666667],[106.41958333333334,9.601250000000004],[106.35374999999999,9.60958333333334],[106.35374999999999,9.592083333333338],[106.33375,9.583750000000006],[106.31291666666667,9.60958333333334],[106.28875,9.608750000000004],[106.25625,9.571250000000006],[106.19208333333333,9.61291666666667],[106.18458333333334,9.639583333333338],[106.12791666666666,9.686250000000005],[106.13541666666666,9.703750000000007],[106.12041666666667,9.715416666666673],[106.10541666666666,9.705416666666672],[106.12041666666667,9.682083333333338],[106.09958333333333,9.66458333333334],[106.11291666666666,9.622916666666672],[106.13875,9.603750000000005],[106.13291666666666,9.549583333333338],[106.12125,9.523750000000007],[106.09791666666666,9.527083333333337],[106.09208333333333,9.500416666666673],[106.01124999999999,9.547916666666673],[105.99208333333333,9.545416666666672],[105.97291666666666,9.57958333333334],[105.98041666666666,9.598750000000006],[105.95208333333333,9.627916666666671],[105.88624999999999,9.617083333333337],[105.86291666666666,9.631250000000005],[105.86625,9.662916666666671],[105.83875,9.65708333333334],[105.83541666666666,9.687083333333337],[105.77958333333333,9.716250000000006],[105.73458333333333,9.685416666666672],[105.73375,9.69958333333334],[105.69375,9.69208333333334],[105.68708333333333,9.713750000000005],[105.67125,9.714583333333337],[105.68541666666667,9.753750000000004],[105.61791666666666,9.728750000000005],[105.60374999999999,9.766250000000007],[105.57374999999999,9.732916666666672],[105.56791666666666,9.681250000000006],[105.53625,9.752916666666671],[105.42875,9.790416666666673],[105.41541666666666,9.819583333333338],[105.39375,9.812083333333337],[105.40625,9.837916666666672],[105.36041666666667,9.857916666666672],[105.35374999999999,9.881250000000005],[105.37875,9.96041666666667],[105.34791666666666,9.947916666666671],[105.32374999999999,9.909583333333337],[105.24374999999999,9.847916666666674],[105.22125,9.850416666666671],[105.20625,9.872916666666672],[105.17791666666666,9.87208333333334],[105.16208333333333,9.902083333333337],[105.13541666666666,9.889583333333338],[105.15125,9.913750000000004],[105.11958333333334,9.922916666666673],[105.11625,9.943750000000005],[105.15375,9.982916666666672],[105.11625,9.97708333333334],[105.11375,9.998750000000005],[105.20625,10.107083333333339],[105.16624999999999,10.131250000000005],[105.14958333333333,10.10958333333334],[105.12125,10.127916666666671],[105.11458333333333,10.107083333333339],[105.06541666666666,10.108750000000004],[105.03791666666666,10.127083333333339],[105.03458333333333,10.10541666666667],[105.01791666666666,10.157916666666672],[104.98458333333333,10.14958333333334],[104.99791666666667,10.134583333333339],[104.94708333333332,10.138750000000005],[104.95625,10.16458333333334],[104.87791666666666,10.216250000000006],[104.93541666666667,10.292083333333338],[104.90125,10.304583333333337],[104.90958333333333,10.377916666666671],[104.97375,10.386250000000004],[104.96875,10.402916666666673],[105.00541666666666,10.438750000000006],[104.99625,10.490416666666672],[104.93708333333333,10.479583333333338],[104.89208333333333,10.443750000000005],[104.87125,10.463750000000005],[104.85708333333334,10.443750000000005],[104.81125,10.436250000000005],[104.75708333333333,10.466250000000006],[104.74958333333333,10.44541666666667],[104.72958333333332,10.450416666666673],[104.71791666666667,10.416250000000005],[104.69041666666666,10.467083333333338],[104.67708333333333,10.467083333333338],[104.69541666666666,10.477916666666673],[104.70375,10.517916666666672],[104.71541666666667,10.516250000000007],[104.69958333333334,10.55208333333334],[104.72125,10.552916666666672],[104.72291666666666,10.589583333333337],[104.74708333333334,10.587916666666672],[104.74041666666666,10.603750000000005],[104.75708333333333,10.61458333333334],[104.76208333333334,10.64041666666667],[104.73291666666667,10.658750000000005],[104.74708333333334,10.690416666666671],[104.72791666666666,10.69541666666667],[104.74958333333333,10.752083333333339],[104.79458333333334,10.753750000000004],[104.77791666666667,10.798750000000005],[104.75125,10.80208333333334],[104.79041666666666,10.840416666666673],[104.79791666666667,10.88708333333334],[104.75874999999999,10.888750000000005],[104.76124999999999,10.92541666666667],[104.69125,10.968750000000004],[104.67458333333333,11.029583333333338],[104.58708333333333,11.061250000000005],[104.54875,11.043750000000006],[104.53458333333333,11.05791666666667],[104.52374999999999,11.01208333333334],[104.49875,11.030416666666671],[104.48791666666666,11.000416666666673],[104.41125,11.003750000000004],[104.39208333333333,10.978750000000005],[104.36291666666666,11.008750000000006],[104.33875,10.968750000000004],[104.31208333333333,10.981250000000006],[104.29791666666667,11.028750000000006],[104.30875,11.05041666666667],[104.27708333333334,11.102916666666673],[104.24625,11.11458333333334],[104.23625,11.148750000000007],[104.21791666666667,11.16041666666667],[104.16791666666667,11.148750000000007],[104.13958333333333,11.173750000000005],[104.09375,11.172916666666673],[104.10958333333333,11.222083333333337],[104.07374999999999,11.23958333333334],[104.05291666666666,11.273750000000003],[104.06541666666666,11.376250000000006],[104.04875,11.386250000000004],[104.01958333333333,11.374583333333337],[104.00874999999999,11.325416666666673],[103.97541666666666,11.336250000000003],[103.97291666666666,11.357083333333339],[103.95208333333333,11.35541666666667],[103.93708333333333,11.394583333333337],[103.94874999999999,11.406250000000004],[103.93875,11.512083333333337],[103.92291666666667,11.538750000000004],[103.94624999999999,11.560416666666672],[103.94125,11.581250000000004],[103.89291666666666,11.604583333333338],[103.84541666666667,11.590416666666673],[103.79291666666667,11.625416666666673],[103.80291666666666,11.674583333333338],[103.77374999999999,11.711250000000003],[103.78375,11.749583333333337],[103.77374999999999,11.769583333333337],[103.80125,11.80958333333334],[103.83708333333333,11.798750000000005],[103.86874999999999,11.826250000000005],[103.80041666666666,11.923750000000005],[103.74125,11.940416666666671],[103.71124999999999,11.929583333333337],[103.69791666666666,11.96041666666667],[103.63791666666667,11.984583333333337],[103.63208333333333,12.013750000000005],[103.55125,12.067916666666672],[103.53708333333333,12.096250000000005],[103.49125,12.097083333333337],[103.47541666666666,12.117083333333337],[103.43375,12.08708333333334],[103.40375,12.103750000000005],[103.36125,12.167083333333338],[103.36208333333333,12.209583333333338],[103.32708333333333,12.244583333333338],[103.31041666666667,12.227083333333336],[103.27958333333333,12.24541666666667],[103.25291666666666,12.231250000000006],[103.23791666666666,12.257083333333338],[103.23041666666667,12.225416666666671],[103.20125,12.232083333333339],[103.18625,12.20291666666667],[103.14125,12.17708333333334],[103.15958333333333,12.136250000000004],[103.12958333333333,12.141250000000007],[103.13208333333333,12.12208333333334],[103.11291666666666,12.106250000000006],[103.02125,12.171250000000004],[102.96708333333333,12.139583333333338],[102.93458333333334,12.151250000000005],[102.89874999999999,12.217916666666671],[102.84625,12.258750000000006],[102.86875,12.291250000000005],[102.85041666666666,12.311250000000005],[102.86041666666667,12.339583333333337],[102.79375,12.365416666666672],[102.78291666666667,12.43458333333334],[102.73708333333333,12.467083333333338],[102.73458333333333,12.48958333333334],[102.72041666666667,12.485416666666673],[102.72874999999999,12.511250000000004],[102.70458333333333,12.512083333333337],[102.67791666666666,12.539583333333336],[102.68541666666667,12.548750000000005],[102.64458333333333,12.58541666666667],[102.64208333333333,12.611250000000005],[102.61791666666666,12.615416666666672],[102.58041666666666,12.653750000000006],[102.53291666666667,12.65291666666667],[102.50958333333332,12.670416666666672],[102.49291666666666,12.758750000000006],[102.42458333333333,12.75791666666667],[102.41208333333333,12.77291666666667],[102.37791666666666,12.761250000000004],[102.36541666666666,12.805416666666673],[102.32208333333332,12.807083333333338],[102.28208333333333,12.842916666666671],[102.27958333333333,12.868750000000006],[102.25458333333333,12.868750000000006],[102.24958333333333,12.89958333333334],[102.19041666666666,12.942916666666672],[102.17375,12.974583333333339],[102.18625,12.996250000000003],[102.16458333333333,13.037083333333339],[102.21124999999999,13.060416666666672],[102.20208333333333,13.073750000000004],[102.21958333333333,13.108750000000004],[102.28958333333333,13.117916666666673],[102.26875,13.172916666666673],[102.30708333333334,13.207916666666673],[102.29291666666667,13.24541666666667],[102.34458333333333,13.303750000000004],[102.31541666666666,13.365416666666672],[102.34791666666666,13.420416666666672],[102.34375,13.442916666666672],[102.30791666666667,13.477916666666673],[102.28875,13.580416666666672],[102.25458333333333,13.592916666666671],[102.24458333333334,13.643750000000004],[102.21708333333333,13.655416666666671],[102.21708333333333,13.683750000000003],[102.24625,13.692083333333336],[102.27958333333333,13.743750000000006],[102.25874999999999,13.777083333333337],[102.27541666666667,13.815416666666671],[102.26125,13.822083333333339],[102.26708333333333,13.838750000000005],[102.33541666666666,13.842083333333338],[102.34875,13.878750000000004],[102.41041666666666,13.894583333333337],[102.43458333333334,13.92708333333334],[102.47125,13.942916666666672],[102.50208333333333,14.012916666666673],[102.54875,14.02041666666667],[102.54291666666667,14.044583333333339],[102.52958333333333,14.031250000000004],[102.50375,14.043750000000003],[102.47625,14.034583333333337],[102.44791666666666,14.052916666666672],[102.43041666666666,14.093750000000004],[102.46791666666667,14.135416666666671],[102.41958333333334,14.16041666666667],[102.38625,14.14208333333334],[102.36375,14.162916666666671],[102.33375,14.121250000000003],[102.27208333333333,14.128750000000004],[102.26875,14.147083333333338],[102.21625,14.14541666666667],[102.19041666666666,14.196250000000003],[102.16624999999999,14.17541666666667],[102.16125,14.139583333333338],[102.07208333333332,14.163750000000004],[101.94375,14.247916666666672],[101.94958333333334,14.272083333333338],[101.93458333333334,14.271250000000006],[101.92958333333333,14.290416666666673],[101.97458333333333,14.351250000000004],[101.95458333333333,14.376250000000006],[101.90958333333333,14.353750000000005],[101.89375,14.405416666666671],[101.82291666666666,14.350416666666671],[101.78791666666666,14.359583333333337],[101.76041666666666,14.342916666666671],[101.73958333333333,14.30791666666667],[101.60541666666667,14.436250000000005],[101.54625,14.436250000000005],[101.53875,14.422916666666673],[101.48791666666666,14.46208333333334],[101.45875,14.457083333333337],[101.43625,14.44541666666667],[101.44708333333332,14.421250000000004],[101.41708333333334,14.379583333333336],[101.37958333333333,14.394583333333337],[101.38125,14.421250000000004],[101.35541666666667,14.442083333333336],[101.30708333333334,14.435416666666672],[101.28291666666667,14.472083333333337],[101.27458333333334,14.539583333333336],[101.30375,14.548750000000005],[101.32041666666666,14.57791666666667],[101.35625,14.58291666666667],[101.35374999999999,14.608750000000004],[101.36875,14.611250000000005],[101.33458333333333,14.698750000000004],[101.35708333333334,14.76708333333334],[101.40041666666667,14.796250000000004],[101.47458333333333,14.806250000000006],[101.49375,14.841250000000006],[101.45958333333333,14.89208333333334],[101.43708333333333,14.982916666666672],[101.49541666666667,15.01541666666667],[101.48541666666667,15.034583333333337],[101.50625,15.057083333333338],[101.43291666666667,15.080416666666672],[101.47458333333333,15.131250000000005],[101.42791666666666,15.21041666666667],[101.45208333333333,15.252916666666671],[101.44791666666666,15.29791666666667],[101.46458333333334,15.345416666666672],[101.43208333333334,15.372083333333336],[101.44291666666666,15.384583333333339],[101.42958333333333,15.433750000000003],[101.41541666666666,15.442916666666672],[101.39791666666666,15.431250000000006],[101.41541666666666,15.484583333333337],[101.38541666666666,15.488750000000003],[101.37458333333333,15.525416666666672],[101.37125,15.59041666666667],[101.40375,15.733750000000004],[101.33624999999999,15.752916666666671],[101.33291666666666,15.778750000000006],[101.31458333333333,15.787916666666671],[101.33041666666666,15.801250000000003],[101.33208333333333,15.881250000000005],[101.37458333333333,15.918750000000003],[101.36125,15.92541666666667],[101.39625,16.02041666666667],[101.38541666666666,16.063750000000002],[101.39708333333333,16.07541666666667],[101.41291666666666,16.063750000000002],[101.41875,16.07791666666667],[101.37708333333333,16.133750000000003],[101.34708333333333,16.136250000000004],[101.34958333333333,16.164583333333336],[101.29208333333334,16.188750000000002],[101.33875,16.23791666666667],[101.34208333333333,16.262083333333337],[101.36958333333334,16.274583333333336],[101.38125,16.359583333333337],[101.40791666666667,16.379583333333336],[101.39958333333334,16.400416666666672],[101.42375,16.42291666666667],[101.40875,16.53541666666667],[101.39458333333333,16.541250000000005],[101.42041666666667,16.581250000000004],[101.40625,16.603750000000005],[101.43958333333333,16.65291666666667],[101.46375,16.64541666666667],[101.48291666666667,16.674583333333338],[101.51375,16.681250000000006],[101.52458333333334,16.73791666666667],[101.55875,16.74541666666667],[101.56041666666667,16.775416666666672],[101.53291666666667,16.77791666666667],[101.50791666666666,16.844583333333336],[101.51375,16.897083333333338],[101.55291666666666,16.896250000000006],[101.55208333333333,16.93208333333334],[101.52875,16.951250000000005],[101.52208333333333,16.990416666666672],[101.49125,17.012083333333337],[101.51125,17.04541666666667],[101.45958333333333,17.09791666666667],[101.45458333333333,17.185416666666672],[101.42291666666667,17.198750000000004],[101.40041666666667,17.277083333333337],[101.39125,17.251250000000002],[101.36541666666666,17.272083333333338],[101.36208333333333,17.256250000000005],[101.34291666666667,17.262083333333337],[101.29958333333333,17.226250000000004],[101.25125,17.269583333333337],[101.20291666666667,17.221250000000005],[101.18958333333333,17.238750000000003],[101.14458333333333,17.22458333333334],[101.13125,17.203750000000003],[101.15125,17.129583333333336],[101.12875,16.929583333333337],[101.09458333333333,16.89291666666667],[101.06958333333333,16.906250000000004],[101.06375,16.93041666666667],[101.03375,16.931250000000006],[101.02875,16.94541666666667],[101.05208333333333,16.95791666666667],[101.03041666666667,17.008750000000003],[101.05791666666667,17.03041666666667],[101.05208333333333,17.077083333333338],[101.06375,17.11291666666667],[101.08458333333333,17.122083333333336],[101.07791666666667,17.16541666666667],[101.11375,17.192083333333336],[101.10875,17.23291666666667],[101.08208333333333,17.278750000000002],[101.04208333333334,17.288750000000004],[101.00708333333333,17.334583333333338],[100.91458333333333,17.34041666666667],[100.91624999999999,17.45041666666667],[100.89375,17.464583333333337],[100.85458333333334,17.451250000000005],[100.83291666666666,17.481250000000003],[100.87208333333334,17.528750000000002],[100.86041666666667,17.544583333333335],[100.87208333333334,17.576250000000005],[100.95958333333333,17.65541666666667],[100.96208333333334,17.677916666666672],[101.00458333333333,17.70291666666667],[101.00708333333333,17.731250000000003],[100.97791666666666,17.76291666666667],[101.00625,17.78291666666667],[100.99291666666666,17.802916666666672],[101.00041666666667,17.82291666666667],[101.03291666666667,17.82791666666667],[101.01875,17.892083333333336],[101.11875,17.94541666666667],[101.12125,17.999583333333337],[101.18375,18.06458333333334],[101.16125,18.124583333333337],[101.19208333333333,18.213750000000005],[101.16624999999999,18.21708333333334],[101.14291666666666,18.258750000000003],[101.16291666666666,18.27791666666667],[101.14958333333334,18.298750000000005],[101.18125,18.341250000000002],[101.14625,18.343750000000004],[101.13875,18.36291666666667],[101.08291666666666,18.381250000000005],[101.05291666666666,18.442083333333336],[101.09291666666667,18.478750000000005],[101.10291666666666,18.521250000000002],[101.18291666666667,18.56041666666667],[101.18125,18.612083333333338],[101.22541666666666,18.623750000000005],[101.27208333333333,18.68791666666667],[101.22291666666666,18.731250000000003],[101.25208333333333,18.771250000000002],[101.25791666666666,18.808750000000003],[101.24208333333333,18.82041666666667],[101.25458333333333,18.847083333333337],[101.24625,18.891250000000003],[101.29375,18.937083333333337],[101.29291666666667,18.982083333333335],[101.30958333333334,19.00291666666667],[101.33624999999999,19.004583333333336],[101.35625,19.049583333333338],[101.25541666666666,19.12708333333334],[101.24541666666667,19.181250000000006],[101.25958333333332,19.231250000000003],[101.22708333333333,19.306250000000006],[101.24208333333333,19.32625],[101.22874999999999,19.347083333333337],[101.20458333333333,19.349583333333335],[101.18625,19.397083333333335],[101.21458333333334,19.43208333333334],[101.21208333333334,19.475416666666668],[101.26625,19.471250000000005],[101.28791666666666,19.569583333333338],[101.24375,19.603750000000005],[101.20625,19.60541666666667],[101.19791666666666,19.577083333333334],[101.16875,19.586250000000003],[101.12125,19.57291666666667],[101.03541666666666,19.628750000000004],[100.91624999999999,19.622083333333336],[100.89291666666666,19.63458333333334],[100.85958333333333,19.57291666666667],[100.77125,19.487083333333338],[100.75791666666666,19.512083333333337],[100.67375,19.549583333333338],[100.60958333333333,19.549583333333338],[100.60291666666666,19.479583333333338],[100.57041666666666,19.463750000000005],[100.56458333333333,19.43541666666667],[100.54041666666666,19.416250000000005],[100.44875,19.39291666666667],[100.39375,19.397083333333335],[100.38041666666666,19.37791666666667],[100.35791666666667,19.39291666666667],[100.34791666666666,19.357916666666668],[100.31708333333333,19.36625],[100.30458333333333,19.34041666666667],[100.28041666666667,19.332083333333337],[100.23708333333333,19.348750000000003],[100.23041666666667,19.324583333333337],[100.26458333333333,19.262083333333337],[100.22458333333333,19.26541666666667],[100.21291666666667,19.227083333333336],[100.19041666666666,19.231250000000003],[100.14625,19.20541666666667],[100.12708333333333,19.15541666666667],[100.11375,19.15541666666667],[100.10541666666667,19.074583333333337],[100.12458333333333,19.05541666666667],[100.10541666666667,19.014583333333334],[100.12708333333333,18.972083333333337],[100.11875,18.93208333333334],[100.05708333333334,18.929583333333337],[100.05208333333333,18.90458333333334],[100.01625,18.89541666666667],[99.95625,18.93291666666667],[99.92708333333333,18.98041666666667],[99.83875,19.00041666666667],[99.81958333333333,19.06041666666667],[99.77374999999999,19.063750000000006],[99.75874999999999,19.133750000000003],[99.72625,19.170416666666668],[99.70375,19.243750000000006],[99.70791666666666,19.341250000000002],[99.69125,19.359583333333337],[99.68208333333334,19.45791666666667],[99.65125,19.463750000000005],[99.64208333333333,19.50958333333334],[99.62041666666667,19.51791666666667],[99.58458333333333,19.477916666666673],[99.56291666666667,19.414583333333336],[99.58125,19.353750000000005],[99.57875,19.295416666666668],[99.54791666666667,19.25208333333334],[99.53625,19.18625],[99.55958333333334,19.13291666666667],[99.53041666666667,19.077083333333334],[99.49375,19.078750000000003],[99.43625,19.00791666666667],[99.40125,19.00041666666667],[99.38374999999999,19.06291666666667],[99.34375,19.08708333333334],[99.30458333333333,19.179583333333337],[99.30958333333334,19.224583333333335],[99.34208333333333,19.266250000000003],[99.31541666666666,19.348750000000003],[99.33291666666666,19.361250000000005],[99.32958333333333,19.400416666666672],[99.30875,19.42875],[99.30791666666667,19.48791666666667],[99.29458333333334,19.49291666666667],[99.31125,19.528750000000002],[99.26791666666666,19.569583333333338],[99.21375,19.523750000000003],[99.17458333333333,19.549583333333338],[99.17791666666666,19.574583333333337],[99.15791666666667,19.58291666666667],[99.13374999999999,19.57041666666667],[99.02208333333333,19.724583333333335],[99.05541666666667,19.86958333333334],[99.03208333333333,19.97291666666667],[99.05458333333333,20.00291666666667],[99.04458333333334,20.040416666666673],[99.07791666666667,20.102083333333336],[99.13374999999999,20.101250000000004],[99.13291666666666,20.118750000000006],[99.16041666666666,20.132083333333334],[99.17041666666667,20.15291666666667],[99.16041666666666,20.19041666666667],[99.19208333333333,20.214583333333337],[99.18708333333333,20.24041666666667],[99.21791666666667,20.246250000000003],[99.23875,20.271250000000002],[99.24625,20.31875],[99.20875,20.342916666666667],[99.10541666666667,20.319583333333334],[99.07375,20.37041666666667],[99.09125,20.403750000000002],[99.05791666666667,20.424583333333338],[99.05208333333333,20.45041666666667],[99.12958333333333,20.49541666666667],[99.14208333333333,20.514583333333334],[99.12791666666666,20.532916666666672],[99.15875,20.548750000000005],[99.15958333333333,20.596250000000005],[99.14125,20.63125],[99.16958333333334,20.667083333333338],[99.16291666666666,20.691250000000004],[99.17625,20.708750000000002],[99.26875,20.70791666666667],[99.28291666666667,20.764583333333334],[99.32708333333333,20.784583333333337],[99.36041666666667,20.86291666666667],[99.33208333333333,20.887083333333337],[99.40875,20.90291666666667],[99.43791666666667,21.01375],[99.55291666666666,20.986250000000005],[99.60958333333333,21.019583333333337],[99.58125,21.10291666666667],[99.54625,21.10291666666667],[99.51291666666667,21.124583333333337],[99.51458333333333,21.18541666666667],[99.42541666666666,21.258750000000003],[99.42125,21.291250000000005],[99.44958333333334,21.36958333333334],[99.48291666666667,21.401250000000005],[99.48875,21.448750000000004],[99.46958333333333,21.49291666666667],[99.43791666666667,21.50041666666667],[99.43458333333334,21.547083333333337],[99.33541666666666,21.622083333333336],[99.33791666666667,21.646250000000002],[99.30125,21.709583333333335],[99.24708333333334,21.70291666666667],[99.22541666666666,21.73041666666667],[99.23458333333333,21.758750000000003],[99.22125,21.782916666666672],[99.24041666666666,21.80708333333334],[99.24125,21.843750000000004],[99.29124999999999,21.862083333333338],[99.26875,21.909583333333337],[99.29458333333334,21.94375],[99.25125,22.019583333333337],[99.26541666666667,22.037916666666668],[99.33708333333334,22.05708333333334],[99.33375,22.073750000000004],[99.36208333333333,22.08041666666667],[99.36375,22.107083333333335],[99.40125,22.103750000000005],[99.42541666666666,22.124583333333334],[99.48291666666667,22.136250000000004],[99.47874999999999,22.149583333333336],[99.51291666666667,22.18791666666667],[99.50708333333333,22.229583333333338],[99.52458333333334,22.271250000000002],[99.47208333333333,22.291250000000005],[99.43791666666667,22.282083333333336],[99.40958333333333,22.298750000000005],[99.40791666666667,22.317083333333336],[99.37958333333333,22.317083333333336],[99.37208333333334,22.338750000000005],[99.39125,22.38125],[99.44541666666666,22.403750000000002],[99.46541666666667,22.397083333333335],[99.51708333333333,22.517083333333336],[99.55708333333334,22.534583333333337],[99.57791666666667,22.577916666666667],[99.64541666666666,22.581250000000004],[99.71791666666667,22.62541666666667],[99.70291666666667,22.757083333333334],[99.71875,22.797083333333337],[99.70625,22.81041666666667],[99.68708333333333,22.80291666666667],[99.65291666666667,22.89291666666667],[99.66041666666666,22.906250000000004],[99.63708333333334,22.933750000000003],[99.57958333333333,22.922083333333337],[99.55291666666666,22.960416666666667],[99.53375,22.963750000000005],[99.51791666666666,23.02041666666667],[99.53291666666667,23.05375],[99.52458333333334,23.07625],[99.38791666666667,23.099583333333335],[99.33125,23.146250000000002],[99.31208333333333,23.100416666666668],[99.27791666666667,23.111250000000002],[99.23458333333333,23.099583333333335],[99.23041666666667,23.084583333333335],[99.17041666666667,23.091250000000002],[99.16375,23.168750000000003],[99.18541666666667,23.19041666666667],[99.17041666666667,23.21541666666667],[99.17208333333333,23.26791666666667],[99.21124999999999,23.30375],[99.18958333333333,23.331250000000004],[99.18291666666667,23.38541666666667],[99.21541666666667,23.444583333333334],[99.26208333333334,23.47791666666667],[99.26375,23.499583333333334],[99.29124999999999,23.50625],[99.32958333333333,23.599583333333335],[99.41624999999999,23.661250000000003],[99.49458333333334,23.679583333333333],[99.52291666666666,23.702083333333334],[99.55458333333333,23.68625],[99.62291666666667,23.684583333333336],[99.63958333333333,23.70041666666667],[99.78958333333333,23.703750000000003],[99.86041666666667,23.787916666666668],[99.85041666666666,23.83791666666667],[99.87375,23.86541666666667],[99.87208333333334,23.899583333333336],[99.89625,23.91791666666667],[99.93375,23.89541666666667],[99.95458333333333,23.757083333333334],[99.98291666666667,23.731250000000003],[100.00791666666666,23.670416666666668],[100.06625,23.662083333333335],[100.10958333333333,23.681250000000002],[100.13541666666666,23.727083333333336],[100.12875,23.757083333333334],[100.14541666666666,23.759583333333335],[100.14125,23.804583333333333],[100.17291666666667,23.83791666666667],[100.16458333333333,23.87791666666667],[100.19041666666666,23.882916666666667],[100.19875,23.95541666666667],[100.23125,23.974583333333335],[100.22125,24.051250000000003],[100.14625,24.118750000000002],[100.16541666666666,24.15625],[100.14625,24.221250000000005],[100.11541666666666,24.246250000000003],[100.13208333333333,24.312083333333334],[100.10125,24.32541666666667],[100.05958333333334,24.32625],[99.98458333333333,24.261250000000004],[99.84625,24.271250000000002],[99.82875,24.20041666666667],[99.73125,24.16791666666667],[99.71791666666667,24.13791666666667],[99.65291666666667,24.121250000000003],[99.63541666666666,24.198750000000004],[99.65291666666667,24.21875],[99.70541666666666,24.22625],[99.70208333333333,24.25541666666667],[99.75791666666666,24.323750000000004],[99.74625,24.347083333333337],[99.75458333333333,24.382916666666667],[99.78708333333333,24.37291666666667],[99.80458333333333,24.42875],[99.74958333333333,24.457083333333337],[99.75874999999999,24.49041666666667],[99.73541666666667,24.58041666666667],[99.67625,24.59041666666667],[99.64458333333333,24.66541666666667],[99.61791666666667,24.67875],[99.59875,24.717083333333335],[99.62291666666667,24.73541666666667],[99.61958333333334,24.766250000000003],[99.59291666666667,24.777083333333337],[99.59791666666666,24.79625],[99.56958333333333,24.814583333333335],[99.56458333333333,24.83625],[99.57291666666666,24.893750000000004],[99.59541666666667,24.892083333333336],[99.62041666666667,24.924583333333338],[99.60875,24.99791666666667],[99.56458333333333,24.97875],[99.49708333333334,25.017916666666668],[99.47291666666666,25.045416666666668],[99.48708333333333,25.082083333333337],[99.46375,25.098750000000003],[99.46541666666667,25.12291666666667],[99.43875,25.153750000000002],[99.42375,25.14875],[99.38625,25.18041666666667],[99.36958333333334,25.174583333333338],[99.35291666666666,25.19791666666667],[99.32625,25.167083333333338],[99.30625,25.169583333333335],[99.31291666666667,25.197083333333335],[99.27708333333334,25.246250000000003],[99.29208333333334,25.24875],[99.29375,25.268750000000004],[99.21625,25.316250000000004],[99.21208333333334,25.33291666666667],[99.19458333333333,25.317083333333336],[99.10791666666667,25.344583333333336],[99.10458333333334,25.403750000000002],[99.06708333333333,25.42875],[99.09041666666667,25.452916666666667],[99.06541666666666,25.49875],[99.07708333333333,25.526250000000005],[99.05458333333333,25.56791666666667],[99.05541666666667,25.622083333333336],[99.09958333333333,25.64875],[99.10708333333334,25.72041666666667],[99.14958333333334,25.757083333333334],[99.05375,25.97875],[99.05791666666667,25.99791666666667],[98.99958333333333,26.077083333333334],[99.00541666666666,26.117083333333333],[99.02791666666667,26.139583333333334],[99.01541666666667,26.20041666666667],[99.03291666666667,26.249583333333334],[99.00708333333333,26.276250000000005],[99.00708333333333,26.40791666666667],[99.01958333333333,26.438750000000002],[99.00208333333333,26.46291666666667],[99.01541666666667,26.49875],[99.01125,26.619583333333335],[99.03375,26.649583333333336],[99.02041666666666,26.696250000000003],[99.02958333333333,26.712083333333336],[99.01541666666667,26.725416666666668],[99.02708333333334,26.74875],[99.00791666666666,26.760416666666668],[99.03208333333333,26.807083333333335],[98.97291666666666,26.88791666666667],[98.98375,26.94375],[98.96041666666666,27.008750000000003],[98.98458333333333,27.058750000000003],[98.96791666666667,27.083750000000002],[98.98375,27.16541666666667],[98.96208333333334,27.18041666666667],[98.98708333333333,27.217916666666667],[98.98625,27.272083333333335],[99.00791666666666,27.30041666666667],[98.99375,27.337083333333336],[98.91791666666667,27.33875],[98.92291666666667,27.367083333333333],[98.90291666666667,27.396250000000002],[98.91208333333333,27.47041666666667],[98.89041666666667,27.494583333333335],[98.90791666666667,27.528750000000002],[98.87958333333333,27.580416666666668],[98.91875,27.635416666666668],[98.83208333333333,27.719583333333336],[98.87458333333333,27.75541666666667],[98.84791666666666,27.84375],[98.81541666666666,27.834583333333335],[98.78375,27.90125],[98.79708333333333,28.029583333333335],[98.75375,28.08875],[98.76458333333333,28.137083333333337],[98.74458333333334,28.15041666666667],[98.71625,28.129583333333336],[98.68625,28.19375],[98.71208333333334,28.232916666666668],[98.71375,28.308750000000003],[98.75291666666666,28.342083333333335],[98.68625,28.438750000000002],[98.67458333333333,28.482916666666668],[98.62958333333333,28.489583333333336],[98.61875,28.507916666666667],[98.63458333333332,28.536250000000003],[98.63125,28.57541666666667],[98.59291666666667,28.69375],[98.57375,28.70041666666667],[98.57958333333333,28.737916666666667],[98.54708333333333,28.848750000000003],[98.55291666666666,28.89875],[98.52374999999999,28.90875],[98.51625,28.95791666666667],[98.49541666666667,28.955416666666668],[98.48541666666667,28.972083333333334],[98.47874999999999,29.037083333333335],[98.49958333333333,29.051250000000003],[98.50541666666666,29.11541666666667],[98.47708333333333,29.146250000000002],[98.48291666666667,29.161250000000003],[98.46208333333334,29.179583333333333],[98.44624999999999,29.15291666666667],[98.41708333333334,29.154583333333335],[98.39708333333333,29.212083333333336],[98.37041666666667,29.223750000000003],[98.34625,29.277083333333334],[98.31375,29.286250000000003],[98.32625,29.313750000000002],[98.27208333333333,29.320416666666667],[98.23375,29.27791666666667],[98.21791666666667,29.305416666666666],[98.15625,29.32375],[98.14958333333334,29.35875],[98.10125,29.39541666666667],[98.09708333333333,29.429583333333333],[98.07625,29.45125],[98.07625,29.504583333333336],[98.04541666666667,29.551250000000003],[98.05125,29.57541666666667],[98.00041666666667,29.640416666666667],[98.00208333333333,29.71541666666667],[97.94791666666667,29.78125],[97.91541666666666,29.782083333333333],[97.83125,29.882916666666667],[97.84958333333333,29.897083333333335],[97.82875,29.94875],[97.85458333333334,29.972083333333334],[97.81541666666666,29.997083333333336],[97.82291666666667,30.010416666666668],[97.80541666666666,30.028750000000002],[97.78958333333333,30.104583333333334],[97.76458333333333,30.119583333333335],[97.74125,30.10291666666667],[97.69541666666666,30.121250000000003],[97.67625,30.107916666666668],[97.66125,30.12875],[97.64958333333334,30.10875],[97.62791666666666,30.111250000000002],[97.61041666666667,30.146250000000002],[97.64458333333333,30.173750000000002],[97.62125,30.184583333333336],[97.55958333333334,30.27041666666667],[97.58208333333333,30.30291666666667],[97.50958333333334,30.342916666666667],[97.50541666666666,30.41041666666667],[97.44375,30.437916666666666],[97.44541666666666,30.466250000000002],[97.41958333333334,30.51375],[97.38958333333333,30.524583333333336],[97.39125,30.548750000000002],[97.33875,30.577916666666667],[97.31541666666666,30.569583333333334],[97.28375,30.52541666666667],[97.24375,30.580416666666668],[97.20708333333333,30.59541666666667],[97.22791666666666,30.67125],[97.19458333333333,30.704583333333336],[97.16541666666666,30.702916666666667],[97.13625,30.732083333333335],[97.09375,30.730416666666667],[97.07541666666667,30.767083333333336],[97.05125,30.76291666666667],[96.97458333333333,30.84041666666667],[96.92291666666667,30.82625],[96.89958333333334,30.863750000000003],[96.88041666666666,30.862916666666667],[96.84875,30.911250000000003],[96.76875,30.97791666666667],[96.73875,30.96291666666667],[96.70625,30.988750000000003],[96.66125,30.954583333333336],[96.61791666666667,30.96291666666667],[96.60708333333334,30.94625],[96.56791666666666,30.962083333333332],[96.55041666666666,30.987083333333334],[96.51375,30.975416666666668],[96.48708333333333,30.99791666666667]]]}},{"type":"Feature","properties":{"basin":"Red"},"geometry":{"type":"Polygon","coordinates":[[[100.93124999999999,24.06458333333335],[100.89874999999999,24.071250000000017],[100.89041666666665,24.153750000000016],[100.86208333333333,24.171250000000015],[100.87541666666667,24.18791666666668],[100.82874999999999,24.238750000000014],[100.81958333333333,24.286250000000017],[100.79208333333332,24.297083333333347],[100.79875,24.337916666666683],[100.77624999999999,24.359583333333347],[100.73458333333332,24.346250000000015],[100.69041666666666,24.38291666666668],[100.69375,24.418750000000014],[100.67291666666665,24.447916666666682],[100.66458333333333,24.51708333333335],[100.63208333333333,24.53541666666668],[100.63125,24.568750000000016],[100.51291666666665,24.72291666666668],[100.48374999999999,24.79458333333335],[100.42041666666665,24.838750000000015],[100.40041666666666,24.836250000000014],[100.33208333333333,24.898750000000014],[100.29124999999999,24.90458333333335],[100.30041666666666,24.926250000000014],[100.28791666666666,24.96041666666668],[100.30958333333332,24.964583333333348],[100.32874999999999,24.997083333333347],[100.28291666666667,25.00041666666668],[100.21875,25.059583333333347],[100.19624999999999,25.142916666666682],[100.23124999999999,25.13958333333335],[100.24541666666666,25.16541666666668],[100.21708333333332,25.212916666666683],[100.21708333333332,25.249583333333348],[100.18875,25.25208333333335],[100.20875,25.29041666666668],[100.17875,25.317083333333347],[100.18291666666666,25.35291666666668],[100.14958333333333,25.36208333333335],[100.13708333333332,25.416250000000016],[100.08624999999999,25.42541666666668],[100.10125,25.457083333333347],[100.08541666666666,25.48708333333335],[100.09124999999999,25.523750000000014],[100.17541666666666,25.525416666666683],[100.18291666666666,25.54291666666668],[100.26458333333332,25.524583333333347],[100.30874999999999,25.50208333333335],[100.31708333333333,25.466250000000013],[100.35458333333332,25.431250000000013],[100.37291666666665,25.45208333333335],[100.36708333333333,25.48041666666668],[100.38291666666666,25.489583333333346],[100.39124999999999,25.469583333333347],[100.43291666666666,25.543750000000014],[100.41958333333332,25.588750000000015],[100.43624999999999,25.593750000000014],[100.44958333333332,25.578750000000014],[100.47625,25.594583333333347],[100.52708333333332,25.58458333333335],[100.54041666666666,25.596250000000015],[100.53041666666667,25.545416666666682],[100.54875,25.526250000000015],[100.54374999999999,25.443750000000016],[100.56708333333333,25.434583333333347],[100.61125,25.374583333333348],[100.58041666666666,25.319583333333348],[100.59958333333333,25.302083333333346],[100.63874999999999,25.306250000000013],[100.65208333333332,25.34791666666668],[100.68958333333333,25.34791666666668],[100.70541666666666,25.36291666666668],[100.74041666666666,25.35291666666668],[100.75958333333332,25.381250000000016],[100.79458333333332,25.392083333333346],[100.84541666666667,25.388750000000016],[100.86541666666666,25.313750000000013],[100.93541666666665,25.278750000000013],[100.93374999999999,25.246250000000014],[100.99208333333333,25.208750000000016],[100.99708333333332,25.168750000000014],[101.03458333333333,25.16208333333335],[101.09208333333332,25.20041666666668],[101.10874999999999,25.18791666666668],[101.15458333333332,25.196250000000013],[101.27125,25.051250000000014],[101.31625,25.059583333333347],[101.32208333333332,25.036250000000013],[101.37041666666666,25.008750000000013],[101.38541666666666,25.02041666666668],[101.41291666666666,25.008750000000013],[101.41291666666666,24.97791666666668],[101.43958333333333,24.95291666666668],[101.47458333333333,24.86791666666668],[101.50125,24.850416666666682],[101.50291666666666,24.824583333333347],[101.55708333333332,24.822916666666682],[101.56041666666665,24.846250000000015],[101.57624999999999,24.836250000000014],[101.60874999999999,24.86958333333335],[101.60041666666666,24.89708333333335],[101.62791666666666,24.91208333333335],[101.61874999999999,24.931250000000016],[101.64375,24.966250000000016],[101.64791666666666,25.011250000000015],[101.69791666666666,25.023750000000014],[101.71124999999999,25.061250000000015],[101.73791666666666,25.069583333333348],[101.74874999999999,25.115416666666682],[101.79958333333333,25.144583333333347],[101.81375,25.243750000000013],[101.86541666666666,25.249583333333348],[101.88874999999999,25.27291666666668],[101.89541666666666,25.36208333333335],[101.96958333333333,25.43958333333335],[101.96208333333333,25.50791666666668],[101.97208333333333,25.512083333333347],[102.00041666666667,25.455416666666682],[102.02541666666666,25.473750000000013],[102.07291666666666,25.437083333333348],[102.13041666666666,25.438750000000013],[102.13708333333332,25.41541666666668],[102.12124999999999,25.402083333333348],[102.14625,25.34791666666668],[102.18541666666665,25.36791666666668],[102.20291666666665,25.421250000000015],[102.18875,25.45791666666668],[102.23124999999999,25.475416666666682],[102.25541666666666,25.50791666666668],[102.28625,25.51291666666668],[102.32041666666666,25.42291666666668],[102.36124999999998,25.38041666666668],[102.34625,25.34958333333335],[102.36541666666666,25.337083333333347],[102.36291666666666,25.308750000000014],[102.34041666666666,25.284583333333348],[102.35624999999999,25.24541666666668],[102.33458333333333,25.190416666666682],[102.30041666666666,25.179583333333348],[102.25958333333332,25.136250000000015],[102.20541666666665,25.12041666666668],[102.20625,25.060416666666683],[102.17541666666666,25.02291666666668],[102.19708333333332,24.986250000000016],[102.16541666666666,24.934583333333347],[102.20875,24.90541666666668],[102.24208333333333,24.934583333333347],[102.26041666666666,24.927083333333346],[102.31541666666666,24.949583333333347],[102.35125,24.923750000000016],[102.34124999999999,24.88958333333335],[102.35291666666666,24.85708333333335],[102.30958333333332,24.796250000000015],[102.29458333333332,24.70208333333335],[102.27958333333332,24.692083333333347],[102.30208333333333,24.591250000000016],[102.27291666666666,24.553750000000015],[102.28541666666666,24.526250000000015],[102.34708333333333,24.52041666666668],[102.36124999999998,24.491250000000015],[102.34791666666666,24.462916666666683],[102.36375,24.450416666666683],[102.35291666666666,24.412916666666682],[102.32124999999999,24.40541666666668],[102.29958333333333,24.376250000000017],[102.32208333333332,24.337916666666683],[102.30791666666666,24.32958333333335],[102.30624999999999,24.297083333333347],[102.32124999999999,24.240416666666682],[102.28708333333333,24.226250000000014],[102.29624999999999,24.211250000000014],[102.24041666666666,24.16708333333335],[102.28375,24.176250000000014],[102.25458333333333,24.138750000000016],[102.25874999999999,24.123750000000015],[102.31541666666666,24.106250000000017],[102.31458333333333,24.07708333333335],[102.33458333333333,24.05708333333335],[102.30874999999999,24.036250000000017],[102.35874999999999,24.006250000000016],[102.37458333333332,23.936250000000015],[102.47375,23.949583333333347],[102.50541666666666,23.999583333333348],[102.52125,23.96208333333335],[102.60291666666666,23.93291666666668],[102.65708333333333,23.887916666666683],[102.63458333333332,23.874583333333348],[102.65374999999999,23.83708333333335],[102.67958333333333,23.822916666666682],[102.67541666666666,23.78041666666668],[102.62791666666666,23.778750000000016],[102.60958333333332,23.757083333333348],[102.49458333333332,23.74708333333335],[102.45875,23.75041666666668],[102.45374999999999,23.763750000000016],[102.42208333333332,23.75208333333335],[102.35541666666666,23.795416666666682],[102.32874999999999,23.760416666666682],[102.34541666666667,23.75041666666668],[102.34208333333332,23.734583333333347],[102.36541666666666,23.72958333333335],[102.36541666666666,23.697916666666682],[102.54208333333332,23.64041666666668],[102.54958333333333,23.60208333333335],[102.60041666666666,23.598750000000017],[102.59625,23.58541666666668],[102.62124999999999,23.578750000000017],[102.61208333333333,23.560416666666683],[102.63541666666666,23.558750000000014],[102.61208333333333,23.51541666666668],[102.54291666666666,23.48958333333335],[102.52208333333333,23.446250000000017],[102.53541666666666,23.42458333333335],[102.61375,23.40458333333335],[102.61958333333332,23.42458333333335],[102.67208333333332,23.426250000000017],[102.73541666666665,23.463750000000015],[102.76291666666665,23.448750000000015],[102.81625,23.478750000000016],[102.83125,23.43958333333335],[102.81541666666666,23.410416666666684],[102.83958333333332,23.394583333333347],[102.90374999999999,23.430416666666684],[102.94125,23.48208333333335],[103.00375,23.488750000000017],[103.03124999999999,23.472916666666684],[103.01541666666665,23.45208333333335],[103.04291666666666,23.42708333333335],[103.01958333333333,23.39041666666668],[103.09458333333332,23.393750000000015],[103.12791666666666,23.36958333333335],[103.13458333333332,23.31458333333335],[103.15791666666667,23.319583333333348],[103.19208333333333,23.29291666666668],[103.20624999999998,23.253750000000014],[103.17541666666666,23.227916666666683],[103.20541666666665,23.194583333333348],[103.27624999999999,23.196250000000017],[103.29374999999999,23.226250000000014],[103.35958333333332,23.197916666666682],[103.37458333333332,23.221250000000015],[103.42291666666665,23.23791666666668],[103.41958333333332,23.20208333333335],[103.43958333333333,23.197916666666682],[103.48458333333332,23.268750000000015],[103.51791666666665,23.26208333333335],[103.52874999999999,23.301250000000017],[103.50458333333333,23.367916666666684],[103.48458333333332,23.366250000000015],[103.46958333333332,23.386250000000015],[103.47874999999999,23.41458333333335],[103.44958333333332,23.473750000000017],[103.47625,23.46708333333335],[103.49125,23.482916666666682],[103.50791666666666,23.471250000000015],[103.51124999999999,23.483750000000015],[103.54958333333332,23.442916666666683],[103.60708333333332,23.461250000000017],[103.61791666666666,23.42708333333335],[103.64041666666665,23.426250000000017],[103.67708333333333,23.380416666666683],[103.67958333333333,23.41458333333335],[103.71958333333332,23.461250000000017],[103.70708333333333,23.475416666666682],[103.72125,23.497916666666683],[103.66791666666666,23.503750000000014],[103.59625,23.538750000000014],[103.59374999999999,23.562083333333348],[103.54708333333332,23.59208333333335],[103.55541666666666,23.628750000000014],[103.58375,23.63958333333335],[103.57874999999999,23.662916666666682],[103.61208333333332,23.64708333333335],[103.64291666666665,23.66708333333335],[103.65791666666667,23.661250000000017],[103.65124999999999,23.677916666666682],[103.68291666666666,23.699583333333347],[103.68124999999999,23.726250000000014],[103.70124999999999,23.74541666666668],[103.75874999999999,23.75458333333335],[103.73958333333333,23.783750000000015],[103.74874999999999,23.822916666666682],[103.79958333333332,23.846250000000015],[103.78625,23.858750000000015],[103.79541666666665,23.87541666666668],[103.85374999999999,23.871250000000014],[103.90208333333332,23.926250000000014],[103.93291666666666,23.92458333333335],[103.93374999999999,23.941250000000014],[103.96124999999999,23.947916666666682],[103.96791666666665,23.981250000000017],[103.98958333333333,23.955416666666682],[103.97291666666666,23.944583333333348],[103.97541666666666,23.923750000000016],[104.08041666666665,23.90708333333335],[104.10041666666666,23.881250000000016],[104.10291666666666,23.841250000000016],[104.12208333333332,23.832916666666684],[104.11958333333332,23.818750000000016],[104.07958333333332,23.810416666666683],[104.12124999999999,23.78958333333335],[104.09875,23.763750000000016],[104.13208333333333,23.769583333333347],[104.17708333333333,23.732916666666682],[104.19958333333332,23.74541666666668],[104.22708333333333,23.736250000000016],[104.23208333333332,23.748750000000015],[104.25124999999998,23.736250000000016],[104.24291666666666,23.694583333333348],[104.20708333333333,23.680416666666684],[104.19291666666666,23.65541666666668],[104.20708333333333,23.64208333333335],[104.20041666666665,23.589583333333348],[104.17875,23.59291666666668],[104.17958333333333,23.578750000000017],[104.15958333333333,23.571250000000017],[104.17124999999999,23.562083333333348],[104.15124999999999,23.555416666666684],[104.16624999999999,23.538750000000014],[104.19041666666666,23.541250000000016],[104.20208333333332,23.518750000000015],[104.22874999999999,23.536250000000017],[104.23374999999999,23.569583333333348],[104.26291666666665,23.561250000000015],[104.26458333333332,23.58708333333335],[104.28625,23.58458333333335],[104.29374999999999,23.60208333333335],[104.34791666666666,23.57958333333335],[104.37458333333332,23.60458333333335],[104.42374999999998,23.607916666666682],[104.43624999999999,23.59291666666668],[104.46041666666666,23.611250000000016],[104.46874999999999,23.57041666666668],[104.48958333333333,23.562083333333348],[104.53291666666665,23.58541666666668],[104.53625,23.60708333333335],[104.58791666666666,23.609583333333347],[104.60874999999999,23.632083333333348],[104.60125,23.657916666666683],[104.55458333333333,23.685416666666683],[104.60458333333332,23.707916666666684],[104.52541666666666,23.762916666666683],[104.54291666666666,23.787916666666682],[104.59458333333332,23.795416666666682],[104.60125,23.832916666666684],[104.61874999999999,23.84208333333335],[104.62624999999998,23.82958333333335],[104.65124999999999,23.838750000000015],[104.66708333333332,23.80791666666668],[104.71458333333332,23.790416666666683],[104.68708333333332,23.767916666666682],[104.69291666666666,23.742916666666684],[104.79041666666666,23.748750000000015],[104.79708333333332,23.777916666666684],[104.85125,23.788750000000014],[104.87624999999998,23.777083333333348],[104.88624999999999,23.734583333333347],[104.91125,23.727916666666683],[104.92041666666665,23.762916666666683],[104.95208333333332,23.76541666666668],[104.95875,23.742916666666684],[105.01208333333332,23.735416666666683],[105.01541666666665,23.71958333333335],[105.08458333333333,23.698750000000015],[105.07208333333332,23.685416666666683],[105.09041666666666,23.670416666666682],[105.14041666666665,23.707916666666684],[105.20124999999999,23.711250000000014],[105.21124999999999,23.69208333333335],[105.19791666666666,23.676250000000017],[105.23208333333332,23.64958333333335],[105.21624999999999,23.637916666666683],[105.22625,23.628750000000014],[105.21624999999999,23.610416666666683],[105.26874999999998,23.590416666666684],[105.25041666666665,23.573750000000015],[105.27624999999999,23.568750000000016],[105.28041666666665,23.536250000000017],[105.32958333333332,23.52208333333335],[105.35708333333332,23.483750000000015],[105.43041666666666,23.503750000000014],[105.38291666666666,23.541250000000016],[105.39374999999998,23.545416666666682],[105.43958333333332,23.526250000000015],[105.47375,23.533750000000015],[105.50375,23.516250000000017],[105.50458333333333,23.497916666666683],[105.54874999999998,23.51708333333335],[105.55958333333332,23.48708333333335],[105.58208333333332,23.498750000000015],[105.60458333333332,23.481250000000017],[105.64374999999998,23.486250000000016],[105.65374999999999,23.440416666666682],[105.71874999999999,23.446250000000017],[105.74041666666666,23.43208333333335],[105.75625,23.443750000000016],[105.74874999999999,23.423750000000016],[105.76541666666665,23.409583333333348],[105.75625,23.381250000000016],[105.76958333333332,23.351250000000014],[105.78875,23.34208333333335],[105.80208333333333,23.356250000000017],[105.84875,23.319583333333348],[105.85208333333333,23.298750000000016],[105.89541666666665,23.303750000000015],[105.93124999999999,23.268750000000015],[105.94708333333332,23.207916666666684],[105.96374999999999,23.198750000000015],[105.97124999999998,23.157916666666683],[105.95291666666665,23.12041666666668],[105.96958333333332,23.08541666666668],[105.95041666666665,23.056250000000016],[105.96874999999999,23.018750000000015],[105.95124999999999,23.010416666666682],[105.92458333333332,22.950416666666683],[105.91125,22.962916666666683],[105.88125,22.95208333333335],[105.84708333333333,22.997916666666683],[105.80291666666666,22.991250000000015],[105.80041666666665,22.935416666666683],[105.84374999999999,22.87041666666668],[105.79541666666665,22.84958333333335],[105.81625,22.83708333333335],[105.80041666666665,22.828750000000017],[105.82291666666666,22.818750000000016],[105.81625,22.80208333333335],[105.85374999999999,22.787916666666682],[105.85874999999999,22.73708333333335],[105.84208333333332,22.71791666666668],[105.85874999999999,22.700416666666683],[105.83874999999999,22.683750000000018],[105.83874999999999,22.652916666666684],[105.89124999999999,22.59958333333335],[105.87958333333333,22.53708333333335],[105.85708333333332,22.521250000000016],[105.89625,22.508750000000017],[105.92124999999999,22.490416666666682],[105.92291666666665,22.468750000000018],[105.95458333333332,22.457916666666684],[105.94874999999999,22.407916666666683],[105.97541666666666,22.397916666666685],[105.93874999999998,22.357916666666682],[105.94208333333333,22.341250000000016],[105.98624999999998,22.322916666666682],[105.96291666666666,22.28708333333335],[105.93541666666665,22.300416666666685],[105.92208333333332,22.285416666666684],[105.87708333333332,22.31708333333335],[105.77208333333333,22.27208333333335],[105.64291666666665,22.255416666666683],[105.60374999999999,22.205416666666682],[105.64041666666665,22.15958333333335],[105.63374999999999,22.115416666666682],[105.65124999999999,22.11458333333335],[105.66291666666666,22.08958333333335],[105.69291666666666,22.08958333333335],[105.70041666666665,22.053750000000015],[105.69541666666666,22.03708333333335],[105.66874999999999,22.047916666666683],[105.63458333333332,22.01708333333335],[105.58791666666666,22.006250000000016],[105.57874999999999,21.958750000000016],[105.55208333333333,21.953750000000017],[105.54708333333332,21.896250000000016],[105.51791666666665,21.87708333333335],[105.52791666666666,21.835416666666685],[105.49374999999999,21.828750000000017],[105.49458333333332,21.79708333333335],[105.52541666666666,21.76875000000002],[105.50874999999999,21.750416666666684],[105.51624999999999,21.73708333333335],[105.47124999999998,21.701250000000016],[105.49041666666666,21.688750000000017],[105.47958333333332,21.673750000000016],[105.49624999999999,21.617916666666684],[105.63125,21.501250000000017],[105.64625,21.462916666666683],[105.57541666666665,21.41208333333335],[105.52374999999999,21.397916666666685],[105.52208333333333,21.36625000000002],[105.54041666666666,21.36958333333335],[105.54458333333332,21.356250000000017],[105.54041666666666,21.316250000000018],[105.50874999999999,21.292083333333352],[105.48874999999998,21.297916666666683],[105.49791666666665,21.24958333333335],[105.46624999999999,21.24125000000002],[105.45958333333333,21.23208333333335],[105.47375,21.180416666666684],[105.49708333333332,21.16458333333335],[105.63208333333333,21.180416666666684],[105.61958333333332,21.196250000000017],[105.63125,21.205416666666682],[105.66874999999999,21.17208333333335],[105.75458333333333,21.15458333333335],[105.74208333333333,21.117916666666684],[105.75874999999999,21.10708333333335],[105.83541666666666,21.112916666666685],[105.87124999999999,21.071250000000017],[105.90374999999999,21.08875000000002],[105.89541666666665,21.062916666666684],[105.86208333333332,21.06125000000002],[105.87208333333332,21.027916666666684],[105.90541666666665,21.021250000000016],[105.91791666666666,20.980416666666684],[105.89374999999998,20.93458333333335],[105.91874999999999,20.925416666666685],[105.91958333333332,20.89208333333335],[105.95541666666665,20.88708333333335],[105.94958333333332,20.842916666666685],[105.91624999999999,20.82958333333335],[105.91791666666666,20.812916666666684],[105.93624999999999,20.787916666666685],[105.98041666666666,20.782916666666683],[105.97291666666666,20.73958333333335],[105.99624999999999,20.711250000000017],[106.04291666666666,20.716250000000016],[106.06791666666666,20.69708333333335],[106.13874999999999,20.72708333333335],[106.15041666666666,20.716250000000016],[106.16541666666666,20.725416666666685],[106.17124999999999,20.69958333333335],[106.19125,20.702916666666685],[106.21874999999999,20.711250000000017],[106.20208333333332,20.75458333333335],[106.21791666666665,20.75958333333335],[106.22958333333332,20.74125000000002],[106.24208333333333,20.766250000000017],[106.25708333333333,20.75708333333335],[106.24541666666666,20.717916666666685],[106.25625,20.707916666666684],[106.28791666666666,20.708750000000016],[106.29708333333332,20.725416666666685],[106.30791666666666,20.709583333333352],[106.33874999999999,20.723750000000017],[106.35458333333332,20.71375000000002],[106.39624999999998,20.72208333333335],[106.41375,20.745416666666685],[106.44874999999999,20.740416666666686],[106.45791666666665,20.77458333333335],[106.49208333333333,20.760416666666686],[106.52958333333332,20.78958333333335],[106.53291666666665,20.73208333333335],[106.50874999999999,20.697916666666686],[106.50458333333333,20.737916666666685],[106.48624999999998,20.727916666666683],[106.46624999999999,20.740416666666686],[106.46874999999999,20.707916666666684],[106.44125,20.687916666666684],[106.40541666666665,20.722916666666684],[106.39374999999998,20.69375000000002],[106.28208333333332,20.687916666666684],[106.29124999999999,20.660416666666684],[106.26791666666665,20.65208333333335],[106.24374999999999,20.665416666666683],[106.21791666666665,20.620416666666685],[106.21708333333332,20.602916666666683],[106.24541666666666,20.595416666666683],[106.28291666666665,20.53958333333335],[106.33791666666666,20.535416666666684],[106.31208333333332,20.52708333333335],[106.33124999999998,20.512916666666683],[106.30041666666665,20.48958333333335],[106.30708333333332,20.461250000000017],[106.29291666666666,20.437916666666684],[106.28458333333333,20.44958333333335],[106.24708333333332,20.438750000000017],[106.24624999999999,20.41625000000002],[106.30124999999998,20.41958333333335],[106.28875,20.397916666666685],[106.30208333333331,20.368750000000016],[106.31958333333333,20.39458333333335],[106.35125,20.378750000000018],[106.36124999999998,20.39458333333335],[106.37541666666665,20.370416666666685],[106.40208333333332,20.377916666666685],[106.40374999999999,20.340416666666684],[106.43708333333332,20.322916666666686],[106.41708333333332,20.294583333333353],[106.42875,20.278750000000016],[106.34374999999999,20.302916666666686],[106.31958333333333,20.24708333333335],[106.33041666666665,20.21458333333335],[106.29791666666665,20.19958333333335],[106.28708333333333,20.22208333333335],[106.25791666666666,20.232916666666686],[106.26041666666666,20.264583333333352],[106.22541666666666,20.278750000000016],[106.22291666666666,20.300416666666685],[106.25124999999998,20.297916666666683],[106.25208333333332,20.327916666666685],[106.23124999999999,20.341250000000016],[106.17624999999998,20.322916666666686],[106.20124999999999,20.362916666666685],[106.15541666666665,20.352916666666683],[106.13958333333332,20.36458333333335],[106.16041666666666,20.420416666666686],[106.17541666666665,20.426250000000017],[106.17541666666665,20.46958333333335],[106.14208333333332,20.467916666666685],[106.13708333333332,20.49875000000002],[106.09875,20.485416666666683],[106.10041666666666,20.455416666666686],[106.04958333333332,20.472916666666684],[106.02874999999999,20.446250000000017],[106.01958333333332,20.462916666666686],[106.00458333333333,20.42208333333335],[106.01208333333332,20.400416666666686],[105.97791666666666,20.367916666666684],[105.93541666666665,20.38875000000002],[105.92124999999999,20.415416666666683],[105.95124999999999,20.435416666666686],[105.95124999999999,20.488750000000017],[105.93041666666666,20.493750000000016],[105.91958333333332,20.523750000000017],[105.96291666666666,20.530416666666685],[105.96124999999999,20.54625000000002],[105.99291666666666,20.56125000000002],[106.02874999999999,20.535416666666684],[106.02708333333332,20.571250000000017],[105.98791666666665,20.583750000000016],[105.99874999999999,20.628750000000018],[105.98458333333332,20.64958333333335],[105.95791666666665,20.65208333333335],[105.96874999999999,20.695416666666684],[105.94291666666666,20.72208333333335],[105.96124999999999,20.76708333333335],[105.89625,20.778750000000016],[105.87541666666665,20.82958333333335],[105.87041666666666,20.863750000000017],[105.90291666666666,20.91208333333335],[105.87124999999999,20.935416666666683],[105.89374999999998,20.993750000000016],[105.88624999999999,20.97875000000002],[105.86541666666666,20.982916666666686],[105.85708333333332,21.032916666666683],[105.81374999999998,21.087916666666683],[105.73208333333332,21.08125000000002],[105.75124999999998,21.058750000000018],[105.72208333333333,21.04625000000002],[105.69291666666666,21.076250000000016],[105.64958333333333,21.087916666666683],[105.66708333333332,21.066250000000018],[105.66375,21.05458333333335],[105.63874999999999,21.083750000000016],[105.61708333333333,21.073750000000018],[105.61041666666665,21.090416666666684],[105.56458333333332,21.098750000000017],[105.52874999999999,21.148750000000017],[105.45958333333333,21.161250000000017],[105.44458333333333,21.197916666666686],[105.42291666666665,21.197916666666686],[105.43708333333332,21.253750000000018],[105.41125,21.286250000000017],[105.36124999999998,21.27708333333335],[105.35125,21.197916666666686],[105.36874999999999,21.198750000000018],[105.38041666666666,21.17208333333335],[105.36374999999998,21.140416666666685],[105.32708333333332,21.128750000000018],[105.33041666666665,21.09958333333335],[105.38624999999999,21.02708333333335],[105.41125,20.95458333333335],[105.46708333333332,20.94458333333335],[105.45458333333332,20.912916666666685],[105.38791666666665,20.878750000000018],[105.39291666666665,20.857916666666686],[105.41208333333333,20.854583333333352],[105.38458333333332,20.845416666666683],[105.37458333333332,20.750416666666684],[105.34374999999999,20.742916666666684],[105.32958333333332,20.75458333333335],[105.34541666666665,20.72125000000002],[105.39374999999998,20.716250000000016],[105.42041666666665,20.66625000000002],[105.35041666666666,20.602916666666683],[105.31958333333333,20.60875000000002],[105.29874999999998,20.65125000000002],[105.25625,20.687916666666684],[105.19291666666666,20.690416666666685],[105.15374999999999,20.72708333333335],[105.11541666666666,20.71375000000002],[105.06458333333332,20.723750000000017],[105.04208333333332,20.69708333333335],[104.99958333333332,20.69708333333335],[104.87124999999999,20.786250000000017],[104.86874999999999,20.757916666666684],[104.74125,20.767916666666686],[104.70458333333332,20.78958333333335],[104.67875,20.772916666666685],[104.63874999999999,20.786250000000017],[104.63791666666665,20.762916666666683],[104.61458333333333,20.766250000000017],[104.60458333333332,20.74125000000002],[104.57291666666666,20.73458333333335],[104.56625,20.717083333333353],[104.53541666666666,20.717083333333353],[104.52541666666666,20.70125000000002],[104.49791666666665,20.711250000000017],[104.48208333333332,20.770416666666684],[104.32791666666665,20.856250000000017],[104.33124999999998,20.883750000000017],[104.29291666666666,20.92208333333335],[104.27874999999999,20.92708333333335],[104.24708333333332,20.90125000000002],[104.24374999999999,20.931250000000016],[104.14291666666665,20.97708333333335],[104.11791666666666,21.005416666666683],[104.11708333333333,21.042083333333352],[104.03375,21.115416666666682],[104.01291666666665,21.12958333333335],[103.98791666666665,21.11458333333335],[103.78791666666666,21.21458333333335],[103.79041666666666,21.305416666666684],[103.72541666666666,21.386250000000018],[103.67291666666665,21.360416666666683],[103.59958333333333,21.372916666666683],[103.59374999999999,21.395416666666684],[103.63541666666666,21.42958333333335],[103.60374999999999,21.461250000000017],[103.62708333333333,21.50208333333335],[103.58041666666665,21.54708333333335],[103.51124999999999,21.572916666666682],[103.50708333333333,21.604583333333352],[103.52208333333333,21.617916666666684],[103.53875,21.60958333333335],[103.55041666666666,21.638750000000016],[103.48291666666665,21.68208333333335],[103.43458333333332,21.73708333333335],[103.38958333333332,21.677916666666682],[103.39041666666665,21.655416666666685],[103.31958333333333,21.653750000000016],[103.25625,21.681250000000016],[103.25791666666666,21.65708333333335],[103.15124999999999,21.640416666666685],[103.09041666666666,21.61458333333335],[103.05874999999999,21.57958333333335],[103.03458333333333,21.495416666666685],[103.00791666666666,21.48208333333335],[102.97625,21.488750000000017],[102.90958333333333,21.435416666666683],[102.80541666666666,21.395416666666684],[102.78875,21.360416666666683],[102.76458333333332,21.35875000000002],[102.76875,21.327916666666685],[102.74125,21.27958333333335],[102.69458333333333,21.288750000000018],[102.68291666666666,21.26958333333335],[102.64708333333333,21.272083333333352],[102.64041666666665,21.29625000000002],[102.60958333333332,21.305416666666684],[102.60708333333332,21.33875000000002],[102.61041666666665,21.36458333333335],[102.62625,21.365416666666682],[102.64124999999999,21.392916666666682],[102.68291666666666,21.395416666666684],[102.68458333333332,21.482916666666682],[102.66541666666666,21.48958333333335],[102.64874999999999,21.52958333333335],[102.66958333333332,21.54625000000002],[102.67124999999999,21.58458333333335],[102.65875,21.58708333333335],[102.67541666666666,21.60875000000002],[102.66541666666666,21.621250000000018],[102.67791666666666,21.653750000000016],[102.64541666666666,21.731250000000017],[102.66208333333333,21.792083333333352],[102.64791666666666,21.80708333333335],[102.64541666666666,21.85875000000002],[102.60708333333332,21.872916666666683],[102.62041666666666,21.898750000000017],[102.61208333333333,21.920416666666682],[102.50541666666666,21.97208333333335],[102.48791666666666,22.007916666666684],[102.51875,22.03208333333335],[102.44208333333333,22.073750000000018],[102.42875,22.11458333333335],[102.38458333333332,22.128750000000018],[102.36625,22.162916666666682],[102.33541666666666,22.166250000000016],[102.32208333333332,22.202916666666685],[102.27874999999999,22.205416666666682],[102.27208333333333,22.232916666666682],[102.24041666666666,22.238750000000017],[102.23291666666665,22.272916666666685],[102.18041666666666,22.30708333333335],[102.18958333333333,22.33208333333335],[102.12875,22.413750000000018],[102.13041666666666,22.433750000000018],[102.04541666666665,22.458750000000016],[101.98791666666666,22.42958333333335],[101.91291666666666,22.440416666666682],[101.91125,22.398750000000017],[101.89375,22.382083333333348],[101.83458333333333,22.41458333333335],[101.82708333333332,22.457916666666684],[101.78291666666667,22.501250000000017],[101.72874999999999,22.498750000000015],[101.70625,22.472916666666684],[101.67041666666665,22.475416666666682],[101.60791666666665,22.53708333333335],[101.54958333333333,22.56458333333335],[101.51291666666665,22.618750000000016],[101.53541666666666,22.658750000000015],[101.49458333333332,22.686250000000015],[101.45541666666666,22.67458333333335],[101.35708333333332,22.784583333333348],[101.35958333333332,22.83541666666668],[101.33791666666666,22.87708333333335],[101.35541666666666,22.88958333333335],[101.35541666666666,22.91958333333335],[101.29624999999999,22.958750000000016],[101.30041666666666,22.970416666666683],[101.31708333333333,22.970416666666683],[101.32041666666666,22.976250000000014],[101.22375,23.047916666666683],[101.24541666666666,23.066250000000014],[101.27958333333332,23.055416666666684],[101.22625,23.127916666666682],[101.19125,23.131250000000016],[101.20124999999999,23.105416666666684],[101.18208333333332,23.09291666666668],[101.12791666666666,23.091250000000016],[101.13958333333332,23.125416666666684],[101.10958333333332,23.13458333333335],[101.11791666666666,23.160416666666684],[101.08958333333332,23.23458333333335],[101.08874999999999,23.278750000000016],[101.11458333333333,23.298750000000016],[101.11874999999999,23.322916666666682],[101.07624999999999,23.37208333333335],[101.06875,23.435416666666683],[101.01291666666665,23.566250000000014],[101.03125,23.580416666666682],[100.99208333333333,23.630416666666683],[101.02958333333332,23.679583333333348],[101.01208333333332,23.71041666666668],[101.01791666666666,23.74458333333335],[100.99125,23.76708333333335],[101.01708333333333,23.861250000000016],[100.95458333333333,23.90458333333335],[100.96291666666666,23.941250000000014],[100.94125,23.956250000000015],[100.94874999999999,24.04958333333335],[100.93124999999999,24.06458333333335]]]}},{"type":"Feature","properties":{"basin":"Salween"},"geometry":{"type":"Polygon","coordinates":[[[91.98875,30.885416666666668],[91.94125,30.852083333333333],[91.93625,30.827083333333334],[91.91291666666666,30.83791666666667],[91.86208333333333,30.794583333333335],[91.84125,30.798750000000002],[91.83208333333333,30.82541666666667],[91.78125,30.85125],[91.79625,30.88875],[91.78708333333333,30.912083333333335],[91.76125,30.922916666666666],[91.73125,30.90791666666667],[91.65708333333333,30.952916666666667],[91.61541666666666,30.937916666666666],[91.56125,30.94875],[91.56708333333333,31.00541666666667],[91.53041666666667,31.015416666666667],[91.45125,31.082083333333333],[91.54125,31.097083333333334],[91.56625,31.119583333333335],[91.57708333333333,31.175416666666667],[91.61625,31.197916666666668],[91.62708333333333,31.22875],[91.58041666666666,31.286250000000003],[91.58791666666667,31.348750000000003],[91.61041666666667,31.382083333333334],[91.57791666666667,31.397916666666667],[91.63291666666667,31.437083333333334],[91.63208333333333,31.457083333333333],[91.64958333333334,31.45125],[91.68458333333334,31.486250000000002],[91.64875,31.510416666666668],[91.62125,31.58791666666667],[91.53041666666667,31.639583333333334],[91.54125,31.661250000000003],[91.48541666666667,31.670416666666668],[91.41125,31.71875],[91.38541666666667,31.717916666666667],[91.41041666666666,31.77041666666667],[91.39208333333333,31.82375],[91.31125,31.855416666666667],[91.25041666666667,31.860416666666666],[91.24625,31.87291666666667],[91.22041666666667,31.867083333333333],[91.19375,31.887083333333333],[91.21125,31.90041666666667],[91.20125,31.95041666666667],[91.21958333333333,31.97041666666667],[91.21208333333334,32.01041666666667],[91.18875,32.03125],[91.25375,32.07875],[91.21791666666667,32.10541666666667],[91.21791666666667,32.12291666666667],[91.16041666666666,32.11291666666667],[91.14791666666666,32.143750000000004],[91.15708333333333,32.18291666666667],[91.21958333333333,32.19291666666667],[91.23958333333333,32.21458333333334],[91.29625,32.23125],[91.34708333333333,32.21791666666667],[91.32708333333333,32.25208333333333],[91.33708333333334,32.30125],[91.31958333333333,32.345416666666665],[91.36458333333333,32.389583333333334],[91.35041666666666,32.397083333333335],[91.35625,32.41625],[91.39041666666667,32.41708333333334],[91.39791666666666,32.452083333333334],[91.42125,32.46458333333334],[91.47208333333333,32.412083333333335],[91.50041666666667,32.40875],[91.55291666666666,32.45041666666667],[91.55958333333334,32.47708333333333],[91.63291666666667,32.42208333333333],[91.68458333333334,32.46125],[91.73458333333333,32.46958333333333],[91.74125,32.485416666666666],[91.71291666666667,32.52458333333333],[91.76458333333333,32.547916666666666],[91.77208333333333,32.573750000000004],[91.82875,32.57208333333333],[91.86458333333333,32.55125],[91.88458333333334,32.56791666666667],[91.91625,32.562916666666666],[91.91541666666667,32.59458333333333],[91.95375,32.622083333333336],[92.02708333333334,32.635416666666664],[92.07375,32.72208333333334],[92.09875,32.71875],[92.18708333333333,32.75958333333333],[92.25541666666666,32.72291666666667],[92.31458333333333,32.757083333333334],[92.33791666666667,32.74041666666667],[92.35375,32.74375],[92.35458333333334,32.764583333333334],[92.41291666666666,32.74791666666667],[92.44958333333334,32.764583333333334],[92.48041666666667,32.73125],[92.50375,32.74791666666667],[92.55291666666666,32.73291666666667],[92.57791666666667,32.74458333333333],[92.63791666666667,32.72208333333334],[92.66125,32.72958333333334],[92.68625,32.767916666666665],[92.78458333333333,32.72125],[92.79375,32.735416666666666],[92.83125,32.73375],[92.86541666666666,32.69708333333333],[92.89375,32.71541666666667],[92.91291666666666,32.70375],[92.93458333333334,32.72125],[92.96291666666667,32.71541666666667],[93.00791666666666,32.74375],[93.02625,32.739583333333336],[93.02291666666666,32.71541666666667],[93.04541666666667,32.697916666666664],[93.03958333333334,32.67791666666667],[93.06125,32.63041666666667],[93.15708333333333,32.64625],[93.17708333333333,32.669583333333335],[93.22375,32.65625],[93.24041666666666,32.665416666666665],[93.26791666666666,32.61625],[93.30708333333334,32.60791666666667],[93.31208333333333,32.57625],[93.35208333333333,32.562083333333334],[93.38041666666666,32.526250000000005],[93.40958333333333,32.55875],[93.45458333333333,32.56125],[93.47458333333333,32.50541666666667],[93.49875,32.504583333333336],[93.51958333333333,32.47625],[93.61875,32.52708333333334],[93.65208333333334,32.577083333333334],[93.73875,32.577083333333334],[93.82291666666667,32.54958333333333],[93.82541666666667,32.522083333333335],[93.85125,32.51208333333334],[93.85541666666667,32.46791666666667],[93.89291666666666,32.47625],[93.90708333333333,32.462916666666665],[93.96041666666666,32.485416666666666],[93.97458333333333,32.46208333333333],[94.02958333333333,32.447916666666664],[94.05708333333334,32.47208333333334],[94.13374999999999,32.434583333333336],[94.15708333333333,32.442083333333336],[94.16875,32.42208333333333],[94.18375,32.43125],[94.19375,32.40958333333334],[94.21958333333333,32.43625],[94.29875,32.41458333333333],[94.29458333333334,32.40291666666667],[94.31625,32.39791666666667],[94.31291666666667,32.38125],[94.33958333333334,32.36125],[94.40041666666667,32.382083333333334],[94.43291666666667,32.372083333333336],[94.42958333333333,32.349583333333335],[94.45041666666667,32.32625],[94.48291666666667,32.32541666666667],[94.49375,32.29875],[94.53291666666667,32.27375],[94.51875,32.24875],[94.53708333333333,32.22625],[94.52541666666667,32.20875],[94.54291666666667,32.19541666666667],[94.52791666666667,32.16791666666667],[94.53625,32.151250000000005],[94.56791666666666,32.154583333333335],[94.63875,32.20458333333333],[94.66208333333333,32.16041666666667],[94.63541666666667,32.124583333333334],[94.67791666666666,32.09875],[94.73541666666667,32.13041666666667],[94.78541666666666,32.09875],[94.81791666666666,32.15958333333334],[94.82791666666667,32.14208333333333],[94.89208333333333,32.14458333333334],[94.90291666666667,32.13791666666667],[94.89375,32.08958333333334],[94.91875,32.09458333333333],[94.93875,32.073750000000004],[95.00125,32.066250000000004],[94.99875,32.03541666666667],[95.02708333333334,31.986250000000002],[95.09708333333333,31.984583333333333],[95.15041666666667,31.952083333333334],[95.20791666666666,31.97625],[95.30208333333333,31.925416666666667],[95.35958333333333,31.94125],[95.40625,31.91375],[95.43875,31.83291666666667],[95.46125,31.81791666666667],[95.45375,31.804583333333333],[95.47958333333334,31.798750000000002],[95.50791666666666,31.765416666666667],[95.49791666666667,31.697916666666668],[95.51541666666667,31.655416666666667],[95.56041666666667,31.60875],[95.53625,31.56625],[95.55791666666667,31.55875],[95.58041666666666,31.58291666666667],[95.60541666666667,31.572083333333335],[95.61125,31.54041666666667],[95.64958333333334,31.534583333333334],[95.82291666666667,31.542083333333334],[95.83958333333334,31.519583333333333],[95.80625,31.507083333333334],[95.80708333333334,31.46541666666667],[95.85458333333334,31.44375],[95.85708333333334,31.422083333333333],[95.88958333333333,31.432916666666667],[95.91208333333333,31.40875],[95.95791666666666,31.41625],[95.94541666666666,31.39375],[95.98875,31.396250000000002],[96.03708333333333,31.370416666666667],[96.06125,31.34625],[96.05375,31.327916666666667],[96.10125,31.287083333333335],[96.17541666666666,31.26875],[96.25041666666667,31.224583333333335],[96.27208333333333,31.232083333333335],[96.27958333333333,31.217083333333335],[96.34791666666666,31.20625],[96.37458333333333,31.182083333333335],[96.36625,31.16625],[96.38541666666667,31.13041666666667],[96.40958333333333,31.134583333333335],[96.42791666666666,31.114583333333336],[96.46375,31.13041666666667],[96.51291666666667,31.077916666666667],[96.46625,31.042916666666667],[96.44708333333334,30.989583333333336],[96.49208333333333,30.99791666666667],[96.51375,30.975416666666668],[96.55041666666666,30.987083333333334],[96.56791666666666,30.962083333333332],[96.60708333333334,30.94625],[96.61791666666667,30.96291666666667],[96.66125,30.954583333333336],[96.70625,30.988750000000003],[96.73875,30.96291666666667],[96.76875,30.97791666666667],[96.84875,30.911250000000003],[96.88041666666666,30.862916666666667],[96.89958333333334,30.863750000000003],[96.92291666666667,30.82625],[96.97458333333333,30.84041666666667],[97.05125,30.76291666666667],[97.07541666666667,30.767083333333336],[97.09375,30.730416666666667],[97.13625,30.732083333333335],[97.16541666666666,30.702916666666667],[97.19458333333333,30.704583333333336],[97.22791666666666,30.67125],[97.20958333333333,30.59041666666667],[97.24375,30.580416666666668],[97.28541666666666,30.524583333333336],[97.31541666666666,30.569583333333334],[97.35791666666667,30.577083333333334],[97.39291666666666,30.547083333333333],[97.38958333333333,30.524583333333336],[97.42375,30.507916666666667],[97.44375,30.437916666666666],[97.50541666666666,30.41041666666667],[97.50958333333334,30.342916666666667],[97.58208333333333,30.30291666666667],[97.55958333333334,30.27041666666667],[97.62125,30.184583333333336],[97.64458333333333,30.173750000000002],[97.61041666666667,30.146250000000002],[97.62791666666666,30.111250000000002],[97.64958333333334,30.10875],[97.66125,30.12875],[97.67625,30.107916666666668],[97.69541666666666,30.121250000000003],[97.74125,30.10291666666667],[97.76458333333333,30.119583333333335],[97.78958333333333,30.104583333333334],[97.80541666666666,30.028750000000002],[97.82291666666667,30.010416666666668],[97.81541666666666,29.997083333333336],[97.85458333333334,29.972083333333334],[97.82875,29.94875],[97.84958333333333,29.897083333333335],[97.83125,29.882916666666667],[97.91541666666666,29.782083333333333],[97.94791666666667,29.78125],[98.00208333333333,29.71541666666667],[98.00041666666667,29.640416666666667],[98.05125,29.57541666666667],[98.04541666666667,29.551250000000003],[98.07625,29.504583333333336],[98.07625,29.45125],[98.09708333333333,29.429583333333333],[98.10125,29.39541666666667],[98.14958333333334,29.35875],[98.15625,29.32375],[98.21791666666667,29.305416666666666],[98.23375,29.27791666666667],[98.27208333333333,29.320416666666667],[98.32625,29.313750000000002],[98.31375,29.286250000000003],[98.34625,29.277083333333334],[98.37041666666667,29.223750000000003],[98.39708333333333,29.212083333333336],[98.41291666666666,29.15875],[98.44624999999999,29.15291666666667],[98.46375,29.179583333333333],[98.50541666666666,29.11541666666667],[98.49958333333333,29.051250000000003],[98.47874999999999,29.037083333333335],[98.48541666666667,28.972083333333334],[98.49541666666667,28.955416666666668],[98.51625,28.95791666666667],[98.52374999999999,28.90875],[98.55291666666666,28.89875],[98.54708333333333,28.848750000000003],[98.57958333333333,28.737916666666667],[98.57375,28.70041666666667],[98.59291666666667,28.69375],[98.63125,28.57541666666667],[98.63458333333332,28.536250000000003],[98.61875,28.507916666666667],[98.62958333333333,28.489583333333336],[98.67458333333333,28.482916666666668],[98.68625,28.438750000000002],[98.75291666666666,28.342083333333335],[98.71375,28.308750000000003],[98.71208333333334,28.232916666666668],[98.68625,28.19375],[98.71625,28.129583333333336],[98.74458333333334,28.15041666666667],[98.76458333333333,28.137083333333337],[98.75375,28.08875],[98.79708333333333,28.029583333333335],[98.78375,27.90125],[98.81541666666666,27.834583333333335],[98.84791666666666,27.84375],[98.87458333333333,27.75541666666667],[98.83208333333333,27.719583333333336],[98.91875,27.635416666666668],[98.87958333333333,27.580416666666668],[98.90791666666667,27.528750000000002],[98.89041666666667,27.494583333333335],[98.91208333333333,27.47041666666667],[98.90291666666667,27.396250000000002],[98.92291666666667,27.367083333333333],[98.91791666666667,27.33875],[98.99375,27.337083333333336],[99.00791666666666,27.30041666666667],[98.98625,27.272083333333335],[98.98708333333333,27.217916666666667],[98.96208333333334,27.18041666666667],[98.98375,27.16541666666667],[98.96791666666667,27.083750000000002],[98.98458333333333,27.058750000000003],[98.96041666666666,27.008750000000003],[98.98375,26.94375],[98.97291666666666,26.88791666666667],[99.03208333333333,26.807083333333335],[99.00791666666666,26.760416666666668],[99.02708333333334,26.74875],[99.01541666666667,26.725416666666668],[99.02958333333333,26.712083333333336],[99.02041666666666,26.696250000000003],[99.03375,26.649583333333336],[99.01125,26.619583333333335],[99.01541666666667,26.49875],[99.00208333333333,26.46291666666667],[99.01958333333333,26.438750000000002],[99.00708333333333,26.40791666666667],[99.00708333333333,26.276250000000005],[99.03291666666667,26.249583333333334],[99.01541666666667,26.20041666666667],[99.02791666666667,26.139583333333334],[99.00541666666666,26.117083333333333],[98.99958333333333,26.077083333333334],[99.05791666666667,25.99791666666667],[99.05375,25.97875],[99.14958333333334,25.757083333333334],[99.10708333333334,25.72041666666667],[99.09958333333333,25.64875],[99.05541666666667,25.622083333333336],[99.05458333333333,25.56791666666667],[99.07708333333333,25.526250000000005],[99.06541666666666,25.49875],[99.09041666666667,25.452916666666667],[99.06708333333333,25.42875],[99.10458333333334,25.403750000000002],[99.10791666666667,25.344583333333336],[99.19458333333333,25.317083333333336],[99.21208333333334,25.33291666666667],[99.21625,25.316250000000004],[99.29375,25.268750000000004],[99.29208333333334,25.24875],[99.27708333333334,25.246250000000003],[99.31291666666667,25.197083333333335],[99.30625,25.169583333333335],[99.32625,25.167083333333338],[99.35291666666666,25.19791666666667],[99.36958333333334,25.174583333333338],[99.38625,25.18041666666667],[99.42375,25.14875],[99.43875,25.153750000000002],[99.46541666666667,25.12291666666667],[99.46375,25.098750000000003],[99.48708333333333,25.082083333333337],[99.47291666666666,25.045416666666668],[99.49708333333334,25.017916666666668],[99.56458333333333,24.97875],[99.60875,24.99791666666667],[99.62041666666667,24.924583333333338],[99.59541666666667,24.892083333333336],[99.57291666666666,24.893750000000004],[99.56458333333333,24.83625],[99.56958333333333,24.814583333333335],[99.59791666666666,24.79625],[99.59291666666667,24.777083333333337],[99.61958333333334,24.766250000000003],[99.62291666666667,24.73541666666667],[99.59875,24.717083333333335],[99.61791666666667,24.67875],[99.64458333333333,24.66541666666667],[99.67625,24.59041666666667],[99.73541666666667,24.58041666666667],[99.75874999999999,24.49041666666667],[99.74958333333333,24.457083333333337],[99.80458333333333,24.42875],[99.78708333333333,24.37291666666667],[99.75458333333333,24.382916666666667],[99.74625,24.347083333333337],[99.75791666666666,24.323750000000004],[99.70208333333333,24.25541666666667],[99.70541666666666,24.22625],[99.65291666666667,24.21875],[99.63541666666666,24.198750000000004],[99.65291666666667,24.121250000000003],[99.71791666666667,24.13791666666667],[99.73125,24.16791666666667],[99.82875,24.20041666666667],[99.84625,24.271250000000002],[99.98458333333333,24.261250000000004],[100.05958333333334,24.32625],[100.10125,24.32541666666667],[100.13208333333333,24.312083333333334],[100.11541666666666,24.246250000000003],[100.14625,24.221250000000005],[100.16541666666666,24.15625],[100.14625,24.118750000000002],[100.21708333333333,24.06291666666667],[100.23125,23.986250000000002],[100.18791666666667,23.92875],[100.19041666666666,23.882916666666667],[100.16458333333333,23.87791666666667],[100.17291666666667,23.83791666666667],[100.14125,23.804583333333333],[100.14541666666666,23.759583333333335],[100.12875,23.757083333333334],[100.13541666666666,23.727083333333336],[100.10958333333333,23.681250000000002],[100.06625,23.662083333333335],[100.00791666666666,23.670416666666668],[99.98291666666667,23.731250000000003],[99.95458333333333,23.757083333333334],[99.93375,23.89541666666667],[99.89625,23.91791666666667],[99.87208333333334,23.899583333333336],[99.87375,23.86541666666667],[99.85041666666666,23.83791666666667],[99.86041666666667,23.787916666666668],[99.79458333333334,23.721250000000005],[99.72791666666666,23.749583333333334],[99.67791666666666,23.824583333333337],[99.66208333333333,23.81541666666667],[99.64208333333333,23.83291666666667],[99.58541666666666,23.81291666666667],[99.55375,23.719583333333336],[99.49875,23.681250000000002],[99.39125,23.647916666666667],[99.32958333333333,23.599583333333335],[99.29124999999999,23.50625],[99.26375,23.499583333333334],[99.26208333333334,23.47791666666667],[99.21541666666667,23.444583333333334],[99.18375,23.38791666666667],[99.18791666666667,23.336250000000003],[99.21124999999999,23.30375],[99.17208333333333,23.26791666666667],[99.17041666666667,23.21541666666667],[99.18541666666667,23.19041666666667],[99.16375,23.168750000000003],[99.17041666666667,23.091250000000002],[99.23041666666667,23.084583333333335],[99.23458333333333,23.099583333333335],[99.27791666666667,23.111250000000002],[99.31208333333333,23.100416666666668],[99.33125,23.146250000000002],[99.38791666666667,23.099583333333335],[99.43708333333333,23.083750000000002],[99.51125,23.085416666666667],[99.53291666666667,23.05541666666667],[99.51791666666666,23.02041666666667],[99.53375,22.963750000000005],[99.55291666666666,22.960416666666667],[99.57958333333333,22.922083333333337],[99.63708333333334,22.933750000000003],[99.66041666666666,22.906250000000004],[99.65291666666667,22.89291666666667],[99.68708333333333,22.80291666666667],[99.70625,22.81041666666667],[99.71875,22.797083333333337],[99.70291666666667,22.757083333333334],[99.71791666666667,22.62541666666667],[99.64541666666666,22.581250000000004],[99.57791666666667,22.577916666666667],[99.55708333333334,22.534583333333337],[99.51708333333333,22.517083333333336],[99.46541666666667,22.397083333333335],[99.44541666666666,22.403750000000002],[99.39125,22.38125],[99.37208333333334,22.338750000000005],[99.37958333333333,22.317083333333336],[99.40791666666667,22.317083333333336],[99.40958333333333,22.298750000000005],[99.43791666666667,22.282083333333336],[99.47208333333333,22.291250000000005],[99.52458333333334,22.271250000000002],[99.50708333333333,22.229583333333338],[99.51291666666667,22.18791666666667],[99.47874999999999,22.149583333333336],[99.48291666666667,22.136250000000004],[99.42541666666666,22.124583333333334],[99.40125,22.103750000000005],[99.36375,22.107083333333335],[99.36208333333333,22.08041666666667],[99.33375,22.073750000000004],[99.33708333333334,22.05708333333334],[99.25291666666666,22.025416666666672],[99.29458333333334,21.94375],[99.26875,21.909583333333337],[99.29124999999999,21.862083333333338],[99.24125,21.843750000000004],[99.24041666666666,21.80708333333334],[99.22125,21.782916666666672],[99.24125,21.704583333333336],[99.30125,21.709583333333335],[99.33791666666667,21.646250000000002],[99.33541666666666,21.622083333333336],[99.43458333333334,21.547083333333337],[99.43791666666667,21.50041666666667],[99.46958333333333,21.49291666666667],[99.48875,21.448750000000004],[99.48291666666667,21.401250000000005],[99.44958333333334,21.36958333333334],[99.42125,21.291250000000005],[99.42541666666666,21.258750000000003],[99.51458333333333,21.18541666666667],[99.51291666666667,21.124583333333337],[99.54625,21.10291666666667],[99.58125,21.10291666666667],[99.60958333333333,21.019583333333337],[99.55291666666666,20.986250000000005],[99.43791666666667,21.01375],[99.40875,20.90291666666667],[99.33208333333333,20.887083333333337],[99.36041666666667,20.86291666666667],[99.32708333333333,20.784583333333337],[99.28291666666667,20.764583333333334],[99.26875,20.70791666666667],[99.17625,20.708750000000002],[99.16291666666666,20.691250000000004],[99.16958333333334,20.667083333333338],[99.14125,20.63125],[99.15958333333333,20.596250000000005],[99.15875,20.548750000000005],[99.12791666666666,20.532916666666672],[99.14208333333333,20.514583333333334],[99.12958333333333,20.49541666666667],[99.05208333333333,20.45041666666667],[99.05791666666667,20.424583333333338],[99.09125,20.403750000000002],[99.07375,20.37041666666667],[99.10541666666667,20.319583333333334],[99.20875,20.342916666666667],[99.24625,20.31875],[99.23875,20.271250000000002],[99.21791666666667,20.246250000000003],[99.18708333333333,20.24041666666667],[99.19208333333333,20.214583333333337],[99.16041666666666,20.19041666666667],[99.17041666666667,20.155416666666667],[99.16041666666666,20.132083333333334],[99.13291666666666,20.118750000000006],[99.13374999999999,20.101250000000004],[99.07791666666667,20.102083333333336],[99.04458333333334,20.040416666666673],[99.05458333333333,20.00291666666667],[99.03208333333333,19.97291666666667],[99.05541666666667,19.86958333333334],[99.03375,19.75041666666667],[98.98125,19.732916666666668],[98.90708333333333,19.793750000000003],[98.86125,19.793750000000003],[98.83791666666667,19.813750000000006],[98.77958333333333,19.75208333333334],[98.71124999999999,19.76791666666667],[98.62541666666667,19.728750000000005],[98.62708333333333,19.713750000000005],[98.58958333333334,19.71541666666667],[98.56708333333333,19.672083333333337],[98.50874999999999,19.717916666666667],[98.46708333333333,19.69291666666667],[98.47041666666667,19.66041666666667],[98.54041666666666,19.611250000000005],[98.54291666666667,19.55791666666667],[98.56375,19.548750000000005],[98.56791666666666,19.50791666666667],[98.59541666666667,19.489583333333336],[98.58458333333333,19.438750000000006],[98.59625,19.406250000000004],[98.57375,19.386250000000004],[98.59541666666667,19.354583333333338],[98.60541666666667,19.278750000000002],[98.58791666666667,19.25625],[98.59875,19.228750000000005],[98.56791666666666,19.208750000000002],[98.63374999999999,19.157083333333336],[98.65208333333334,19.09291666666667],[98.62625,19.06125],[98.62958333333333,19.043750000000003],[98.57958333333333,19.048750000000005],[98.52791666666667,19.025416666666672],[98.43791666666667,19.047916666666673],[98.41708333333334,19.028750000000002],[98.37208333333334,19.066250000000004],[98.37458333333333,19.08708333333334],[98.35291666666666,19.09041666666667],[98.34208333333333,19.151250000000005],[98.25208333333333,19.16041666666667],[98.24041666666666,19.14291666666667],[98.25125,19.108750000000004],[98.18458333333334,19.031250000000004],[98.15791666666667,18.92041666666667],[98.10125,18.884583333333335],[98.08125,18.837083333333336],[98.09208333333333,18.777083333333337],[98.12041666666667,18.77291666666667],[98.09791666666666,18.738750000000003],[98.10625,18.64791666666667],[98.18291666666667,18.626250000000002],[98.18125,18.609583333333337],[98.21041666666666,18.60791666666667],[98.23708333333333,18.56791666666667],[98.20875,18.53708333333334],[98.17375,18.547083333333337],[98.17125,18.524583333333336],[98.12041666666667,18.499583333333337],[98.10625,18.458750000000002],[98.07375,18.429583333333337],[98.08791666666667,18.400416666666672],[98.07208333333332,18.358750000000004],[98.14375,18.292083333333338],[98.14958333333334,18.226250000000004],[98.20708333333333,18.249583333333337],[98.23541666666667,18.18041666666667],[98.29291666666667,18.17541666666667],[98.33125,18.137083333333337],[98.36291666666666,18.15541666666667],[98.38041666666666,18.11291666666667],[98.35791666666667,18.069583333333338],[98.37291666666667,18.027083333333337],[98.32541666666667,18.02291666666667],[98.29625,17.94708333333334],[98.31041666666667,17.916250000000005],[98.29708333333333,17.891250000000003],[98.24458333333334,17.87791666666667],[98.23791666666666,17.82291666666667],[98.20125,17.774583333333336],[98.22791666666666,17.723750000000003],[98.29291666666667,17.70041666666667],[98.27791666666667,17.67541666666667],[98.25291666666666,17.67041666666667],[98.24458333333334,17.60791666666667],[98.25541666666666,17.57291666666667],[98.29791666666667,17.576250000000005],[98.32708333333333,17.491250000000004],[98.32291666666667,17.417083333333338],[98.29124999999999,17.407916666666672],[98.33375,17.34958333333334],[98.32124999999999,17.311250000000005],[98.36041666666667,17.289583333333336],[98.35708333333334,17.273750000000003],[98.41624999999999,17.211250000000003],[98.52958333333333,17.142083333333336],[98.54541666666667,17.115416666666672],[98.58208333333333,17.112083333333338],[98.63041666666666,17.07208333333334],[98.70708333333333,17.052916666666672],[98.77291666666666,16.966250000000002],[98.83208333333333,16.922083333333337],[98.83958333333334,16.887083333333337],[98.82708333333333,16.872083333333336],[98.84291666666667,16.845416666666672],[98.94958333333334,16.76041666666667],[98.96208333333334,16.727083333333336],[98.99791666666667,16.713750000000005],[99.02374999999999,16.66208333333334],[99.01541666666667,16.633750000000003],[99.04541666666667,16.606250000000003],[99.02291666666666,16.57541666666667],[99.02958333333333,16.493750000000006],[99.00291666666666,16.504583333333336],[98.98625,16.492083333333337],[98.99541666666667,16.453750000000003],[99.02208333333333,16.43208333333334],[99.02374999999999,16.380416666666672],[99.00208333333333,16.367083333333337],[98.93125,16.39208333333334],[98.91791666666667,16.383750000000003],[98.90958333333333,16.346250000000005],[98.92625,16.345416666666672],[98.92958333333333,16.311250000000005],[98.91041666666666,16.29791666666667],[98.90458333333333,16.253750000000004],[98.85125,16.222083333333337],[98.86208333333333,16.173750000000005],[98.84875,16.12791666666667],[98.79625,16.104583333333338],[98.77958333333333,16.12708333333334],[98.72458333333333,16.11791666666667],[98.70958333333333,16.13541666666667],[98.68708333333333,16.13291666666667],[98.66708333333334,16.11041666666667],[98.67375,16.094583333333336],[98.65958333333333,16.094583333333336],[98.66291666666666,16.074583333333337],[98.62625,16.061250000000005],[98.62541666666667,16.041250000000005],[98.60875,16.041250000000005],[98.58958333333334,16.076250000000005],[98.56208333333333,16.04458333333334],[98.60875,15.977083333333336],[98.58375,15.915416666666673],[98.59958333333333,15.867083333333337],[98.63041666666666,15.84041666666667],[98.61875,15.817083333333336],[98.63208333333333,15.78541666666667],[98.61375,15.75791666666667],[98.63541666666667,15.726250000000004],[98.63875,15.638750000000005],[98.72375,15.518750000000004],[98.71958333333333,15.505416666666672],[98.70291666666667,15.509583333333339],[98.70958333333333,15.486250000000005],[98.79541666666667,15.409583333333337],[98.78625,15.381250000000005],[98.75791666666666,15.368750000000006],[98.77458333333334,15.321250000000003],[98.74541666666667,15.279583333333338],[98.66375,15.275416666666672],[98.65625,15.306250000000006],[98.62875,15.314583333333339],[98.61375,15.342083333333338],[98.55291666666666,15.33541666666667],[98.53708333333333,15.371250000000003],[98.48791666666666,15.393750000000004],[98.48125,15.376250000000006],[98.45041666666667,15.383750000000003],[98.44958333333334,15.366250000000004],[98.41708333333334,15.365416666666672],[98.40625,15.338750000000005],[98.39458333333333,15.344583333333336],[98.41708333333334,15.273750000000003],[98.40375,15.254583333333336],[98.37458333333333,15.283750000000005],[98.29875,15.313750000000006],[98.30375,15.279583333333338],[98.28208333333333,15.272083333333338],[98.25874999999999,15.223750000000003],[98.20375,15.236250000000005],[98.18375,15.312083333333337],[98.13374999999999,15.333750000000006],[98.11458333333333,15.389583333333338],[98.06958333333333,15.434583333333336],[98.04458333333334,15.505416666666672],[98.01541666666667,15.524583333333336],[97.98791666666666,15.582083333333337],[97.94958333333334,15.606250000000003],[97.95041666666667,15.64208333333334],[97.92375,15.63791666666667],[97.90041666666667,15.67708333333334],[97.86875,15.67708333333334],[97.86541666666666,15.70791666666667],[97.88625,15.734583333333337],[97.83624999999999,15.862083333333338],[97.83291666666666,15.907083333333336],[97.85041666666666,15.927916666666672],[97.83375,15.971250000000005],[97.85041666666666,16.01791666666667],[97.83208333333333,16.028750000000006],[97.82958333333333,16.094583333333336],[97.80291666666666,16.131250000000005],[97.78708333333333,16.198750000000004],[97.76041666666667,16.20041666666667],[97.74541666666667,16.183750000000003],[97.69875,16.192083333333336],[97.66708333333334,16.14208333333334],[97.62541666666667,16.128750000000004],[97.61708333333333,16.161250000000003],[97.56875,16.164583333333336],[97.53625,16.196250000000003],[97.54458333333334,16.203750000000003],[97.51125,16.22458333333334],[97.51958333333333,16.241250000000004],[97.48375,16.28791666666667],[97.49541666666667,16.297083333333337],[97.48625,16.38291666666667],[97.49791666666667,16.39291666666667],[97.47458333333333,16.41208333333334],[97.47291666666666,16.437083333333337],[97.53875,16.446250000000003],[97.53375,16.496250000000003],[97.57708333333333,16.50791666666667],[97.58041666666666,16.54541666666667],[97.59875,16.55708333333334],[97.55458333333333,16.61958333333334],[97.48125,16.657083333333336],[97.48375,16.722083333333337],[97.39541666666666,16.886250000000004],[97.40541666666667,16.908750000000005],[97.39458333333333,16.948750000000004],[97.37791666666666,16.95291666666667],[97.35458333333334,17.076250000000005],[97.34625,17.093750000000004],[97.32041666666666,17.094583333333336],[97.27791666666667,17.161250000000003],[97.28041666666667,17.201250000000005],[97.31541666666666,17.208750000000006],[97.28791666666666,17.26791666666667],[97.32541666666667,17.30708333333334],[97.34958333333333,17.281250000000004],[97.36541666666666,17.28708333333334],[97.39625,17.334583333333338],[97.29625,17.556250000000002],[97.34291666666667,17.67541666666667],[97.36458333333333,17.677916666666672],[97.36458333333333,17.711250000000003],[97.39125,17.728750000000005],[97.38291666666666,17.796250000000004],[97.36041666666667,17.81458333333334],[97.41958333333334,18.10541666666667],[97.38625,18.171250000000004],[97.34208333333333,18.177916666666672],[97.33291666666666,18.203750000000003],[97.30625,18.199583333333337],[97.27791666666667,18.239583333333336],[97.23625,18.243750000000002],[97.22458333333333,18.261250000000004],[97.18458333333334,18.247083333333336],[97.15208333333334,18.303750000000004],[97.11708333333333,18.309583333333336],[97.10791666666667,18.333750000000002],[97.08791666666667,18.32041666666667],[97.08291666666666,18.288750000000004],[97.05958333333334,18.288750000000004],[97.04708333333333,18.32541666666667],[97.06291666666667,18.339583333333337],[97.04125,18.34791666666667],[97.03625,18.36958333333334],[96.98708333333333,18.376250000000002],[96.98375,18.40541666666667],[96.95708333333333,18.431250000000002],[96.97291666666666,18.452083333333338],[96.98541666666667,18.54541666666667],[96.96625,18.559583333333336],[96.97625,18.594583333333336],[96.94624999999999,18.61958333333334],[96.93041666666667,18.67291666666667],[96.95791666666666,18.694583333333338],[96.97125,18.75291666666667],[96.99708333333334,18.75291666666667],[97.02791666666667,18.77791666666667],[97.04291666666667,18.822083333333335],[97.02374999999999,18.865416666666672],[97.00041666666667,18.87708333333334],[97.01208333333334,18.90541666666667],[96.97125,18.93541666666667],[96.94375,18.99541666666667],[96.95375,19.018750000000004],[96.92875,19.05041666666667],[96.95041666666667,19.07041666666667],[96.92375,19.092083333333335],[96.91625,19.139583333333334],[96.84875,19.17541666666667],[96.85375,19.209583333333335],[96.82291666666667,19.24541666666667],[96.83458333333333,19.351250000000004],[96.74458333333334,19.46541666666667],[96.77708333333334,19.501250000000006],[96.83208333333333,19.453750000000003],[96.87875,19.48791666666667],[96.89375,19.45458333333334],[96.94458333333333,19.456250000000004],[96.97291666666666,19.419583333333335],[96.99125,19.413750000000004],[97.00125,19.43791666666667],[96.91708333333334,19.521250000000002],[96.89625,19.51708333333334],[96.86541666666666,19.546250000000004],[96.88458333333334,19.56541666666667],[96.89291666666666,19.622083333333336],[96.84041666666667,19.69375],[96.81458333333333,19.775416666666672],[96.81958333333333,19.79291666666667],[96.85541666666667,19.804583333333337],[96.85125,19.847083333333337],[96.83708333333334,19.883750000000003],[96.79291666666667,19.897083333333335],[96.75958333333334,19.94041666666667],[96.78291666666667,19.948750000000004],[96.80875,19.92541666666667],[96.80125,19.98541666666667],[96.77541666666667,20.02291666666667],[96.82208333333334,20.041250000000005],[96.83291666666666,20.07291666666667],[96.81875,20.108750000000004],[96.79958333333333,20.084583333333335],[96.77958333333333,20.088750000000005],[96.75041666666667,20.13291666666667],[96.73041666666667,20.133750000000003],[96.72708333333333,20.162916666666668],[96.67208333333333,20.19291666666667],[96.65791666666667,20.23041666666667],[96.61041666666667,20.271250000000002],[96.60208333333333,20.306250000000006],[96.62208333333334,20.319583333333334],[96.60041666666666,20.378750000000004],[96.53375,20.458750000000002],[96.54541666666667,20.569583333333334],[96.51208333333334,20.587916666666672],[96.51458333333333,20.60875],[96.56708333333333,20.63875],[96.56125,20.68958333333334],[96.62458333333333,20.696250000000003],[96.63208333333333,20.711250000000003],[96.60208333333333,20.769583333333337],[96.61708333333333,20.783750000000005],[96.60875,20.812083333333337],[96.57625,20.87375],[96.58624999999999,20.946250000000003],[96.62458333333333,20.95791666666667],[96.63458333333334,20.879583333333336],[96.69541666666666,20.86791666666667],[96.72125,20.843750000000004],[96.74375,20.854583333333338],[96.72625,20.903750000000002],[96.76208333333334,20.93041666666667],[96.76041666666667,20.962916666666672],[96.82708333333333,20.961250000000003],[96.83125,20.99041666666667],[96.80541666666667,21.016250000000003],[96.80375,21.05041666666667],[96.82041666666666,21.122083333333336],[96.85708333333334,21.13541666666667],[96.86875,21.17875],[96.90291666666667,21.20291666666667],[96.95291666666667,21.173750000000005],[96.97041666666667,21.139583333333334],[96.98208333333334,21.20541666666667],[97.01541666666667,21.17291666666667],[97.06041666666667,21.05541666666667],[97.04875,20.987083333333338],[97.07375,20.942083333333336],[97.06541666666666,20.91791666666667],[97.09791666666666,20.85541666666667],[97.11541666666666,20.853750000000005],[97.15041666666667,20.922083333333337],[97.16625,20.889583333333334],[97.21041666666666,20.914583333333336],[97.23958333333333,20.87541666666667],[97.28791666666666,20.897083333333335],[97.27541666666667,20.97791666666667],[97.30291666666666,21.069583333333334],[97.28958333333333,21.136250000000004],[97.31125,21.154583333333335],[97.32458333333334,21.207083333333337],[97.30875,21.237083333333338],[97.32708333333333,21.25625],[97.36291666666666,21.257083333333334],[97.38291666666666,21.232083333333335],[97.44458333333333,21.324583333333337],[97.43208333333334,21.472083333333337],[97.39208333333333,21.55375],[97.41208333333333,21.587916666666672],[97.39541666666666,21.63875],[97.39958333333334,21.69375],[97.42458333333333,21.734583333333337],[97.42958333333333,21.81041666666667],[97.46541666666667,21.81875],[97.47958333333334,21.798750000000005],[97.52458333333334,21.813750000000002],[97.52208333333333,21.886250000000004],[97.60291666666666,21.924583333333338],[97.59791666666666,21.948750000000004],[97.63208333333333,21.984583333333337],[97.62708333333333,22.01041666666667],[97.68041666666666,22.078750000000003],[97.67125,22.13125],[97.70625,22.228750000000005],[97.76541666666667,22.198750000000004],[97.78791666666666,22.25791666666667],[97.81875,22.234583333333337],[97.86375,22.25291666666667],[97.84625,22.292083333333338],[97.76208333333334,22.376250000000002],[97.77208333333333,22.406250000000004],[97.73208333333334,22.43291666666667],[97.73708333333333,22.459583333333335],[97.77875,22.459583333333335],[97.80791666666667,22.501250000000002],[97.88041666666666,22.527083333333337],[97.93291666666667,22.509583333333335],[97.98458333333333,22.51375],[97.99875,22.587916666666672],[98.07375,22.64291666666667],[98.06625,22.670416666666668],[98.10708333333334,22.69791666666667],[98.11291666666666,22.72625],[98.15625,22.751250000000002],[98.16375,22.772916666666667],[98.20791666666666,22.782083333333336],[98.21958333333333,22.833750000000002],[98.27541666666667,22.874583333333334],[98.26291666666667,22.908750000000005],[98.27458333333334,22.922083333333337],[98.19624999999999,22.957083333333337],[98.21708333333333,22.984583333333337],[98.19958333333334,23.003750000000004],[98.23125,23.044583333333335],[98.15791666666667,23.073750000000004],[98.15875,23.093750000000004],[98.02458333333334,23.111250000000002],[98.05125,23.121250000000003],[98.06125,23.166250000000005],[98.10625,23.191250000000004],[98.14625,23.17541666666667],[98.21791666666667,23.234583333333337],[98.23708333333333,23.228750000000005],[98.34208333333333,23.287916666666668],[98.33291666666666,23.30541666666667],[98.27958333333333,23.299583333333338],[98.30208333333333,23.309583333333336],[98.30208333333333,23.324583333333337],[98.32541666666667,23.322083333333335],[98.33708333333334,23.347083333333337],[98.29291666666667,23.382083333333334],[98.25125,23.38875],[98.23791666666666,23.412916666666668],[98.25708333333333,23.43291666666667],[98.24208333333333,23.458750000000002],[98.16875,23.44291666666667],[98.08041666666666,23.516250000000003],[98.11541666666666,23.567083333333336],[98.08291666666666,23.583750000000002],[98.07708333333333,23.611250000000002],[98.09375,23.640416666666667],[98.06208333333333,23.66791666666667],[98.08541666666666,23.706250000000004],[98.11458333333333,23.708750000000002],[98.14625,23.73791666666667],[98.13374999999999,23.74875],[98.14458333333333,23.80041666666667],[98.09291666666667,23.848750000000003],[98.13208333333333,23.90791666666667],[98.17208333333333,23.912916666666668],[98.17625,23.959583333333335],[98.19875,23.982083333333335],[98.21458333333334,24.051250000000003],[98.19875,24.06791666666667],[98.20458333333333,24.104583333333338],[98.18458333333334,24.112083333333338],[98.25874999999999,24.17541666666667],[98.27708333333334,24.16541666666667],[98.35458333333334,24.17541666666667],[98.37875,24.225416666666668],[98.40875,24.20791666666667],[98.47291666666666,24.23791666666667],[98.51041666666667,24.22791666666667],[98.53625,24.246250000000003],[98.60374999999999,24.224583333333335],[98.63625,24.239583333333336],[98.65625,24.291250000000005],[98.69958333333334,24.291250000000005],[98.72041666666667,24.32291666666667],[98.72458333333333,24.36791666666667],[98.68791666666667,24.417083333333338],[98.68458333333334,24.45041666666667],[98.73458333333333,24.47625],[98.72791666666666,24.49458333333334],[98.78625,24.567083333333336],[98.76208333333334,24.59375],[98.83458333333333,24.639583333333334],[98.87541666666667,24.639583333333334],[98.83375,24.65041666666667],[98.81458333333333,24.684583333333336],[98.76791666666666,24.687083333333334],[98.74791666666667,24.74291666666667],[98.77374999999999,24.804583333333333],[98.74791666666667,24.95125],[98.75791666666666,24.966250000000002],[98.74375,24.97791666666667],[98.75208333333333,25.05375],[98.72625,25.10125],[98.73791666666666,25.12791666666667],[98.72625,25.161250000000003],[98.74541666666667,25.195416666666667],[98.72458333333333,25.204583333333336],[98.72458333333333,25.227083333333336],[98.74458333333334,25.377083333333335],[98.76541666666667,25.41375],[98.76375,25.518750000000004],[98.77708333333334,25.534583333333337],[98.75208333333333,25.584583333333335],[98.76791666666666,25.687083333333334],[98.74708333333334,25.705416666666668],[98.75208333333333,25.736250000000002],[98.73625,25.742083333333333],[98.74375,25.774583333333336],[98.71208333333334,25.806250000000002],[98.73041666666667,25.838750000000005],[98.68958333333333,25.911250000000003],[98.67958333333333,25.969583333333336],[98.69458333333333,26.02041666666667],[98.65958333333333,26.087083333333336],[98.72041666666667,26.13041666666667],[98.70791666666666,26.154583333333335],[98.73375,26.177083333333336],[98.71291666666667,26.23541666666667],[98.67208333333333,26.246250000000003],[98.68125,26.31125],[98.73375,26.352083333333333],[98.72708333333333,26.372083333333336],[98.75125,26.42541666666667],[98.74041666666666,26.439583333333335],[98.75708333333333,26.499583333333334],[98.75375,26.56541666666667],[98.78208333333333,26.60375],[98.76208333333334,26.66625],[98.77041666666666,26.69291666666667],[98.74291666666667,26.71291666666667],[98.76208333333334,26.80291666666667],[98.73041666666667,26.854583333333338],[98.75791666666666,26.88125],[98.73291666666667,27.00541666666667],[98.76375,27.022083333333335],[98.76791666666666,27.043750000000003],[98.74541666666667,27.072916666666668],[98.71291666666667,27.078750000000003],[98.71124999999999,27.15791666666667],[98.69208333333333,27.198750000000004],[98.72375,27.225416666666668],[98.73125,27.247083333333336],[98.71708333333333,27.27375],[98.74041666666666,27.327916666666667],[98.73541666666667,27.35291666666667],[98.70375,27.368750000000002],[98.70208333333333,27.41625],[98.68625,27.431250000000002],[98.70291666666667,27.452083333333334],[98.68458333333334,27.488750000000003],[98.69125,27.517083333333336],[98.70541666666666,27.52041666666667],[98.70541666666666,27.562083333333334],[98.66791666666667,27.589583333333337],[98.64874999999999,27.56791666666667],[98.60791666666667,27.58125],[98.59041666666667,27.56791666666667],[98.56041666666667,27.647083333333335],[98.52708333333334,27.622083333333336],[98.47125,27.639583333333334],[98.44541666666666,27.66625],[98.45875,27.737083333333334],[98.44041666666666,27.77041666666667],[98.47791666666666,27.802083333333336],[98.47041666666667,27.820416666666667],[98.50541666666666,27.85375],[98.49375,27.879583333333336],[98.46458333333334,27.884583333333335],[98.48791666666666,27.92791666666667],[98.46625,27.95041666666667],[98.46375,27.981250000000003],[98.41208333333333,28.007083333333334],[98.42541666666666,28.03541666666667],[98.40458333333333,28.04291666666667],[98.39208333333333,28.083750000000002],[98.38958333333333,28.17125],[98.37041666666667,28.18625],[98.37708333333333,28.253750000000004],[98.35458333333334,28.29625],[98.31791666666666,28.321250000000003],[98.32208333333332,28.350416666666668],[98.29124999999999,28.397083333333335],[98.29791666666667,28.432916666666667],[98.23958333333333,28.43541666666667],[98.18291666666667,28.50625],[98.11041666666667,28.537083333333335],[98.08458333333333,28.597083333333334],[98.04958333333333,28.609583333333333],[98.03625,28.67875],[98.06125,28.69375],[98.08125,28.745416666666667],[98.04541666666667,28.754583333333336],[97.99625,28.72625],[97.94958333333334,28.725416666666668],[97.93041666666666,28.765416666666667],[97.89375,28.764583333333334],[97.88708333333334,28.746250000000003],[97.83541666666666,28.724583333333335],[97.83458333333333,28.76291666666667],[97.76791666666666,28.769583333333337],[97.76875,28.815416666666668],[97.72291666666666,28.83291666666667],[97.67375,28.88041666666667],[97.66708333333334,28.91041666666667],[97.59458333333333,28.96875],[97.58708333333334,28.99875],[97.55708333333334,29.014583333333334],[97.57541666666667,29.044583333333335],[97.55541666666667,29.058750000000003],[97.54958333333333,29.11041666666667],[97.51791666666666,29.139583333333334],[97.53791666666666,29.20375],[97.50041666666667,29.24041666666667],[97.47541666666666,29.22125],[97.42791666666666,29.223750000000003],[97.43208333333334,29.29625],[97.37875,29.371250000000003],[97.37958333333333,29.40125],[97.41375,29.460416666666667],[97.40708333333333,29.477083333333333],[97.37791666666666,29.50541666666667],[97.34458333333333,29.482916666666668],[97.32124999999999,29.50625],[97.27125,29.488750000000003],[97.24375,29.449583333333337],[97.20791666666666,29.46375],[97.18375,29.446250000000003],[97.16791666666667,29.484583333333333],[97.14874999999999,29.48541666666667],[97.14375,29.52375],[97.07124999999999,29.557916666666667],[97.09875,29.621250000000003],[97.09458333333333,29.65875],[97.04708333333333,29.65791666666667],[97.01791666666666,29.682083333333335],[97.01208333333334,29.736250000000002],[96.94041666666666,29.737916666666667],[96.92625,29.716250000000002],[96.94708333333334,29.67291666666667],[96.92625,29.63791666666667],[96.93125,29.618750000000002],[96.90541666666667,29.607916666666668],[96.81125,29.647916666666667],[96.78458333333333,29.634583333333335],[96.73208333333334,29.668750000000003],[96.71291666666667,29.67125],[96.69041666666666,29.649583333333336],[96.66458333333333,29.707083333333337],[96.60708333333334,29.712083333333336],[96.60708333333334,29.699583333333337],[96.57208333333334,29.69125],[96.56125,29.71541666666667],[96.52125,29.712083333333336],[96.48541666666667,29.742083333333333],[96.47791666666666,29.79791666666667],[96.41958333333334,29.834583333333335],[96.43541666666667,29.867083333333333],[96.40208333333334,29.89125],[96.40708333333333,29.90791666666667],[96.38791666666667,29.909583333333334],[96.38374999999999,29.952083333333334],[96.32208333333334,29.96291666666667],[96.32541666666667,29.981250000000003],[96.30375,30.004583333333336],[96.26791666666666,30.004583333333336],[96.25125,30.024583333333336],[96.27541666666667,30.03541666666667],[96.28041666666667,30.06791666666667],[96.21041666666666,30.07875],[96.19458333333333,30.10125],[96.21875,30.132083333333334],[96.20208333333333,30.176250000000003],[96.17041666666667,30.173750000000002],[96.17958333333333,30.217083333333335],[96.11625,30.197916666666668],[96.09375,30.24875],[96.07875,30.237916666666667],[96.04791666666667,30.260416666666668],[95.99791666666667,30.23375],[95.97041666666667,30.25375],[95.92708333333333,30.252916666666668],[95.90375,30.289583333333333],[95.85875,30.306250000000002],[95.85541666666667,30.327916666666667],[95.88125,30.34791666666667],[95.81291666666667,30.367916666666666],[95.75874999999999,30.42791666666667],[95.75041666666667,30.459583333333335],[95.69375,30.484583333333333],[95.71124999999999,30.552083333333336],[95.60291666666667,30.569583333333334],[95.54541666666667,30.607916666666668],[95.50541666666666,30.589583333333334],[95.44208333333333,30.620416666666667],[95.42625,30.618750000000002],[95.42208333333333,30.577916666666667],[95.38458333333334,30.59041666666667],[95.35958333333333,30.557916666666667],[95.31541666666666,30.59625],[95.33791666666667,30.625416666666666],[95.26125,30.65875],[95.22375,30.646250000000002],[95.22375,30.624583333333334],[95.20541666666666,30.614583333333336],[95.13041666666666,30.675416666666667],[95.09625,30.664583333333333],[95.08041666666666,30.63375],[95.07541666666667,30.612083333333334],[95.09541666666667,30.582083333333333],[95.02791666666667,30.580416666666668],[95.01625,30.562083333333334],[94.96708333333333,30.592916666666667],[94.91708333333334,30.58125],[94.90875,30.59791666666667],[94.83958333333334,30.618750000000002],[94.76625,30.597083333333334],[94.72541666666666,30.60875],[94.69458333333333,30.63791666666667],[94.65791666666667,30.607083333333335],[94.59041666666667,30.605416666666667],[94.57291666666667,30.662916666666668],[94.58791666666667,30.67875],[94.63208333333333,30.673750000000002],[94.64791666666666,30.70041666666667],[94.61541666666666,30.74791666666667],[94.62791666666666,30.769583333333333],[94.52291666666666,30.798750000000002],[94.54208333333334,30.847083333333334],[94.48708333333333,30.872083333333336],[94.46125,30.94125],[94.41458333333333,30.926250000000003],[94.38708333333334,30.93541666666667],[94.36375,30.904583333333335],[94.33375,30.905416666666667],[94.31958333333333,30.848750000000003],[94.23458333333333,30.877083333333335],[94.13791666666667,30.852083333333333],[94.06541666666666,30.877083333333335],[94.04541666666667,30.867916666666666],[93.98708333333333,30.88041666666667],[93.95958333333333,30.83875],[93.92208333333333,30.84375],[93.85791666666667,30.90791666666667],[93.76208333333334,30.905416666666667],[93.69625,30.93625],[93.64041666666667,30.919583333333335],[93.64875,30.94125],[93.62125,30.94291666666667],[93.61291666666666,30.967083333333335],[93.57791666666667,30.96875],[93.54708333333333,30.997083333333336],[93.51208333333334,30.999583333333334],[93.44291666666666,31.04041666666667],[93.42208333333333,31.039583333333333],[93.40625,31.017916666666668],[93.36958333333334,31.02375],[93.33708333333334,30.989583333333336],[93.29791666666667,30.980416666666667],[93.28708333333333,31.03375],[93.32125,31.065416666666668],[93.33458333333333,31.057083333333335],[93.35208333333333,31.083750000000002],[93.26125,31.15041666666667],[93.25958333333334,31.184583333333336],[93.23208333333334,31.167083333333334],[93.09375,31.162083333333335],[93.06291666666667,31.17791666666667],[93.07125,31.22125],[93.05458333333333,31.247083333333336],[92.98125,31.27541666666667],[92.93125,31.24625],[92.87958333333333,31.250416666666666],[92.85458333333334,31.267916666666668],[92.81958333333333,31.188750000000002],[92.84375,31.187916666666666],[92.86458333333333,31.149583333333336],[92.81458333333333,31.15875],[92.79708333333333,31.132916666666667],[92.69375,31.12375],[92.66125,31.102083333333333],[92.65375,31.067083333333336],[92.61458333333333,31.04791666666667],[92.58041666666666,31.049583333333334],[92.56875,31.064583333333335],[92.49791666666667,31.02625],[92.46541666666667,31.02625],[92.44791666666667,31.009583333333335],[92.45125,30.97041666666667],[92.42958333333334,30.97291666666667],[92.37208333333334,30.911250000000003],[92.33625,30.89375],[92.26125,30.90041666666667],[92.26458333333333,30.850416666666668],[92.24041666666666,30.857083333333335],[92.21208333333334,30.89875],[92.19458333333333,30.877916666666668],[92.15791666666667,30.877083333333335],[92.15791666666667,30.862916666666667],[92.12875,30.856250000000003],[92.10041666666666,30.85875],[92.05958333333334,30.904583333333335],[92.03708333333333,30.870416666666667],[91.98875,30.885416666666668]]]}},{"type":"Feature","properties":{"basin":"Other"},"geometry":{"type":"MultiPolygon","coordinates":[[[[99.60860000000008,6.60833000000008],[99.66281000000004,6.703000000000088],[99.68137000000007,6.679100000000062],[99.70228000000003,6.542500000000075],[99.66804000000008,6.496390000000076],[99.65263000000004,6.49479000000008],[99.59665000000007,6.585280000000068],[99.60860000000008,6.60833000000008]]],[[[98.40193000000005,8.081390000000056],[98.41863000000006,7.997460000000046],[98.40006000000005,7.979110000000048],[98.39985000000007,7.94175000000007],[98.41394000000008,7.9046200000000795],[98.44109000000003,7.906110000000069],[98.43637000000007,7.871660000000077],[98.30908000000005,7.757220000000075],[98.28388000000007,7.787780000000055],[98.27193000000005,7.9222200000000385],[98.28207000000003,8.183330000000069],[98.31957000000006,8.175140000000056],[98.34305000000006,8.108890000000088],[98.40193000000005,8.081390000000056]]],[[[98.61082000000005,8.051110000000051],[98.61138000000005,7.954720000000066],[98.59839000000005,7.899030000000039],[98.57492000000008,7.913540000000069],[98.52818000000008,8.120000000000061],[98.59360000000004,8.078890000000058],[98.61082000000005,8.051110000000051]]],[[[99.98610000000008,9.576110000000085],[100.07763000000006,9.588330000000042],[100.09193000000005,9.56597000000005],[100.06903000000005,9.470830000000092],[100.01998000000003,9.422640000000058],[99.97331000000003,9.413610000000062],[99.94102000000004,9.422570000000064],[99.93221000000005,9.546940000000063],[99.98610000000008,9.576110000000085]]],[[[98.28832000000006,10.00750000000005],[98.17596000000003,9.924440000000061],[98.13602000000003,9.839580000000069],[98.11463000000003,9.85958000000005],[98.11582000000004,9.91611000000006],[98.17512000000005,10.014440000000093],[98.25722000000007,10.057220000000086],[98.28943000000004,10.053680000000043],[98.28832000000006,10.00750000000005]]],[[[98.17331000000007,10.978890000000092],[98.21220000000005,10.94778000000008],[98.26749000000007,10.826940000000093],[98.28385000000003,10.725280000000055],[98.26680000000005,10.690690000000075],[98.23165000000006,10.689860000000067],[98.24040000000008,10.825000000000045],[98.21416000000005,10.864440000000059],[98.15471000000008,10.922640000000058],[98.08679000000006,10.87444000000005],[98.07699000000008,10.88722000000007],[98.13985000000008,10.975550000000055],[98.17331000000007,10.978890000000092]]],[[[98.28581000000003,11.613890000000083],[98.28082000000006,11.48166000000009],[98.20999000000006,11.444580000000087],[98.16694000000007,11.451110000000085],[98.28013000000004,11.798750000000041],[98.30165000000005,11.783060000000091],[98.32028000000008,11.725900000000081],[98.28581000000003,11.613890000000083]]],[[[98.38136000000003,11.790000000000077],[98.52804000000003,11.802500000000066],[98.54888000000005,11.788330000000087],[98.54603000000003,11.609790000000089],[98.52666000000005,11.581940000000088],[98.42735000000005,11.56069000000008],[98.37499000000008,11.67722000000009],[98.37025000000006,11.783750000000055],[98.38136000000003,11.790000000000077]]],[[[98.66402000000005,11.944440000000043],[98.47916000000004,11.88722000000007],[98.43886000000003,12.006670000000042],[98.42708000000005,12.098610000000065],[98.43859000000003,12.111390000000085],[98.46595000000008,12.086530000000039],[98.51899000000003,12.000000000000057],[98.56053000000003,11.995550000000037],[98.66402000000005,11.944440000000043]]],[[[98.03734000000003,12.205140000000085],[98.05748000000006,12.281040000000075],[98.12101000000007,12.280210000000068],[98.13909000000007,12.142080000000078],[98.07262000000003,12.16250000000008],[98.03734000000003,12.205140000000085]]],[[[97.95860000000005,12.384720000000073],[98.07693000000006,12.416390000000092],[98.10527000000008,12.398470000000088],[98.09166000000005,12.360550000000046],[98.00555000000003,12.281940000000077],[97.93720000000008,12.340690000000052],[97.95860000000005,12.384720000000073]]],[[[98.35985000000005,12.323890000000063],[98.34693000000004,12.31597000000005],[98.30498000000006,12.333750000000066],[98.33387000000005,12.430000000000064],[98.30220000000003,12.59361000000007],[98.30054000000007,12.632700000000057],[98.32193000000007,12.671110000000056],[98.39499000000006,12.646390000000054],[98.46624000000003,12.573610000000087],[98.46651000000003,12.47652000000005],[98.35985000000005,12.323890000000063]]],[[[101.44875,15.269583333333337],[101.44875,15.27041666666667],[101.44958333333334,15.27041666666667],[101.44958333333334,15.269583333333337],[101.44875,15.269583333333337]]],[[[94.65096000000005,16.24347000000006],[94.67082000000005,16.184440000000052],[94.65138000000007,16.11444000000006],[94.58486000000005,16.01153000000005],[94.41582000000005,15.86805000000004],[94.38150000000007,15.984440000000063],[94.46499000000006,16.037220000000048],[94.60096000000004,16.216380000000072],[94.65096000000005,16.24347000000006]]],[[[97.51958333333333,16.241074046579453],[97.51937616966595,16.241250000000004],[97.51958333333333,16.241250000000004],[97.51958333333333,16.241074046579453]]],[[[97.50564009425891,16.25291666666667],[97.50625,16.25291666666667],[97.50625,16.25239864628832],[97.50564009425891,16.25291666666667]]],[[[97.53458333333333,16.44708333333334],[97.47291666666666,16.437083333333337],[97.47458333333333,16.41208333333334],[97.49791666666667,16.39291666666667],[97.48625,16.38291666666667],[97.49541666666667,16.297083333333337],[97.48375,16.28791666666667],[97.50541666666666,16.253106433770125],[97.49276000000003,16.267220000000066],[97.46582000000006,16.318050000000085],[97.44846000000007,16.44500000000005],[97.46720000000005,16.486870000000067],[97.51555000000008,16.506110000000092],[97.54791666666667,16.49752760037798],[97.53375,16.496250000000003],[97.53458333333333,16.44708333333334]]],[[[101.08541666666666,16.896250000000006],[101.08458333333333,16.896250000000006],[101.08458333333333,16.897083333333338],[101.08541666666666,16.897083333333338],[101.08541666666666,16.896250000000006]]],[[[101.30708333333334,17.23291666666667],[101.30791666666667,17.23291666666667],[101.30791666666667,17.23208333333334],[101.30708333333334,17.23208333333334],[101.30708333333334,17.23291666666667]]],[[[101.41208333333333,17.263750000000005],[101.41208333333333,17.26291666666667],[101.41125,17.26291666666667],[101.41125,17.263750000000005],[101.41208333333333,17.263750000000005]]],[[[98.37458333333333,18.097083333333337],[98.37541666666667,18.097083333333337],[98.37541666666667,18.096250000000005],[98.37458333333333,18.096250000000005],[98.37458333333333,18.097083333333337]]],[[[95.13791666666667,16.306250000000006],[95.15458333333333,16.35041666666667],[95.19125,16.346250000000005],[95.18541666666667,16.376250000000002],[95.20541666666666,16.37791666666667],[95.22041666666667,16.407083333333336],[95.23125,16.44791666666667],[95.21875,16.457083333333337],[95.23125,16.47291666666667],[95.22041666666667,16.49291666666667],[95.23875,16.489583333333336],[95.25541666666666,16.523750000000003],[95.29125,16.523750000000003],[95.30875,16.54458333333334],[95.30375,16.561250000000005],[95.32791666666667,16.571250000000003],[95.31791666666666,16.583750000000006],[95.32958333333333,16.604583333333338],[95.35375,16.611250000000005],[95.35375,16.674583333333338],[95.37041666666667,16.67541666666667],[95.38041666666666,16.648750000000003],[95.40041666666667,16.649583333333336],[95.39875,16.684583333333336],[95.41791666666667,16.694583333333338],[95.43375,16.747916666666672],[95.45375,16.75541666666667],[95.45375,16.784583333333337],[95.51708333333333,16.791250000000005],[95.52791666666667,16.821250000000003],[95.57541666666667,16.83541666666667],[95.56708333333333,16.847083333333337],[95.59708333333333,16.889583333333338],[95.58125,16.909583333333337],[95.60125,16.91958333333334],[95.57625,16.96041666666667],[95.60375,16.993750000000006],[95.62541666666667,16.973750000000003],[95.63291666666666,17.04541666666667],[95.65958333333333,17.047083333333337],[95.69958333333334,16.99291666666667],[95.72875,17.01041666666667],[95.72125,17.063750000000002],[95.70291666666667,17.066250000000004],[95.69541666666666,17.09208333333334],[95.66041666666666,17.093750000000004],[95.66958333333334,17.141250000000003],[95.59458333333333,17.293750000000003],[95.60375,17.326250000000005],[95.69958333333334,17.383750000000003],[95.69791666666667,17.43958333333334],[95.60875,17.525416666666672],[95.60375,17.552916666666672],[95.63208333333333,17.568750000000005],[95.62875,17.584583333333338],[95.59041666666667,17.598750000000003],[95.55625,17.653750000000002],[95.51708333333333,17.679583333333337],[95.48625,17.678750000000004],[95.50458333333333,17.75791666666667],[95.48625,17.77291666666667],[95.50208333333333,17.798750000000005],[95.49041666666666,17.834583333333338],[95.51375,17.847083333333337],[95.52125,17.91291666666667],[95.55458333333333,17.90791666666667],[95.57291666666667,17.88541666666667],[95.59791666666666,17.889583333333338],[95.60291666666667,17.898750000000003],[95.58625,17.934583333333336],[95.54125,17.93958333333334],[95.52625,17.99458333333334],[95.50125,18.013750000000005],[95.51625,18.06291666666667],[95.44875,18.117083333333337],[95.45208333333333,18.17541666666667],[95.43625,18.209583333333338],[95.45125,18.267083333333336],[95.44291666666666,18.354583333333338],[95.47375,18.388750000000005],[95.47625,18.419583333333335],[95.51291666666667,18.433750000000003],[95.51375,18.44791666666667],[95.57875,18.45541666666667],[95.68625,18.50041666666667],[95.69875,18.52291666666667],[95.73875,18.503750000000004],[95.75541666666666,18.532083333333336],[95.78291666666667,18.518750000000004],[95.88291666666666,18.544583333333335],[95.89958333333334,18.49541666666667],[95.93208333333334,18.52791666666667],[95.95291666666667,18.518750000000004],[95.96708333333333,18.53791666666667],[95.93708333333333,18.591250000000002],[95.96291666666667,18.634583333333335],[95.95875,18.656250000000004],[95.93125,18.666250000000005],[95.87625,18.78541666666667],[95.83791666666667,18.80791666666667],[95.85208333333333,18.819583333333338],[95.83875,18.843750000000004],[95.86458333333333,18.872083333333336],[95.84791666666666,18.89041666666667],[95.84625,18.94791666666667],[95.86208333333333,18.997083333333336],[95.83541666666666,19.029583333333335],[95.86208333333333,19.06791666666667],[95.82208333333334,19.19291666666667],[95.85291666666667,19.23041666666667],[95.85875,19.32041666666667],[95.81375,19.38541666666667],[95.81458333333333,19.43541666666667],[95.73958333333333,19.49791666666667],[95.72708333333333,19.522083333333335],[95.73791666666666,19.533750000000005],[95.71875,19.558750000000003],[95.73375,19.58041666666667],[95.71708333333333,19.646250000000002],[95.76375,19.679583333333337],[95.78041666666667,19.72291666666667],[95.76041666666667,19.757083333333338],[95.78541666666666,19.782916666666672],[95.78791666666666,19.81291666666667],[95.82041666666666,19.83041666666667],[95.80708333333334,19.88791666666667],[95.78791666666666,19.906250000000004],[95.79541666666667,19.94708333333334],[95.76375,19.98041666666667],[95.79375,20.01791666666667],[95.77458333333334,20.048750000000005],[95.80375,20.06458333333334],[95.79791666666667,20.097083333333337],[95.83541666666666,20.13541666666667],[95.79458333333334,20.164583333333336],[95.76791666666666,20.264583333333334],[95.73958333333333,20.275416666666672],[95.72375,20.350416666666668],[95.76208333333334,20.37708333333334],[95.80708333333334,20.36291666666667],[95.88041666666666,20.382083333333334],[95.91041666666666,20.36625],[95.94041666666666,20.387083333333337],[95.97125,20.38458333333334],[95.98958333333333,20.37375],[95.98625,20.342916666666667],[96.01458333333333,20.287916666666668],[96.01958333333333,20.324583333333337],[96.06875,20.37791666666667],[96.11458333333333,20.37791666666667],[96.18208333333334,20.409583333333337],[96.20458333333333,20.398750000000003],[96.25375,20.43291666666667],[96.29125,20.41791666666667],[96.30375,20.37708333333334],[96.33125,20.362083333333338],[96.36375,20.38291666666667],[96.36958333333334,20.418750000000003],[96.33458333333333,20.486250000000005],[96.30791666666667,20.49541666666667],[96.29375,20.48375],[96.29958333333333,20.57208333333334],[96.32708333333333,20.587916666666672],[96.35875,20.541250000000005],[96.41375,20.536250000000003],[96.42458333333333,20.578750000000003],[96.45125,20.59041666666667],[96.46791666666667,20.562083333333337],[96.48791666666666,20.57208333333334],[96.50791666666666,20.56041666666667],[96.53458333333333,20.507083333333334],[96.53375,20.458750000000002],[96.60041666666666,20.378750000000004],[96.62208333333334,20.319583333333334],[96.60208333333333,20.306250000000006],[96.61041666666667,20.271250000000002],[96.65791666666667,20.23041666666667],[96.67208333333333,20.19291666666667],[96.72708333333333,20.162916666666668],[96.73041666666667,20.133750000000003],[96.75041666666667,20.13291666666667],[96.77958333333333,20.088750000000005],[96.79958333333333,20.084583333333335],[96.80708333333334,20.108750000000004],[96.81875,20.108750000000004],[96.83291666666666,20.07291666666667],[96.82208333333334,20.041250000000005],[96.77541666666667,20.02291666666667],[96.80125,19.98541666666667],[96.80875,19.92541666666667],[96.78291666666667,19.948750000000004],[96.75958333333334,19.94041666666667],[96.79291666666667,19.897083333333335],[96.83708333333334,19.883750000000003],[96.85125,19.847083333333337],[96.85541666666667,19.804583333333337],[96.81958333333333,19.79291666666667],[96.81458333333333,19.775416666666672],[96.84041666666667,19.69375],[96.89291666666666,19.622083333333336],[96.88458333333334,19.56541666666667],[96.86541666666666,19.546250000000004],[96.89625,19.51708333333334],[96.91708333333334,19.521250000000002],[97.00125,19.43791666666667],[96.99125,19.413750000000004],[96.97291666666666,19.419583333333335],[96.94458333333333,19.456250000000004],[96.89375,19.45458333333334],[96.87875,19.48791666666667],[96.83208333333333,19.453750000000003],[96.77708333333334,19.501250000000006],[96.74458333333334,19.46541666666667],[96.83458333333333,19.351250000000004],[96.82291666666667,19.24541666666667],[96.85375,19.209583333333335],[96.84875,19.17541666666667],[96.91625,19.139583333333334],[96.92375,19.092083333333335],[96.95041666666667,19.07041666666667],[96.92875,19.05041666666667],[96.95375,19.018750000000004],[96.94375,18.99541666666667],[96.97125,18.93541666666667],[97.01208333333334,18.90541666666667],[97.00041666666667,18.87708333333334],[97.02374999999999,18.865416666666672],[97.04291666666667,18.822083333333335],[97.02791666666667,18.77791666666667],[96.99708333333334,18.75291666666667],[96.97125,18.75291666666667],[96.95791666666666,18.694583333333338],[96.93041666666667,18.67291666666667],[96.94624999999999,18.61958333333334],[96.97625,18.594583333333336],[96.96625,18.559583333333336],[96.98541666666667,18.54541666666667],[96.97291666666666,18.452083333333338],[96.95708333333333,18.431250000000002],[96.98375,18.40541666666667],[96.98708333333333,18.376250000000002],[97.03625,18.36958333333334],[97.04125,18.34791666666667],[97.06291666666667,18.339583333333337],[97.04708333333333,18.32541666666667],[97.05958333333334,18.288750000000004],[97.08291666666666,18.288750000000004],[97.08791666666667,18.32041666666667],[97.10791666666667,18.333750000000002],[97.11708333333333,18.309583333333336],[97.15208333333334,18.303750000000004],[97.18458333333334,18.247083333333336],[97.22458333333333,18.261250000000004],[97.23625,18.243750000000002],[97.27791666666667,18.239583333333336],[97.30625,18.199583333333337],[97.33291666666666,18.203750000000003],[97.34208333333333,18.177916666666672],[97.38625,18.171250000000004],[97.41958333333334,18.10541666666667],[97.36041666666667,17.81458333333334],[97.38291666666666,17.796250000000004],[97.39125,17.728750000000005],[97.36458333333333,17.711250000000003],[97.36458333333333,17.677916666666672],[97.34291666666667,17.67541666666667],[97.29625,17.556250000000002],[97.39625,17.334583333333338],[97.36541666666666,17.28708333333334],[97.34958333333333,17.281250000000004],[97.32541666666667,17.30708333333334],[97.28791666666666,17.26791666666667],[97.31541666666666,17.208750000000006],[97.28041666666667,17.201250000000005],[97.27791666666667,17.161250000000003],[97.32041666666666,17.094583333333336],[97.34625,17.093750000000004],[97.35458333333334,17.076250000000005],[97.37791666666666,16.95291666666667],[97.39458333333333,16.948750000000004],[97.40541666666667,16.908750000000005],[97.39541666666666,16.886250000000004],[97.48375,16.722083333333337],[97.48125,16.657083333333336],[97.55458333333333,16.61958333333334],[97.59958333333333,16.54791666666667],[97.57596000000007,16.533400000000086],[97.40693000000005,16.522560000000055],[97.37804000000006,16.49500000000006],[97.20471000000003,16.844720000000052],[97.21430000000004,16.900390000000073],[97.18610000000007,16.89972000000006],[97.15027000000003,17.123890000000074],[97.06165000000004,17.251940000000047],[96.89471000000003,17.38250000000005],[96.87804000000006,17.450000000000045],[96.84221000000008,17.404990000000055],[96.87943000000007,17.344440000000077],[96.84429000000006,17.191180000000088],[96.91248000000007,17.03666000000004],[96.87144000000006,16.922430000000077],[96.80789000000004,16.90444000000008],[96.84318000000007,16.871110000000044],[96.84665000000007,16.84298000000007],[96.77777000000003,16.703880000000083],[96.59624000000008,16.53875000000005],[96.46568000000008,16.50111000000004],[96.37747000000007,16.502500000000055],[96.29776000000004,16.550970000000063],[96.26471000000004,16.597500000000082],[96.22177000000005,16.745970000000057],[96.27662000000004,16.80361000000005],[96.24192000000005,16.803730000000087],[96.19582000000008,16.766390000000058],[96.22817000000003,16.588470000000086],[96.30370000000005,16.462440000000072],[96.26833000000005,16.389720000000068],[96.18276000000003,16.347500000000082],[96.08471000000003,16.35194000000007],[96.00681000000003,16.38307000000009],[96.06984000000006,16.338050000000067],[96.07276000000007,16.31493000000006],[96.02193000000005,16.25583000000006],[95.96874000000008,16.21583000000004],[95.88735000000003,16.23736000000008],[95.75333000000006,16.14444000000009],[95.69011000000006,16.04069000000004],[95.67360000000008,15.961660000000052],[95.51902000000007,15.797780000000046],[95.39338000000004,15.712500000000091],[95.29207000000008,15.72625000000005],[95.27805000000006,15.790000000000077],[95.27936000000005,15.83340000000004],[95.31874000000005,15.873750000000086],[95.35999000000004,15.968890000000044],[95.36060000000003,16.141450000000077],[95.32652000000007,16.103740000000073],[95.34972000000005,16.046670000000063],[95.34485000000006,15.995550000000037],[95.25783000000007,15.862910000000056],[95.23866000000004,15.875830000000065],[95.27387000000004,15.99986000000007],[95.23553000000004,15.940760000000068],[95.21756000000005,15.786320000000046],[95.17352000000005,15.776870000000088],[95.14061000000004,15.792220000000043],[95.12109000000004,15.82472000000007],[95.10082000000006,15.987640000000056],[95.10796000000005,16.06236000000007],[95.16500000000008,16.108720000000062],[95.22429000000005,16.119090000000085],[95.13720000000006,16.13722000000007],[95.09019000000006,16.097840000000076],[95.06735000000003,16.053330000000074],[95.07339000000007,15.940480000000036],[95.04061000000007,15.808330000000069],[94.96013000000005,15.753130000000056],[94.84818000000007,15.782150000000058],[94.85492000000005,15.888360000000091],[94.83583000000004,15.947640000000092],[94.88728000000003,16.017820000000086],[94.86137000000008,16.130550000000085],[94.87290000000007,16.151800000000037],[94.90124000000003,16.184300000000064],[94.96625,16.19791666666667],[94.97291666666666,16.212083333333336],[94.98458333333333,16.21708333333334],[94.98125,16.171250000000004],[94.94291666666666,16.151250000000005],[94.92958333333333,16.111250000000005],[94.89625,16.087083333333336],[94.91708333333334,16.07208333333334],[94.98791666666666,16.131250000000005],[95.02791666666667,16.12708333333334],[95.02541666666667,16.16541666666667],[95.06291666666667,16.168750000000003],[95.06208333333333,16.199583333333337],[95.09375,16.188750000000002],[95.09875,16.274583333333336],[95.13791666666667,16.286250000000003],[95.13791666666667,16.306250000000006]]],[[[98.14041666666667,18.282083333333336],[98.14041666666667,18.28291666666667],[98.14125,18.28291666666667],[98.14125,18.282083333333336],[98.14041666666667,18.282083333333336]]],[[[93.54901000000007,18.876250000000084],[93.63808000000006,18.887180000000058],[93.67110000000008,18.867500000000064],[93.74790000000007,18.87069000000008],[93.75749000000008,18.742770000000064],[93.72193000000004,18.67805000000004],[93.68013000000008,18.667910000000063],[93.63555000000008,18.68458000000004],[93.53333000000003,18.782500000000084],[93.48935000000006,18.873540000000048],[93.54901000000007,18.876250000000084]]],[[[93.91914000000003,18.86444000000006],[93.70277000000004,19.014720000000068],[93.64194000000003,19.12749000000008],[93.48331000000007,19.333890000000054],[93.47776000000005,19.36000000000007],[93.49887000000007,19.41139000000004],[93.54720000000003,19.42847000000006],[93.61095000000006,19.40083000000004],[93.66832000000005,19.29583000000008],[93.74193000000008,19.24944000000005],[93.81846000000007,19.23097000000007],[93.87039000000004,19.254660000000058],[93.98526000000004,18.95930000000004],[93.94219000000004,18.862500000000068],[93.91914000000003,18.86444000000006]]],[[[98.59208333333333,19.26708333333334],[98.59125,19.26708333333334],[98.59125,19.26791666666667],[98.59208333333333,19.26791666666667],[98.59208333333333,19.26708333333334]]],[[[100.52374999999999,19.407083333333336],[100.52291666666666,19.407083333333336],[100.52291666666666,19.407916666666672],[100.52374999999999,19.407916666666672],[100.52374999999999,19.407083333333336]]],[[[93.85138000000006,19.273330000000044],[93.78442000000007,19.279160000000047],[93.66027000000008,19.447490000000073],[93.64346000000006,19.484300000000076],[93.68122000000005,19.55875000000009],[93.73748000000006,19.549160000000086],[93.96833000000004,19.42083000000008],[93.96277000000003,19.360550000000046],[93.91639000000004,19.309720000000084],[93.85138000000006,19.273330000000044]]],[[[93.41990000000004,19.95058000000006],[93.49860000000007,19.880550000000085],[93.51151000000004,19.744510000000048],[93.43776000000008,19.79944000000006],[93.39610000000005,19.926660000000084],[93.39554000000004,19.951940000000036],[93.41990000000004,19.95058000000006]]],[[[93.49291666666667,23.422083333333337],[93.48125,23.38791666666667],[93.50541666666666,23.372083333333336],[93.47375,23.313750000000002],[93.51375,23.283750000000005],[93.51458333333333,23.26041666666667],[93.48625,23.206250000000004],[93.51125,23.194583333333334],[93.54041666666667,23.044583333333335],[93.53125,22.99041666666667],[93.51458333333333,22.986250000000002],[93.50541666666666,22.958750000000002],[93.50958333333334,22.93625],[93.54875,22.903750000000002],[93.53041666666667,22.831250000000004],[93.54791666666667,22.80791666666667],[93.55875,22.736250000000005],[93.59125,22.719583333333336],[93.58041666666666,22.662083333333335],[93.61375,22.63291666666667],[93.60791666666667,22.545416666666668],[93.63125,22.50291666666667],[93.62041666666667,22.48791666666667],[93.63125,22.434583333333336],[93.59791666666666,22.412083333333335],[93.59291666666667,22.374583333333334],[93.62625,22.356250000000003],[93.62875,22.302083333333336],[93.64708333333333,22.286250000000003],[93.66041666666666,22.293750000000003],[93.68708333333333,22.262083333333337],[93.67625,22.210416666666667],[93.65708333333333,22.209583333333335],[93.63125,22.174583333333338],[93.68041666666667,22.12541666666667],[93.64375,22.025416666666672],[93.66041666666666,21.997083333333336],[93.58791666666667,21.99791666666667],[93.54708333333333,22.027083333333337],[93.48958333333333,21.97291666666667],[93.52875,21.87791666666667],[93.52541666666667,21.841250000000002],[93.55125,21.835416666666667],[93.55541666666667,21.793750000000003],[93.57291666666667,21.791250000000005],[93.58958333333334,21.757083333333334],[93.57208333333334,21.737083333333338],[93.59958333333333,21.68541666666667],[93.59041666666667,21.659583333333337],[93.60708333333334,21.607083333333335],[93.56958333333333,21.48375],[93.60041666666666,21.412083333333335],[93.63208333333333,21.378750000000004],[93.62458333333333,21.294583333333335],[93.66458333333333,21.277083333333337],[93.68375,21.238750000000003],[93.71625,21.236250000000005],[93.72458333333333,21.209583333333335],[93.70791666666666,21.18625],[93.73541666666667,21.038750000000004],[93.71625,21.00291666666667],[93.73875,20.971250000000005],[93.72791666666667,20.94791666666667],[93.69875,20.946250000000003],[93.69458333333333,20.906250000000004],[93.74541666666667,20.846250000000005],[93.76041666666667,20.766250000000003],[93.82041666666666,20.777083333333337],[93.82791666666667,20.732083333333335],[93.84708333333333,20.721250000000005],[93.83958333333334,20.68791666666667],[93.86625,20.663750000000004],[93.84458333333333,20.61958333333334],[93.86291666666666,20.58541666666667],[93.84708333333333,20.556250000000006],[93.93125,20.56458333333334],[93.93708333333333,20.532916666666672],[93.97958333333334,20.51291666666667],[94.04541666666667,20.371250000000003],[94.08208333333333,20.372083333333336],[94.08208333333333,20.336250000000003],[94.12791666666666,20.276250000000005],[94.13958333333333,20.198750000000004],[94.17041666666667,20.170416666666668],[94.17291666666667,20.12541666666667],[94.21458333333334,20.104583333333338],[94.20625,20.059583333333336],[94.23791666666666,19.981250000000003],[94.26958333333333,19.93208333333334],[94.30125,19.913750000000004],[94.31541666666666,19.852916666666673],[94.28125,19.82208333333334],[94.34041666666667,19.670416666666668],[94.34791666666666,19.554583333333337],[94.43291666666667,19.478750000000005],[94.44708333333334,19.43791666666667],[94.49791666666667,19.39291666666667],[94.53208333333333,19.331250000000004],[94.53208333333333,19.290416666666673],[94.47958333333334,19.268750000000004],[94.50458333333333,19.187083333333337],[94.53458333333333,19.14791666666667],[94.59291666666667,19.14958333333334],[94.65208333333334,19.087916666666672],[94.68625,19.036250000000003],[94.66791666666667,19.012083333333337],[94.69958333333334,18.95291666666667],[94.69624999999999,18.927916666666672],[94.75791666666666,18.876250000000002],[94.75625,18.83541666666667],[94.71041666666666,18.828750000000003],[94.68625,18.803750000000004],[94.74708333333334,18.683750000000003],[94.74541666666667,18.65791666666667],[94.69875,18.65458333333334],[94.68791666666667,18.626250000000002],[94.72625,18.57541666666667],[94.76541666666667,18.563750000000002],[94.73291666666667,18.469583333333336],[94.75791666666666,18.454583333333336],[94.79458333333334,18.373750000000005],[94.88374999999999,18.29541666666667],[94.87458333333333,18.269583333333337],[94.88708333333334,18.25041666666667],[94.87041666666667,18.23041666666667],[94.90125,18.19291666666667],[94.85291666666667,18.143750000000004],[94.88125,18.068750000000005],[94.81708333333333,17.993750000000002],[94.84708333333333,17.923750000000005],[94.88291666666666,17.899583333333336],[94.87458333333333,17.774583333333336],[94.95208333333333,17.71791666666667],[95.12625,17.76041666666667],[95.20125,17.71541666666667],[95.20458333333333,17.69791666666667],[95.17208333333333,17.661250000000003],[95.20375,17.65791666666667],[95.21375,17.637083333333337],[95.18875,17.642083333333336],[95.18375,17.62541666666667],[95.13041666666666,17.597083333333337],[95.16708333333334,17.541250000000005],[95.10208333333333,17.52291666666667],[95.11458333333333,17.503750000000004],[95.09125,17.491250000000004],[95.09791666666666,17.46791666666667],[95.12291666666667,17.48791666666667],[95.14208333333333,17.481250000000003],[95.13875,17.523750000000003],[95.19125,17.54041666666667],[95.20458333333333,17.578750000000003],[95.23291666666667,17.574583333333337],[95.22291666666666,17.543750000000003],[95.24208333333333,17.511250000000004],[95.30625,17.53791666666667],[95.31791666666666,17.578750000000003],[95.28458333333333,17.60291666666667],[95.31625,17.651250000000005],[95.29625,17.669583333333335],[95.30291666666666,17.709583333333338],[95.32625,17.71041666666667],[95.34375,17.688750000000002],[95.33791666666667,17.672083333333337],[95.37375,17.673750000000005],[95.36125,17.603750000000005],[95.32458333333334,17.601250000000004],[95.32708333333333,17.56541666666667],[95.31041666666667,17.536250000000003],[95.27541666666667,17.506250000000005],[95.27375,17.489583333333336],[95.29791666666667,17.48791666666667],[95.34625,17.44708333333334],[95.35958333333333,17.41208333333334],[95.32541666666667,17.376250000000002],[95.33125,17.338750000000005],[95.28625,17.308750000000003],[95.28708333333333,17.23208333333334],[95.25458333333333,17.23041666666667],[95.28375,17.193750000000005],[95.27125,17.183750000000003],[95.28041666666667,17.159583333333337],[95.22625,17.14791666666667],[95.21958333333333,17.12041666666667],[95.20458333333333,17.12708333333334],[95.19125,17.09791666666667],[95.20625,17.031250000000004],[95.15208333333334,16.929583333333337],[95.17541666666666,16.89041666666667],[95.16041666666666,16.784583333333337],[95.12291666666667,16.746250000000003],[95.15041666666667,16.68958333333334],[95.14625,16.66041666666667],[95.13125,16.633750000000003],[95.10708333333334,16.626250000000002],[95.09208333333333,16.579583333333336],[95.05541666666667,16.566250000000004],[95.05625,16.50041666666667],[95.01458333333333,16.492083333333337],[94.97875,16.456250000000004],[95.02541666666667,16.45041666666667],[95.01291666666667,16.424583333333338],[94.98291666666667,16.424583333333338],[94.97125,16.402083333333337],[94.98875,16.383750000000003],[94.97125,16.359583333333337],[94.97625,16.29541666666667],[94.90541666666667,16.242083333333337],[94.91375,16.222083333333337],[94.93791666666667,16.219408516085075],[94.87928000000005,16.190830000000062],[94.84603000000004,16.128750000000082],[94.85565000000008,16.03287000000006],[94.84027000000003,15.993330000000071],[94.69747000000007,15.842500000000086],[94.65707000000003,15.850830000000087],[94.61235000000005,15.885830000000055],[94.60596000000004,15.917290000000037],[94.71929000000006,16.000970000000052],[94.79166000000004,16.148660000000064],[94.76068000000004,16.140140000000088],[94.71103000000005,16.01771000000008],[94.62248000000005,15.94778000000008],[94.56374000000005,15.93861000000004],[94.56165000000004,15.959160000000054],[94.63666000000006,16.040000000000077],[94.68095000000005,16.123880000000042],[94.68665000000004,16.189580000000092],[94.64277000000004,16.33791000000008],[94.61622000000006,16.337630000000047],[94.55664000000007,16.270830000000046],[94.53701000000007,16.29401000000007],[94.51236000000006,16.283210000000054],[94.50749000000008,16.179850000000044],[94.43220000000008,16.065550000000087],[94.32721000000004,15.985280000000046],[94.25097000000005,15.958890000000054],[94.20193000000006,16.027640000000076],[94.23277000000007,16.350830000000087],[94.31155000000007,16.52240000000006],[94.34561000000008,16.552500000000066],[94.40624000000008,16.79875000000004],[94.39430000000004,16.84361000000007],[94.45471000000003,16.965550000000064],[94.52527000000003,17.173330000000078],[94.51166000000006,17.21583000000004],[94.55054000000007,17.316940000000045],[94.56972000000007,17.501940000000047],[94.61234000000007,17.547430000000077],[94.49387000000007,17.833330000000046],[94.46694000000008,18.003050000000087],[94.48754000000008,18.025480000000073],[94.48943000000003,18.064860000000067],[94.38333000000006,18.36277000000007],[94.34248000000008,18.396660000000054],[94.25383000000005,18.534620000000075],[94.23858000000007,18.73777000000007],[94.14027000000004,18.86069000000009],[94.12026000000003,18.811110000000042],[94.03839000000005,18.847080000000062],[94.02874000000003,18.898750000000064],[94.05776000000003,19.05194000000006],[94.03824000000003,19.077840000000037],[94.02693000000005,19.14333000000005],[94.05129000000005,19.221570000000042],[94.04070000000007,19.241310000000055],[93.99610000000007,19.14972000000006],[93.96985000000006,19.143470000000036],[93.89551000000006,19.211730000000045],[93.87431000000004,19.255970000000048],[93.97824000000003,19.36263000000008],[93.98571000000004,19.45715000000007],[93.90971000000008,19.47694000000007],[93.73297000000008,19.623120000000085],[93.68441000000007,19.719440000000077],[93.60040000000004,19.717490000000055],[93.59956000000005,19.78583000000009],[93.66193000000004,19.876940000000047],[93.72366000000005,19.881110000000092],[93.74193000000008,19.916670000000067],[93.72436000000005,19.932430000000068],[93.61046000000005,19.90270000000004],[93.58644000000004,19.879300000000057],[93.48971000000006,19.964210000000037],[93.45243000000005,19.952480000000037],[93.41317000000004,19.973880000000065],[93.37110000000007,20.041940000000068],[93.26290000000006,20.042220000000043],[93.13788000000005,20.065720000000056],[93.24296000000004,19.831800000000044],[93.22276000000005,19.827640000000088],[93.13818000000003,19.976360000000057],[93.10055000000006,19.975830000000087],[93.13360000000006,19.850410000000068],[93.16721000000007,19.802500000000066],[93.12664000000007,19.839300000000037],[92.98193000000003,20.07444000000004],[92.98220000000003,20.12385000000006],[93.05859000000004,20.130000000000052],[93.10916000000003,20.171250000000043],[93.11435000000006,20.216180000000065],[93.01458000000008,20.144160000000056],[92.99415000000005,20.14930000000004],[92.98943000000003,20.20611000000008],[93.08208000000008,20.53920000000005],[93.03137000000004,20.469440000000077],[93.00680000000006,20.295690000000036],[92.89097000000004,20.11902000000009],[92.86769000000004,20.119510000000048],[92.76978000000008,20.203220000000044],[92.79061000000007,20.25541000000004],[92.89194000000003,20.322770000000048],[92.79610000000008,20.48999000000009],[92.64433000000008,20.685830000000067],[92.70570000000004,20.591980000000092],[92.73596000000003,20.436110000000042],[92.73720000000003,20.263190000000066],[92.69275000000005,20.30389000000008],[92.61970000000008,20.457220000000063],[92.50040000000007,20.615830000000074],[92.38060000000007,20.695200000000057],[92.28526000000005,20.938190000000077],[92.26193000000006,21.054310000000044],[92.21485000000007,21.136730000000057],[92.20499000000007,21.300550000000044],[92.22222000000005,21.35805000000005],[92.26082000000008,21.41444000000007],[92.36012000000005,21.472350000000063],[92.53749000000005,21.378050000000087],[92.58638000000008,21.26257000000004],[92.60671000000008,21.252290000000073],[92.66934000000003,21.296980000000076],[92.61804000000006,21.469990000000053],[92.60027000000008,21.634160000000065],[92.59916000000004,21.795000000000073],[92.62046000000004,21.87979000000007],[92.60082000000006,21.98222000000004],[92.67589000000004,22.02514000000008],[92.70633000000004,22.154510000000073],[92.79873000000003,22.109090000000037],[92.88513000000006,22.013610000000085],[92.92442000000005,22.005000000000052],[92.99081000000007,22.048610000000053],[93.04699000000005,22.204510000000084],[93.07137000000006,22.21166000000005],[93.15558000000004,22.187850000000083],[93.19789000000003,22.264720000000068],[93.17623000000003,22.44145000000009],[93.14180000000005,22.465620000000058],[93.11928000000006,22.53028000000006],[93.09276000000006,22.71444000000008],[93.14000000000004,22.953190000000063],[93.12610000000006,23.01416000000006],[93.13957000000005,23.04708000000005],[93.20993000000004,23.05125000000004],[93.24736000000007,23.006940000000043],[93.30547000000007,23.017640000000085],[93.34901000000008,23.07111000000009],[93.38784000000004,23.231450000000052],[93.37191000000007,23.357770000000073],[93.39943000000005,23.423330000000078],[93.42512000000005,23.60236000000009],[93.38416000000007,23.848050000000057],[93.32922000000008,23.980620000000044],[93.33751000000007,24.071840000000066],[93.36737000000005,24.091000000000065],[93.40757000000008,24.07454000000007],[93.47360000000003,23.97097000000008],[93.50013000000007,23.962360000000047],[93.59346000000005,23.97124000000008],[93.63375,24.01041666666667],[93.59291666666667,23.879583333333336],[93.60291666666667,23.856250000000003],[93.56208333333333,23.795416666666668],[93.56208333333333,23.742083333333333],[93.53291666666667,23.688750000000002],[93.57208333333334,23.655416666666667],[93.55541666666667,23.651250000000005],[93.54541666666667,23.618750000000002],[93.51625,23.60875],[93.49875,23.569583333333334],[93.51291666666667,23.497083333333336],[93.49291666666667,23.422083333333337]]],[[[92.75776000000008,20.344440000000077],[92.76360000000005,20.432420000000036],[92.81360000000006,20.43291000000005],[92.85706000000005,20.313470000000052],[92.78415000000007,20.290550000000053],[92.76852000000008,20.29729000000009],[92.75776000000008,20.344440000000077]]],[[[97.14291666666666,20.916250000000005],[97.14291666666666,20.91541666666667],[97.14208333333333,20.91541666666667],[97.14208333333333,20.916250000000005],[97.14291666666666,20.916250000000005]]],[[[99.41958333333334,20.94791666666667],[99.42041666666667,20.94791666666667],[99.42041666666667,20.94708333333334],[99.41958333333334,20.94708333333334],[99.41958333333334,20.94791666666667]]],[[[96.81458333333333,21.011250000000004],[96.83125,20.99041666666667],[96.82708333333333,20.961250000000003],[96.77958333333333,20.961250000000003],[96.78541666666666,21.00625],[96.81458333333333,21.011250000000004]]],[[[97.41875,21.501250000000002],[97.41875,21.50041666666667],[97.41791666666667,21.50041666666667],[97.41791666666667,21.501250000000002],[97.41875,21.501250000000002]]],[[[101.82541666666665,22.437916666666684],[101.82541666666665,22.43791666666667],[101.82458333333334,22.43791666666667],[101.82458333333334,22.437916666666684],[101.82541666666665,22.437916666666684]]],[[[101.82458333333332,22.438750000000002],[101.82375,22.438750000000002],[101.82375,22.438750000000017],[101.82458333333332,22.438750000000002]]],[[[101.82458333333334,22.448750000000004],[101.82458333333334,22.448750000000018],[101.82541666666665,22.448750000000018],[101.82541666666665,22.448750000000004],[101.82458333333334,22.448750000000004]]],[[[101.82458333333332,22.459583333333335],[101.82291666666666,22.459583333333335],[101.82291666666666,22.45958333333335],[101.82458333333332,22.459583333333335]]],[[[101.82208333333332,22.460416666666667],[101.82208333333332,22.460416666666685],[101.82291666666666,22.460416666666685],[101.82291666666666,22.460416666666667],[101.82208333333332,22.460416666666667]]],[[[101.82124999999999,22.461250000000017],[101.82208333333332,22.461250000000017],[101.82208333333332,22.461250000000003],[101.82124999999999,22.461250000000017]]],[[[101.82208333333332,22.46458333333335],[101.82208333333332,22.464583333333337],[101.82124999999999,22.464583333333337],[101.82124999999999,22.46458333333335],[101.82208333333332,22.46458333333335]]],[[[101.81875,22.465416666666684],[101.81875,22.46541666666667],[101.81791666666666,22.46541666666667],[101.81791666666666,22.465416666666684],[101.81875,22.465416666666684]]],[[[101.82124999999999,22.466250000000002],[101.82041666666666,22.466250000000002],[101.82041666666666,22.466250000000016],[101.82124999999999,22.466250000000002]]],[[[101.81875,22.466250000000002],[101.81875,22.466250000000016],[101.81958333333333,22.466250000000016],[101.81958333333333,22.466250000000002],[101.81875,22.466250000000002]]],[[[101.81791666666666,22.466250000000002],[101.81125,22.466250000000002],[101.81125,22.466250000000016],[101.81791666666666,22.466250000000002]]],[[[101.82041666666666,22.467083333333335],[101.81958333333333,22.467083333333335],[101.81958333333333,22.46708333333335],[101.82041666666666,22.467083333333335]]],[[[101.81041666666667,22.469583333333336],[101.81041666666667,22.46958333333335],[101.81124999999999,22.46958333333335],[101.81124999999999,22.469583333333336],[101.81041666666667,22.469583333333336]]],[[[101.69541666666666,22.471250000000015],[101.69541666666666,22.471250000000005],[101.69291666666666,22.471250000000005],[101.69291666666666,22.471250000000015],[101.69541666666666,22.471250000000015]]],[[[101.80958333333334,22.471250000000015],[101.81041666666665,22.471250000000015],[101.81041666666665,22.471250000000005],[101.80958333333334,22.471250000000015]]],[[[101.69541666666666,22.472083333333337],[101.69541666666666,22.47208333333335],[101.69624999999999,22.47208333333335],[101.69624999999999,22.472083333333337],[101.69541666666666,22.472083333333337]]],[[[101.69126344871351,22.472083333333337],[101.69126344871351,22.47208333333335],[101.69291666666666,22.47208333333335],[101.69291666666666,22.472083333333337],[101.69126344871351,22.472083333333337]]],[[[101.80958333333332,22.47208333333335],[101.80958333333332,22.472083333333337],[101.80875,22.472083333333337],[101.80875,22.47208333333335],[101.80958333333332,22.47208333333335]]],[[[101.80874999999999,22.47291666666667],[101.80791666666667,22.47291666666667],[101.80791666666667,22.472916666666684],[101.80874999999999,22.47291666666667]]],[[[101.70458333333333,22.472916666666684],[101.70625,22.472916666666684],[101.70625,22.47291666666667],[101.70458333333333,22.472916666666684]]],[[[101.70708333333333,22.473750000000003],[101.70625,22.473750000000003],[101.70625,22.473750000000017],[101.70708333333333,22.473750000000003]]],[[[101.80708333333334,22.473750000000003],[101.80708333333334,22.473750000000017],[101.80791666666666,22.473750000000017],[101.80791666666666,22.473750000000003],[101.80708333333334,22.473750000000003]]],[[[101.70458333333332,22.473750000000017],[101.70458333333332,22.473750000000003],[101.70208333333333,22.473750000000003],[101.70208333333333,22.473750000000017],[101.70458333333332,22.473750000000017]]],[[[101.70041666666665,22.47458333333335],[101.70041666666665,22.475416666666682],[101.70124999999999,22.475416666666682],[101.69875,22.47291666666667],[101.69624999999999,22.47291666666667],[101.70041666666665,22.47458333333335]]],[[[101.70791666666666,22.47458333333335],[101.70791666666666,22.474583333333335],[101.70708333333333,22.474583333333335],[101.70708333333333,22.47458333333335],[101.70791666666666,22.47458333333335]]],[[[101.70208333333332,22.474583333333335],[101.70125,22.474583333333335],[101.70125,22.47458333333335],[101.70208333333332,22.474583333333335]]],[[[101.80708333333334,22.475416666666668],[101.80708333333334,22.475416666666682],[101.80791666666666,22.475416666666682],[101.80791666666666,22.475416666666668],[101.80708333333334,22.475416666666668]]],[[[101.70791666666666,22.476250000000018],[101.70875,22.476250000000018],[101.70875,22.47625],[101.70791666666666,22.476250000000018]]],[[[101.70875,22.47791666666667],[101.70875,22.477916666666683],[101.70958333333333,22.477916666666683],[101.70958333333333,22.47791666666667],[101.70875,22.47791666666667]]],[[[101.72208333333333,22.47958333333335],[101.72208333333333,22.479583333333338],[101.71958333333333,22.479583333333338],[101.71958333333333,22.47958333333335],[101.72208333333333,22.47958333333335]]],[[[101.71375,22.48041666666667],[101.71375,22.479583333333338],[101.71291666666667,22.478750000000005],[101.70958333333333,22.478750000000005],[101.71291666666666,22.478750000000016],[101.71374999999999,22.480416666666684],[101.71624999999999,22.480416666666684],[101.71624999999999,22.481250000000017],[101.71874999999999,22.481250000000017],[101.71625,22.48041666666667],[101.71375,22.48041666666667]]],[[[101.71958333333333,22.48041666666667],[101.71875,22.48041666666667],[101.71875,22.480416666666684],[101.71958333333333,22.48041666666667]]],[[[101.72375,22.480416666666684],[101.72458333333333,22.480416666666684],[101.72208333333333,22.48041666666667],[101.72208333333333,22.480416666666684],[101.72375,22.480416666666684]]],[[[101.72541666666666,22.481250000000003],[101.72458333333333,22.481250000000003],[101.72458333333333,22.481250000000017],[101.72541666666666,22.481250000000003]]],[[[101.80291666666666,22.48208333333335],[101.80291666666666,22.482083333333335],[101.80125,22.482083333333335],[101.80125,22.48208333333335],[101.80291666666666,22.48208333333335]]],[[[101.81041666666665,22.482916666666682],[101.81041666666665,22.482916666666668],[101.80958333333334,22.482916666666668],[101.80958333333334,22.482916666666682],[101.81041666666665,22.482916666666682]]],[[[101.80125,22.482916666666668],[101.79708333333333,22.482916666666668],[101.79708333333333,22.482916666666682],[101.80125,22.482916666666668]]],[[[101.80375,22.482916666666682],[101.80458333333333,22.482916666666682],[101.80291666666666,22.482916666666668],[101.80375,22.482916666666682]]],[[[101.80958333333332,22.48375],[101.80875,22.48375],[101.80875,22.483750000000015],[101.80958333333332,22.48375]]],[[[101.80625,22.484583333333337],[101.80625,22.48375],[101.80458333333333,22.48375],[101.80624999999999,22.48458333333335],[101.80874999999999,22.48458333333335],[101.80625,22.484583333333337]]],[[[101.79541666666667,22.484583333333337],[101.79541666666667,22.48458333333335],[101.79708333333332,22.48458333333335],[101.79708333333332,22.484583333333337],[101.79541666666667,22.484583333333337]]],[[[101.79291666666667,22.486250000000005],[101.79291666666667,22.486250000000016],[101.79541666666665,22.486250000000016],[101.79541666666665,22.486250000000005],[101.79291666666667,22.486250000000005]]],[[[101.72625,22.486250000000016],[101.72625,22.486250000000005],[101.72541666666666,22.486250000000005],[101.72541666666666,22.486250000000016],[101.72625,22.486250000000016]]],[[[101.79291666666666,22.48708333333335],[101.79291666666666,22.487083333333338],[101.79208333333332,22.487083333333338],[101.79208333333332,22.48708333333335],[101.79291666666666,22.48708333333335]]],[[[101.72874999999999,22.48791666666667],[101.72625,22.48791666666667],[101.72958333333332,22.487916666666685],[101.72874999999999,22.48791666666667]]],[[[101.79208333333332,22.488750000000003],[101.79124999999999,22.488750000000003],[101.79124999999999,22.488750000000017],[101.79208333333332,22.488750000000003]]],[[[101.79041666666666,22.489583333333336],[101.79041666666666,22.48958333333335],[101.79124999999999,22.48958333333335],[101.79124999999999,22.489583333333336],[101.79041666666666,22.489583333333336]]],[[[101.75874999999999,22.49041666666667],[101.75791666666666,22.49041666666667],[101.75791666666666,22.490416666666682],[101.75874999999999,22.49041666666667]]],[[[101.73041666666667,22.49125],[101.73041666666667,22.49041666666667],[101.72958333333332,22.49041666666667],[101.73125,22.492083333333337],[101.73041666666667,22.49125]]],[[[101.78958333333333,22.491250000000015],[101.79041666666666,22.491250000000015],[101.79041666666666,22.49125],[101.78958333333333,22.491250000000015]]],[[[101.75625,22.49125],[101.75625,22.491250000000015],[101.75791666666666,22.491250000000015],[101.75791666666666,22.49125],[101.75625,22.49125]]],[[[101.75958333333332,22.492083333333337],[101.75874999999999,22.492083333333337],[101.76041666666666,22.49208333333335],[101.75958333333332,22.492083333333337]]],[[[101.75458333333333,22.49208333333335],[101.75625,22.49208333333335],[101.75625,22.492083333333337],[101.75458333333333,22.49208333333335]]],[[[101.73041666666666,22.49208333333335],[101.73041666666666,22.492118261881046],[101.73041666666667,22.492118261881053],[101.73041666666667,22.49208333333335],[101.73041666666666,22.49208333333335]]],[[[101.75458333333333,22.492916666666684],[101.75458333333333,22.49291666666667],[101.75208333333333,22.49291666666667],[101.75208333333333,22.492916666666684],[101.75458333333333,22.492916666666684]]],[[[101.75208333333333,22.493750000000002],[101.75125,22.493750000000002],[101.75125,22.493750000000016],[101.75208333333333,22.493750000000002]]],[[[101.75125,22.49458333333334],[101.74791666666667,22.49458333333334],[101.74791666666667,22.49458333333335],[101.75125,22.49458333333334]]],[[[101.74708333333334,22.49541666666668],[101.74791666666665,22.49541666666668],[101.74791666666665,22.49541666666667],[101.74708333333334,22.49541666666668]]],[[[101.74458333333334,22.496250000000003],[101.74458333333334,22.49541666666667],[101.74375,22.49541666666667],[101.74458333333332,22.496250000000018],[101.74708333333332,22.496250000000018],[101.74458333333334,22.496250000000003]]],[[[101.76041666666666,22.49291666666667],[101.76208333333332,22.49541666666668],[101.76458333333332,22.49541666666668],[101.76458333333332,22.496250000000018],[101.76541666666665,22.496250000000018],[101.76541666666667,22.499383195876344],[101.76541666666667,22.496250000000003],[101.76458333333333,22.49541666666667],[101.76208333333334,22.49541666666667],[101.76041666666666,22.49291666666667]]],[[[101.74374999999999,22.496250000000003],[101.74208333333333,22.496250000000003],[101.74208333333333,22.496250000000018],[101.74374999999999,22.496250000000003]]],[[[101.74125,22.497083333333336],[101.74125,22.49708333333335],[101.74208333333333,22.49708333333335],[101.74208333333333,22.497083333333336],[101.74125,22.497083333333336]]],[[[97.87708333333333,22.525416666666672],[97.87708333333333,22.526250000000005],[97.87791666666666,22.526250000000005],[97.87791666666666,22.525416666666672],[97.87708333333333,22.525416666666672]]],[[[97.87625,15.73041666666667],[97.86875,15.67708333333334],[97.90041666666667,15.67708333333334],[97.92375,15.63791666666667],[97.95041666666667,15.64208333333334],[97.94958333333334,15.606250000000003],[97.98791666666666,15.582083333333337],[98.01541666666667,15.524583333333336],[98.04458333333334,15.505416666666672],[98.06958333333333,15.434583333333336],[98.11458333333333,15.389583333333338],[98.13374999999999,15.333750000000006],[98.18375,15.312083333333337],[98.20375,15.236250000000005],[98.22125,15.224583333333339],[98.25958333333332,15.224583333333339],[98.28208333333333,15.272083333333338],[98.30375,15.279583333333338],[98.29875,15.313750000000006],[98.37458333333333,15.283750000000005],[98.40375,15.254583333333336],[98.41708333333334,15.273750000000003],[98.39458333333333,15.344583333333336],[98.40625,15.338750000000005],[98.41708333333334,15.365416666666672],[98.44958333333334,15.366250000000004],[98.45041666666667,15.383750000000003],[98.48125,15.376250000000006],[98.48791666666666,15.393750000000004],[98.53708333333333,15.371250000000003],[98.55291666666666,15.33541666666667],[98.61375,15.342083333333338],[98.62875,15.314583333333339],[98.65625,15.306250000000006],[98.66375,15.275416666666672],[98.74541666666667,15.279583333333338],[98.77458333333334,15.321250000000003],[98.75791666666666,15.368750000000006],[98.78625,15.381250000000005],[98.79541666666667,15.409583333333337],[98.70958333333333,15.486250000000005],[98.70291666666667,15.509583333333339],[98.71958333333333,15.505416666666672],[98.72375,15.518750000000004],[98.63875,15.638750000000005],[98.63541666666667,15.726250000000004],[98.61375,15.75791666666667],[98.63208333333333,15.78541666666667],[98.61875,15.817083333333336],[98.63041666666666,15.84041666666667],[98.59958333333333,15.867083333333337],[98.58375,15.915416666666673],[98.60875,15.977083333333336],[98.56208333333333,16.04458333333334],[98.58958333333334,16.076250000000005],[98.60875,16.041250000000005],[98.62541666666667,16.041250000000005],[98.62625,16.061250000000005],[98.66291666666666,16.074583333333337],[98.65958333333333,16.094583333333336],[98.67375,16.094583333333336],[98.66708333333334,16.11041666666667],[98.68708333333333,16.13291666666667],[98.70958333333333,16.13541666666667],[98.72458333333333,16.11791666666667],[98.77958333333333,16.12708333333334],[98.79625,16.104583333333338],[98.84875,16.12791666666667],[98.86208333333333,16.173750000000005],[98.85125,16.222083333333337],[98.90458333333333,16.253750000000004],[98.91041666666666,16.29791666666667],[98.92958333333333,16.311250000000005],[98.92625,16.345416666666672],[98.90958333333333,16.346250000000005],[98.91791666666667,16.383750000000003],[98.93125,16.39208333333334],[99.00208333333333,16.367083333333337],[99.03791666666666,16.382083333333338],[99.05541666666667,16.309583333333336],[99.04124999999999,16.293750000000003],[99.04791666666667,16.25958333333334],[99.08291666666666,16.213750000000005],[99.05041666666666,16.13541666666667],[99.10625,16.10291666666667],[99.11625,16.07541666666667],[99.08624999999999,16.041250000000005],[99.08875,15.979583333333338],[99.07458333333334,15.961250000000003],[99.09708333333333,15.931250000000006],[99.08541666666666,15.912083333333339],[99.09375,15.837083333333336],[99.16375,15.778750000000006],[99.18708333333333,15.782916666666672],[99.20875,15.76541666666667],[99.22458333333333,15.652083333333337],[99.25291666666666,15.63291666666667],[99.24458333333334,15.499583333333337],[99.25458333333333,15.487083333333338],[99.27125,15.499583333333337],[99.31958333333333,15.492083333333337],[99.34958333333333,15.439583333333339],[99.34291666666667,15.383750000000003],[99.37458333333333,15.342083333333338],[99.37041666666667,15.255416666666672],[99.35291666666666,15.232083333333339],[99.35875,15.199583333333337],[99.34375,15.166250000000005],[99.37375,15.14041666666667],[99.36708333333333,15.119583333333338],[99.34125,15.108750000000004],[99.33958333333334,15.07958333333334],[99.36208333333333,15.049583333333338],[99.42041666666667,15.048750000000005],[99.46208333333334,14.873750000000005],[99.51625,14.82041666666667],[99.55291666666666,14.732916666666672],[99.54208333333334,14.698750000000004],[99.57875,14.631250000000005],[99.58041666666666,14.59041666666667],[99.59875,14.57791666666667],[99.54041666666666,14.360416666666673],[99.54208333333334,14.32958333333334],[99.57124999999999,14.312083333333337],[99.56041666666667,14.278750000000006],[99.58541666666666,14.275416666666672],[99.58791666666667,14.252916666666671],[99.56458333333333,14.213750000000005],[99.53291666666667,14.216250000000006],[99.51875,14.192083333333336],[99.52708333333334,14.133750000000003],[99.51208333333334,14.121250000000003],[99.51375,14.080416666666672],[99.55375,14.08291666666667],[99.57541666666667,14.016250000000003],[99.67125,13.929583333333337],[99.68541666666667,13.95458333333334],[99.70958333333333,13.943750000000005],[99.74125,13.96541666666667],[99.77374999999999,13.91791666666667],[99.75874999999999,13.955416666666672],[99.78708333333333,13.964583333333337],[99.87208333333334,13.942916666666672],[99.87875,13.967916666666671],[99.91708333333334,13.984583333333337],[99.94458333333333,13.982083333333339],[99.96291666666667,13.937083333333337],[99.97625,13.949583333333337],[100.03208333333333,13.92708333333334],[100.06875,13.942916666666672],[100.08125,13.978750000000005],[100.15875,13.968750000000004],[100.17375,13.997916666666672],[100.16791666666667,14.049583333333338],[100.16791666666667,14.083750000000006],[100.17291666666667,14.086250000000003],[100.18791666666667,14.062083333333337],[100.17541666666666,14.02791666666667],[100.21375,14.012916666666673],[100.22041666666667,13.992083333333337],[100.20708333333333,13.95791666666667],[100.23541666666667,13.967083333333338],[100.22625,13.94541666666667],[100.27541666666667,13.878750000000004],[100.29041666666666,13.881250000000005],[100.31875,13.795416666666672],[100.36291666666666,13.786250000000006],[100.36541666666666,13.769583333333337],[100.39958333333334,13.802916666666672],[100.43375,13.792083333333338],[100.46458333333334,13.70458333333334],[100.49041666666666,13.71041666666667],[100.46958333333333,13.74541666666667],[100.48875,13.760416666666671],[100.53541666666666,13.727916666666673],[100.52875,13.755416666666672],[100.57625,13.783750000000005],[100.56625,13.822916666666671],[100.58458333333333,13.891250000000003],[100.61458333333333,13.90291666666667],[100.62791666666666,13.940416666666671],[100.64208333333333,13.935416666666672],[100.64291666666666,14.065416666666671],[100.66375,14.094583333333336],[100.67625,14.062083333333337],[100.68791666666667,14.108750000000004],[100.69541666666666,14.019583333333337],[100.70875,14.037083333333339],[100.70791666666666,14.200416666666673],[100.73041666666667,14.23958333333334],[100.73291666666667,14.323750000000004],[100.73958333333333,14.345416666666672],[100.77291666666666,14.353750000000005],[100.79958333333333,14.385416666666671],[100.77791666666667,14.39958333333334],[100.77875,14.422083333333337],[100.74625,14.469583333333336],[100.68958333333333,14.444583333333338],[100.71791666666667,14.503750000000004],[100.70375,14.488750000000003],[100.69375,14.49541666666667],[100.72125,14.50791666666667],[100.71791666666667,14.527083333333337],[100.70208333333333,14.527083333333337],[100.71041666666666,14.542083333333338],[100.78291666666667,14.561250000000005],[100.88374999999999,14.547083333333337],[100.88125,14.52291666666667],[100.89874999999999,14.537916666666671],[100.93958333333333,14.51708333333334],[100.93791666666667,14.474583333333339],[100.97208333333333,14.438750000000006],[100.96541666666667,14.42541666666667],[100.98458333333333,14.43041666666667],[101.01625,14.409583333333337],[101.05708333333334,14.411250000000006],[101.08624999999999,14.446250000000003],[101.12541666666667,14.450416666666673],[101.15708333333333,14.508750000000003],[101.17791666666666,14.518750000000004],[101.23958333333333,14.468750000000004],[101.25125,14.496250000000003],[101.28041666666667,14.511250000000004],[101.28291666666667,14.472083333333337],[101.30708333333334,14.435416666666672],[101.35541666666667,14.442083333333336],[101.38125,14.421250000000004],[101.37958333333333,14.394583333333337],[101.41708333333334,14.379583333333336],[101.44708333333332,14.421250000000004],[101.43625,14.44541666666667],[101.45875,14.457083333333337],[101.48791666666666,14.46208333333334],[101.53875,14.422916666666673],[101.54625,14.436250000000005],[101.59791666666666,14.438750000000006],[101.73958333333333,14.30791666666667],[101.76041666666666,14.342916666666671],[101.78791666666666,14.359583333333337],[101.82291666666666,14.350416666666671],[101.89375,14.405416666666671],[101.90958333333333,14.353750000000005],[101.95458333333333,14.376250000000006],[101.97458333333333,14.351250000000004],[101.92958333333333,14.290416666666673],[101.93458333333334,14.271250000000006],[101.94958333333334,14.272083333333338],[101.94375,14.247916666666672],[102.07208333333332,14.163750000000004],[102.16125,14.139583333333338],[102.16624999999999,14.17541666666667],[102.19041666666666,14.196250000000003],[102.21625,14.14541666666667],[102.26875,14.147083333333338],[102.27208333333333,14.128750000000004],[102.29041666666666,14.135416666666671],[102.30708333333334,14.121250000000003],[102.35041666666666,14.127916666666671],[102.36375,14.162916666666671],[102.38625,14.14208333333334],[102.41958333333334,14.16041666666667],[102.46541666666667,14.137916666666673],[102.43041666666666,14.093750000000004],[102.44791666666666,14.052916666666672],[102.47625,14.034583333333337],[102.50375,14.043750000000003],[102.52958333333333,14.031250000000004],[102.54291666666667,14.044583333333339],[102.54875,14.02041666666667],[102.50208333333333,14.012916666666673],[102.47125,13.942916666666672],[102.43458333333334,13.92708333333334],[102.41041666666666,13.894583333333337],[102.34875,13.878750000000004],[102.33541666666666,13.842083333333338],[102.26708333333333,13.838750000000005],[102.26125,13.822083333333339],[102.27541666666667,13.815416666666671],[102.25874999999999,13.777083333333337],[102.27958333333333,13.743750000000006],[102.24625,13.692083333333336],[102.21708333333333,13.683750000000003],[102.21708333333333,13.655416666666671],[102.24458333333334,13.643750000000004],[102.25458333333333,13.592916666666671],[102.28875,13.580416666666672],[102.28958333333333,13.522083333333338],[102.34875,13.422916666666673],[102.31541666666666,13.367083333333337],[102.34458333333333,13.303750000000004],[102.29291666666667,13.24541666666667],[102.30708333333334,13.207916666666673],[102.26875,13.172916666666673],[102.28958333333333,13.117916666666673],[102.21958333333333,13.108750000000004],[102.20208333333333,13.073750000000004],[102.21124999999999,13.060416666666672],[102.16458333333333,13.037083333333339],[102.18625,12.996250000000003],[102.17375,12.974583333333339],[102.20208333333333,12.92541666666667],[102.24875,12.900416666666672],[102.25125,12.87208333333334],[102.27958333333333,12.868750000000006],[102.28208333333333,12.842916666666671],[102.32208333333332,12.807083333333338],[102.36541666666666,12.805416666666673],[102.37791666666666,12.761250000000004],[102.41208333333333,12.77291666666667],[102.42458333333333,12.75791666666667],[102.49291666666666,12.758750000000006],[102.50958333333332,12.670416666666672],[102.53291666666667,12.65291666666667],[102.58041666666666,12.653750000000006],[102.61791666666666,12.615416666666672],[102.64208333333333,12.611250000000005],[102.64458333333333,12.58541666666667],[102.68541666666667,12.548750000000005],[102.67791666666666,12.539583333333336],[102.70458333333333,12.512083333333337],[102.72874999999999,12.511250000000004],[102.72041666666667,12.485416666666673],[102.73458333333333,12.48958333333334],[102.73708333333333,12.467083333333338],[102.78291666666667,12.43458333333334],[102.79375,12.365416666666672],[102.86041666666667,12.339583333333337],[102.85041666666666,12.311250000000005],[102.86875,12.291250000000005],[102.84625,12.258750000000006],[102.89874999999999,12.217916666666671],[102.93458333333334,12.151250000000005],[102.96708333333333,12.139583333333338],[103.02125,12.171250000000004],[103.11291666666666,12.106250000000006],[103.13208333333333,12.12208333333334],[103.12958333333333,12.141250000000007],[103.15958333333333,12.136250000000004],[103.14125,12.17708333333334],[103.18625,12.20291666666667],[103.20125,12.232083333333339],[103.23041666666667,12.225416666666671],[103.23791666666666,12.257083333333338],[103.25291666666666,12.231250000000006],[103.27958333333333,12.24541666666667],[103.31041666666667,12.227083333333336],[103.32708333333333,12.244583333333338],[103.36208333333333,12.209583333333338],[103.36125,12.167083333333338],[103.40375,12.103750000000005],[103.43375,12.08708333333334],[103.47541666666666,12.117083333333337],[103.49125,12.097083333333337],[103.53708333333333,12.096250000000005],[103.55125,12.067916666666672],[103.63208333333333,12.013750000000005],[103.63791666666667,11.984583333333337],[103.69791666666666,11.96041666666667],[103.71124999999999,11.929583333333337],[103.74125,11.940416666666671],[103.80041666666666,11.923750000000005],[103.86874999999999,11.826250000000005],[103.83708333333333,11.798750000000005],[103.80125,11.80958333333334],[103.77374999999999,11.769583333333337],[103.78375,11.752083333333339],[103.77374999999999,11.711250000000003],[103.80291666666666,11.674583333333338],[103.79291666666667,11.625416666666673],[103.84541666666667,11.590416666666673],[103.89291666666666,11.604583333333338],[103.94125,11.581250000000004],[103.94624999999999,11.560416666666672],[103.92291666666667,11.538750000000004],[103.93875,11.512083333333337],[103.94874999999999,11.406250000000004],[103.93708333333333,11.394583333333337],[103.95208333333333,11.35541666666667],[103.97291666666666,11.357083333333339],[103.97541666666666,11.336250000000003],[104.00874999999999,11.325416666666673],[104.01958333333333,11.374583333333337],[104.04875,11.386250000000004],[104.06541666666666,11.376250000000006],[104.05291666666666,11.273750000000003],[104.07374999999999,11.23958333333334],[104.10958333333333,11.222083333333337],[104.09375,11.172916666666673],[104.13958333333333,11.173750000000005],[104.16791666666667,11.148750000000007],[104.21291666666667,11.16041666666667],[104.23625,11.148750000000007],[104.24625,11.11458333333334],[104.27708333333334,11.102916666666673],[104.30875,11.05041666666667],[104.29791666666667,11.028750000000006],[104.31208333333333,10.981250000000006],[104.33875,10.968750000000004],[104.36291666666666,11.008750000000006],[104.39208333333333,10.978750000000005],[104.41125,11.003750000000004],[104.48791666666666,11.000416666666673],[104.49875,11.030416666666671],[104.52374999999999,11.01208333333334],[104.53458333333333,11.05791666666667],[104.54875,11.043750000000006],[104.58708333333333,11.061250000000005],[104.67458333333333,11.029583333333338],[104.69125,10.968750000000004],[104.76124999999999,10.92541666666667],[104.75874999999999,10.888750000000005],[104.79791666666667,10.88708333333334],[104.79041666666666,10.840416666666673],[104.75125,10.80208333333334],[104.77791666666667,10.798750000000005],[104.79458333333334,10.753750000000004],[104.74958333333333,10.752083333333339],[104.72791666666666,10.69541666666667],[104.74708333333334,10.690416666666671],[104.73291666666667,10.658750000000005],[104.76208333333334,10.64041666666667],[104.75708333333333,10.61458333333334],[104.74041666666666,10.603750000000005],[104.74708333333334,10.587916666666672],[104.72291666666666,10.589583333333337],[104.72125,10.552916666666672],[104.69958333333334,10.55208333333334],[104.71541666666667,10.516250000000007],[104.70375,10.517916666666672],[104.69541666666666,10.477916666666673],[104.67708333333333,10.467083333333338],[104.69041666666666,10.467083333333338],[104.71791666666667,10.416250000000005],[104.72958333333332,10.450416666666673],[104.74958333333333,10.44541666666667],[104.75708333333333,10.466250000000006],[104.81125,10.436250000000005],[104.85708333333334,10.443750000000005],[104.87125,10.463750000000005],[104.89208333333333,10.443750000000005],[104.93708333333333,10.479583333333338],[104.99625,10.490416666666672],[105.00541666666666,10.438750000000006],[104.96875,10.402916666666673],[104.97375,10.386250000000004],[104.90958333333333,10.377916666666671],[104.90125,10.304583333333337],[104.93541666666667,10.292083333333338],[104.87791666666666,10.216250000000006],[104.95625,10.16458333333334],[104.94708333333332,10.138750000000005],[104.99791666666667,10.134583333333339],[104.98458333333333,10.14958333333334],[105.01791666666666,10.157916666666672],[105.03458333333333,10.10541666666667],[105.03791666666666,10.127083333333339],[105.06541666666666,10.108750000000004],[105.11458333333333,10.107083333333339],[105.12125,10.127916666666671],[105.14958333333333,10.10958333333334],[105.16624999999999,10.131250000000005],[105.20625,10.107083333333339],[105.11375,9.998750000000005],[105.11625,9.97708333333334],[105.15375,9.982916666666672],[105.11625,9.943750000000005],[105.11958333333334,9.922916666666673],[105.15125,9.913750000000004],[105.13541666666666,9.889583333333338],[105.16208333333333,9.902083333333337],[105.17791666666666,9.87208333333334],[105.20625,9.872916666666672],[105.22125,9.850416666666671],[105.24374999999999,9.847916666666674],[105.32374999999999,9.909583333333337],[105.34791666666666,9.947916666666671],[105.37875,9.96041666666667],[105.35374999999999,9.881250000000005],[105.36041666666667,9.857916666666672],[105.40625,9.837916666666672],[105.39375,9.812083333333337],[105.41541666666666,9.819583333333338],[105.42875,9.790416666666673],[105.53625,9.752916666666671],[105.56791666666666,9.681250000000006],[105.57374999999999,9.732916666666672],[105.60374999999999,9.766250000000007],[105.61791666666666,9.728750000000005],[105.68541666666667,9.753750000000004],[105.67125,9.714583333333337],[105.68708333333333,9.713750000000005],[105.69375,9.69208333333334],[105.73375,9.69958333333334],[105.73458333333333,9.685416666666672],[105.77958333333333,9.716250000000006],[105.83541666666666,9.687083333333337],[105.83875,9.65708333333334],[105.86625,9.662916666666671],[105.86291666666666,9.631250000000005],[105.88624999999999,9.617083333333337],[105.95208333333333,9.627916666666671],[105.98041666666666,9.598750000000006],[105.97291666666666,9.57958333333334],[105.99208333333333,9.545416666666672],[106.01124999999999,9.547916666666673],[106.09208333333333,9.500416666666673],[106.09791666666666,9.527083333333337],[106.12708333333333,9.535416666666674],[106.13875,9.597916666666674],[106.11291666666666,9.622916666666672],[106.09958333333333,9.66458333333334],[106.10991376384642,9.678750000000004],[106.20609000000007,9.522780000000068],[106.19455000000005,9.368470000000059],[105.51680000000005,9.11639000000008],[105.40734000000003,8.997780000000091],[105.33568000000008,8.811110000000042],[105.12130000000008,8.62507000000005],[104.86464000000007,8.55923000000007],[104.76694000000003,8.585550000000069],[104.74275000000006,8.605000000000075],[104.89082000000008,8.693890000000067],[104.92255000000006,8.745210000000043],[104.91638000000006,8.80222000000009],[104.82033000000007,8.769030000000043],[104.79894000000007,8.792220000000043],[104.83472000000006,9.53374000000008],[104.86053000000004,9.692500000000052],[104.89921000000004,9.81069000000008],[105.03886000000006,9.92722000000009],[105.07271000000003,9.937500000000057],[105.11275000000006,9.854790000000037],[105.10747000000003,9.945280000000082],[105.05553000000003,10.033890000000042],[104.98177000000004,10.104440000000068],[104.89740000000006,10.094650000000058],[104.80150000000003,10.207430000000045],[104.74580000000003,10.230000000000075],[104.72351000000003,10.232360000000085],[104.61024000000003,10.16889000000009],[104.58193000000006,10.270690000000059],[104.49802000000005,10.388610000000085],[104.25129000000004,10.566180000000088],[104.09372000000008,10.547780000000046],[103.93108000000007,10.588190000000054],[103.80469000000005,10.531330000000082],[103.75855000000007,10.531960000000083],[103.73636000000005,10.495970000000057],[103.63499000000007,10.490210000000047],[103.52165000000008,10.604440000000068],[103.51609000000008,10.638050000000078],[103.55857000000003,10.713330000000042],[103.58830000000006,10.731110000000058],[103.68439000000006,10.740570000000048],[103.66615000000007,10.756110000000092],[103.67635000000007,10.800550000000044],[103.71734000000004,10.836670000000083],[103.71942000000007,10.887500000000045],[103.66664000000003,11.027780000000064],[103.55565000000007,11.155350000000055],[103.51011000000005,11.159030000000087],[103.47580000000005,11.131940000000043],[103.45164000000005,11.095830000000092],[103.41163000000006,10.943890000000067],[103.34886000000006,10.884720000000073],[103.17346000000003,10.865550000000042],[103.12970000000007,10.883050000000082],[103.09602000000007,10.934440000000052],[103.11691000000008,11.111940000000061],[103.09262000000007,11.204580000000078],[103.10136000000006,11.348610000000065],[103.02885000000003,11.541940000000068],[102.97566000000006,11.529230000000041],[102.96025000000003,11.544170000000065],[102.98300000000006,11.582100000000082],[102.96538000000004,11.672360000000083],[103.02097000000003,11.719980000000078],[103.06400000000008,11.702190000000087],[103.07639000000006,11.712740000000053],[103.02330000000006,11.72888000000006],[102.97845000000007,11.710410000000081],[102.95741000000004,11.756530000000055],[102.89588000000003,11.826770000000067],[102.90693000000005,11.78741000000008],[102.96650000000005,11.719580000000065],[102.95850000000007,11.650990000000093],[102.96774000000005,11.59916000000004],[102.95893000000007,11.57541000000009],[102.93565000000007,11.591390000000047],[102.90413000000007,11.740280000000041],[102.80362000000008,11.87498000000005],[102.76263000000006,12.027920000000051],[102.64151000000004,12.175000000000068],[102.59554000000003,12.203890000000058],[102.55713000000003,12.20243000000005],[102.52193000000005,12.116660000000081],[102.33776000000006,12.195280000000082],[102.31916000000007,12.292220000000043],[102.36409000000003,12.344580000000065],[102.35575000000006,12.35868000000005],[102.33776000000006,12.36069000000009],[102.34207000000004,12.335280000000068],[102.31178000000006,12.31069000000008],[102.24346000000003,12.306520000000091],[102.06811000000005,12.48562000000004],[102.06068000000005,12.566250000000082],[102.01944000000003,12.56361000000004],[101.94663000000003,12.525000000000091],[101.89235000000008,12.572080000000085],[101.85977000000003,12.641770000000065],[101.75658000000004,12.705000000000041],[101.68692000000004,12.696390000000065],[101.65165000000007,12.650830000000042],[101.38193000000007,12.609160000000088],[101.26249000000007,12.653610000000072],[101.10915000000006,12.675280000000043],[100.97522000000004,12.640920000000051],[100.97067000000004,12.60430000000008],[100.93221000000005,12.611390000000085],[100.83916000000005,12.70139000000006],[100.84326000000004,12.736800000000073],[100.86886000000004,12.767780000000073],[100.91998000000007,12.984440000000063],[100.90166000000005,13.072220000000073],[100.94262000000003,13.197850000000074],[100.91436000000004,13.291600000000074],[100.93081000000006,13.334720000000061],[100.98019000000005,13.35791000000006],[100.97635000000008,13.462810000000047],[100.57916000000006,13.519170000000088],[100.46782000000007,13.491620000000069],[100.22221000000008,13.468330000000037],[100.05936000000003,13.415970000000073],[99.95679000000007,13.291080000000079],[100.00178000000005,13.210970000000088],[100.07319000000007,13.148610000000076],[100.10401000000007,13.04472000000004],[100.04554000000007,12.955550000000073],[99.97012000000007,12.743190000000084],[99.96165000000008,12.674440000000061],[99.97436000000005,12.461110000000076],[100.00694000000004,12.343890000000044],[100.02082000000007,12.194650000000081],[99.97165000000007,12.089720000000057],[99.86512000000005,11.983050000000048],[99.82667000000004,11.901940000000081],[99.82331000000005,11.784710000000075],[99.73734000000007,11.690550000000087],[99.64027000000004,11.514440000000093],[99.60942000000006,11.392220000000066],[99.49193000000008,11.115550000000042],[99.51298000000003,11.04049000000009],[99.48276000000004,10.88528000000008],[99.41610000000003,10.765000000000043],[99.32179000000008,10.65375000000006],[99.24109000000004,10.522910000000081],[99.23888000000005,10.463190000000054],[99.19498000000004,10.372220000000084],[99.15082000000007,10.36472000000009],[99.15422000000007,10.308820000000082],[99.19304000000005,10.200550000000078],[99.15054000000003,10.083330000000046],[99.16902000000005,9.84916000000004],[99.14749000000006,9.763330000000053],[99.17637000000008,9.641530000000046],[99.30304000000007,9.38528000000008],[99.23016000000007,9.337220000000059],[99.23720000000003,9.257290000000069],[99.26846000000006,9.21861000000007],[99.44505000000004,9.192500000000052],[99.57972000000007,9.269160000000056],[99.70749000000006,9.31833000000006],[99.84540000000004,9.300410000000056],[99.91886000000005,8.97222000000005],[99.95861000000008,8.625270000000057],[99.98728000000006,8.57472000000007],[100.05095000000006,8.520140000000083],[100.10441000000003,8.414720000000045],[100.16039000000006,8.38125000000008],[100.18608000000006,8.398610000000076],[100.17941000000008,8.468050000000062],[100.13849000000005,8.518540000000087],[100.17246000000006,8.506800000000055],[100.23802000000006,8.406670000000076],[100.26997000000006,8.311250000000086],[100.29608000000007,8.109720000000038],[100.42376000000007,7.535280000000057],[100.47830000000005,7.366670000000056],[100.51553000000007,7.29389000000009],[100.57809000000003,7.220140000000072],[100.56989000000004,7.192570000000046],[100.54192000000006,7.198750000000075],[100.43886000000003,7.286110000000065],[100.37969000000004,7.545610000000067],[100.29239000000007,7.780000000000086],[100.26761000000005,7.793050000000051],[100.20762000000008,7.777360000000044],[100.15039000000007,7.727220000000045],[100.15164000000004,7.625970000000052],[100.18288000000007,7.515550000000076],[100.26609000000008,7.378330000000062],[100.31514000000004,7.340000000000089],[100.36608000000007,7.327640000000088],[100.39206000000007,7.208050000000071],[100.42483000000004,7.157780000000059],[100.53837000000004,7.130760000000066],[100.58483000000007,7.170620000000042],[100.59054000000003,7.209120000000041],[100.76080000000007,6.984440000000063],[100.80359000000004,6.956110000000081],[100.91636000000005,6.915830000000085],[101.02553000000006,6.84722000000005],[101.35818000000006,6.875940000000071],[101.33375000000007,6.9152800000000525],[101.29455000000007,6.935550000000092],[101.33638000000008,6.933890000000076],[101.47748000000007,6.878610000000037],[101.56998000000004,6.82639000000006],[101.78679000000005,6.477080000000058],[102.09523000000007,6.236140000000091],[102.09053000000006,6.154170000000079],[101.94372000000004,5.956530000000043],[101.94405000000006,5.867080000000044],[101.82609000000008,5.740970000000061],[101.74635000000006,5.78917000000007],[101.69232000000005,5.76431000000008],[101.65857000000005,5.821730000000059],[101.65940000000006,5.850620000000049],[101.60649000000006,5.905280000000062],[101.57102000000003,5.915210000000059],[101.31190000000004,5.807220000000086],[101.22323000000006,5.670970000000068],[101.14233000000007,5.633470000000045],[100.99115000000006,5.794300000000078],[101.04225000000008,5.901800000000037],[101.09566000000007,5.923960000000079],[101.11920000000003,5.990280000000041],[101.09913000000006,6.1188900000000785],[101.11204000000004,6.250690000000077],[101.00970000000007,6.269440000000088],[100.95207000000005,6.240830000000074],[100.85323000000005,6.2438900000000785],[100.85441000000003,6.322500000000048],[100.82817000000006,6.427780000000041],[100.75136000000003,6.502780000000087],[100.65663000000006,6.448680000000081],[100.38748000000004,6.536110000000065],[100.33518000000004,6.586110000000076],[100.30025000000006,6.699790000000064],[100.26414000000005,6.706670000000088],[100.21498000000008,6.711110000000076],[100.19407000000007,6.697430000000054],[100.17454000000004,6.6223600000000715],[100.19275000000005,6.5752800000000775],[100.16844000000003,6.470830000000092],[100.12712000000005,6.424950000000081],[100.09018000000003,6.533440000000041],[100.05843000000004,6.511630000000082],[99.84720000000004,6.777220000000057],[99.78984000000003,6.823890000000063],[99.70847000000003,6.848610000000065],[99.68387000000007,6.882780000000082],[99.68268000000006,7.031460000000038],[99.74569000000008,7.117920000000083],[99.73442000000006,7.130280000000084],[99.68776000000008,7.111530000000073],[99.58457000000004,7.142570000000092],[99.53554000000003,7.235280000000046],[99.39082000000008,7.301670000000058],[99.34026000000006,7.37680000000006],[99.34742000000006,7.438120000000083],[99.25981000000007,7.655800000000056],[99.13054000000005,7.733750000000043],[99.10707000000008,7.694930000000056],[99.03707000000003,7.7072200000000635],[99.01736000000005,7.816670000000045],[99.03638000000007,7.895000000000039],[98.95694000000003,7.975830000000087],[98.88318000000004,8.014720000000068],[98.84027000000003,7.996110000000044],[98.77193000000005,8.018470000000093],[98.74359000000004,8.07944000000009],[98.73998000000006,8.221800000000087],[98.69762000000003,8.304030000000068],[98.65137000000004,8.279720000000054],[98.62123000000008,8.28410000000008],[98.63429000000008,8.359510000000057],[98.65588000000008,8.379930000000058],[98.54637000000008,8.357080000000053],[98.44373000000007,8.298050000000046],[98.46811000000008,8.225550000000055],[98.43630000000007,8.147980000000075],[98.38554000000005,8.13722000000007],[98.27416000000005,8.274440000000084],[98.19387000000006,8.554030000000068],[98.22442000000007,8.611390000000085],[98.26082000000008,8.853890000000092],[98.33916000000005,9.010560000000055],[98.35137000000003,9.11472000000009],[98.32804000000004,9.207500000000039],[98.38611000000003,9.323890000000063],[98.45254000000006,9.548680000000047],[98.56261000000006,9.734160000000088],[98.54248000000007,9.806390000000079],[98.54664000000008,9.878050000000087],[98.57471000000004,9.908610000000067],[98.69803000000007,10.170550000000048],[98.74540000000007,10.327640000000088],[98.74275000000006,10.348610000000065],[98.67970000000008,10.195830000000058],[98.55140000000006,9.98691000000008],[98.52610000000004,10.013050000000078],[98.50722000000007,10.156940000000077],[98.53318000000007,10.34889000000004],[98.49728000000005,10.43861000000004],[98.45665000000008,10.67486000000008],[98.46075000000008,10.728750000000048],[98.50034000000005,10.726460000000088],[98.52651000000003,10.69667000000004],[98.56415000000004,10.727220000000045],[98.62747000000007,10.846110000000067],[98.70942000000008,10.916250000000048],[98.71859000000006,10.955970000000093],[98.69692000000003,11.137080000000083],[98.73734000000007,11.180140000000051],[98.75805000000008,11.268050000000073],[98.70193000000006,11.375000000000057],[98.74720000000008,11.67486000000008],[98.82986000000005,11.70847000000009],[98.88372000000004,11.697220000000073],[98.78499000000005,11.76694000000009],[98.68998000000005,11.676520000000039],[98.60942000000006,11.72389000000004],[98.59845000000007,11.749300000000062],[98.60582000000005,11.804310000000044],[98.66304000000008,11.916390000000092],[98.71978000000007,11.964230000000043],[98.72082000000006,12.01389000000006],[98.65462000000008,12.168670000000077],[98.71043000000003,12.199410000000057],[98.68651000000006,12.241930000000082],[98.59721000000008,12.193890000000067],[98.54948000000007,12.208900000000085],[98.53373000000005,12.254640000000052],[98.56805000000003,12.295000000000073],[98.68385000000006,12.316130000000044],[98.70359000000008,12.340050000000076],[98.60484000000008,12.42118000000005],[98.62151000000006,12.558190000000081],[98.68082000000004,12.690830000000062],[98.63526000000007,12.872010000000046],[98.59374000000008,12.91569000000004],[98.58033000000006,13.178330000000074],[98.47470000000004,13.28472000000005],[98.42998000000006,13.476530000000082],[98.28665000000007,13.684160000000077],[98.25166000000007,13.77833000000004],[98.23414000000008,13.952920000000063],[98.21286000000003,14.025970000000086],[98.18623000000008,14.055000000000064],[98.19803000000007,13.661940000000072],[98.17713000000003,13.53514000000007],[98.14068000000003,13.538190000000043],[98.07832000000008,13.789300000000082],[98.09637000000004,13.798260000000084],[98.10359000000005,13.905830000000037],[98.08360000000005,14.048330000000078],[98.08721000000003,14.179860000000076],[97.98220000000003,14.35833000000008],[97.79726000000005,14.88196000000005],[97.81123000000008,15.152640000000076],[97.74276000000003,15.25222000000008],[97.73610000000008,15.358890000000088],[97.77971000000008,15.426660000000084],[97.72457000000003,15.846660000000043],[97.69304000000005,15.910560000000089],[97.59444000000008,16.00222000000008],[97.56971000000004,16.06520000000006],[97.62041666666667,16.133750000000003],[97.66708333333334,16.14208333333334],[97.69875,16.192083333333336],[97.74541666666667,16.183750000000003],[97.78458333333333,16.202083333333338],[97.80625,16.15541666666667],[97.80291666666666,16.131250000000005],[97.84041666666667,16.04541666666667],[97.83208333333333,16.028750000000006],[97.85041666666666,16.01791666666667],[97.83375,15.975416666666671],[97.85041666666666,15.928750000000004],[97.83291666666666,15.912916666666671],[97.83541666666666,15.865416666666672],[97.86708333333333,15.808750000000003],[97.85875,15.796250000000004],[97.88625,15.734583333333337],[97.87625,15.73041666666667]]],[[[101.89791666666666,22.382083333333334],[101.89375,22.382083333333334],[101.89874999999999,22.382083333333348],[101.89791666666666,22.382083333333334]]],[[[101.89958333333333,22.382916666666684],[101.89958333333333,22.38291666666667],[101.89874999999999,22.38291666666667],[101.89874999999999,22.382916666666684],[101.89958333333333,22.382916666666684]]],[[[101.89208333333333,22.382916666666684],[101.89375,22.382916666666684],[101.89375,22.38291666666667],[101.89208333333333,22.382916666666684]]],[[[101.89208333333332,22.383750000000017],[101.89208333333332,22.383750000000003],[101.89125,22.383750000000003],[101.89125,22.383750000000017],[101.89208333333332,22.383750000000017]]],[[[101.89041666666667,22.383750000000003],[101.88958333333333,22.383750000000003],[101.89041666666665,22.38458333333335],[101.89124999999999,22.38458333333335],[101.89041666666667,22.383750000000003]]],[[[101.88208333333333,22.386250000000004],[101.87875,22.386250000000004],[101.87875,22.386250000000018],[101.88208333333333,22.386250000000004]]],[[[101.87708333333333,22.387083333333337],[101.87708333333333,22.38708333333335],[101.87875,22.38708333333335],[101.87875,22.387083333333337],[101.87708333333333,22.387083333333337]]],[[[101.88458333333332,22.38708333333335],[101.88458333333332,22.387083333333337],[101.88208333333333,22.387083333333337],[101.88208333333333,22.38708333333335],[101.88458333333332,22.38708333333335]]],[[[101.88875,22.387083333333337],[101.88875,22.38708333333335],[101.88958333333332,22.38708333333335],[101.88958333333332,22.387083333333337],[101.88875,22.387083333333337]]],[[[101.87625,22.387916666666683],[101.87708333333333,22.387916666666683],[101.87708333333333,22.38791666666667],[101.87625,22.387916666666683]]],[[[101.88625,22.38791666666667],[101.88458333333332,22.38791666666667],[101.88624999999999,22.388750000000016],[101.88874999999999,22.388750000000016],[101.88625,22.38791666666667]]],[[[101.90374999999999,22.38958333333335],[101.90541666666665,22.392916666666682],[101.90624999999999,22.393750000000015],[101.90708333333333,22.393750000000015],[101.90208333333334,22.38458333333334],[101.90125,22.383750000000003],[101.89958333333333,22.383750000000003],[101.90374999999999,22.38958333333335]]],[[[101.87625,22.388750000000016],[101.87625,22.38875],[101.87458333333333,22.38875],[101.87458333333333,22.388750000000016],[101.87625,22.388750000000016]]],[[[101.86875,22.38875],[101.86458333333333,22.38875],[101.86874999999999,22.38958333333335],[101.87458333333332,22.38958333333335],[101.86875,22.38875]]],[[[101.86375,22.389583333333334],[101.86375,22.38958333333335],[101.86458333333333,22.38958333333335],[101.86458333333333,22.389583333333334],[101.86375,22.389583333333334]]],[[[101.86291666666666,22.390416666666685],[101.86375,22.390416666666685],[101.86375,22.390416666666667],[101.86291666666666,22.390416666666685]]],[[[101.86291666666666,22.39208333333335],[101.86291666666666,22.392083333333336],[101.86208333333333,22.392083333333336],[101.86208333333333,22.39208333333335],[101.86291666666666,22.39208333333335]]],[[[101.86208333333333,22.393750000000004],[101.86041666666667,22.393750000000004],[101.86041666666667,22.393750000000015],[101.86208333333333,22.393750000000004]]],[[[101.85958333333333,22.394583333333337],[101.85958333333333,22.39458333333335],[101.86041666666665,22.39458333333335],[101.86041666666665,22.394583333333337],[101.85958333333333,22.394583333333337]]],[[[101.90708333333333,22.39541666666667],[101.90708333333333,22.395416666666684],[101.90875,22.395416666666684],[101.90875,22.39541666666667],[101.90708333333333,22.39541666666667]]],[[[101.85875,22.395416666666684],[101.85958333333332,22.395416666666684],[101.85958333333332,22.39541666666667],[101.85875,22.395416666666684]]],[[[101.90958333333333,22.396250000000002],[101.90875,22.396250000000002],[101.90875,22.396250000000016],[101.90958333333333,22.396250000000002]]],[[[101.85874999999999,22.39708333333335],[101.85874999999999,22.397083333333335],[101.85791666666667,22.397083333333335],[101.85791666666667,22.39708333333335],[101.85874999999999,22.39708333333335]]],[[[101.90958333333333,22.397916666666685],[101.91041666666666,22.397916666666685],[101.91041666666666,22.397916666666667],[101.90958333333333,22.397916666666685]]],[[[101.91041666666666,22.398750000000017],[101.91125,22.398750000000017],[101.91125,22.398750000000003],[101.91041666666666,22.398750000000017]]],[[[101.85791666666665,22.398750000000003],[101.85625,22.398750000000003],[101.85625,22.398750000000017],[101.85791666666665,22.398750000000003]]],[[[101.85541666666667,22.399583333333336],[101.85541666666667,22.39958333333335],[101.85624999999999,22.39958333333335],[101.85624999999999,22.399583333333336],[101.85541666666667,22.399583333333336]]],[[[101.91125,22.40291666666667],[101.91125,22.402916666666684],[101.91208333333333,22.402916666666684],[101.91208333333333,22.40291666666667],[101.91125,22.40291666666667]]],[[[101.85291666666666,22.403750000000002],[101.85125,22.403750000000002],[101.85125,22.403750000000016],[101.85291666666666,22.403750000000002]]],[[[101.85291666666666,22.40458333333335],[101.85374999999999,22.40458333333335],[101.85458333333332,22.40458333333335],[101.85458333333332,22.404583333333335],[101.85291666666666,22.40458333333335]]],[[[101.85041666666666,22.404583333333335],[101.85041666666666,22.40458333333335],[101.85125,22.40458333333335],[101.85125,22.404583333333335],[101.85041666666666,22.404583333333335]]],[[[101.85458333333332,22.405416666666667],[101.85458333333332,22.40541666666668],[101.85624999999999,22.40541666666668],[101.85624999999999,22.405416666666667],[101.85458333333332,22.405416666666667]]],[[[101.91291666666666,22.405416666666667],[101.91208333333333,22.405416666666667],[101.91208333333333,22.40541666666668],[101.91291666666666,22.405416666666667]]],[[[101.84875,22.40541666666668],[101.85041666666666,22.40541666666668],[101.85041666666666,22.405416666666667],[101.84875,22.40541666666668]]],[[[101.84875,22.406250000000018],[101.84875,22.406250000000004],[101.84791666666666,22.406250000000004],[101.84791666666666,22.406250000000018],[101.84875,22.406250000000018]]],[[[101.84791666666666,22.408750000000005],[101.84708333333333,22.408750000000005],[101.84708333333333,22.408750000000015],[101.84791666666666,22.408750000000005]]],[[[101.84208333333333,22.411250000000003],[101.84208333333333,22.411250000000017],[101.84708333333333,22.411250000000017],[101.84708333333333,22.411250000000003],[101.84208333333333,22.411250000000003]]],[[[101.84125,22.41208333333335],[101.84208333333332,22.41208333333335],[101.84208333333332,22.412083333333335],[101.84125,22.41208333333335]]],[[[101.84041666666667,22.412916666666682],[101.84124999999999,22.412916666666682],[101.84124999999999,22.412916666666668],[101.84041666666667,22.412916666666682]]],[[[101.84041666666666,22.414583333333336],[101.83791666666667,22.414583333333336],[101.83791666666667,22.41458333333335],[101.84041666666666,22.414583333333336]]],[[[101.83458333333333,22.41458333333335],[101.83541666666666,22.41458333333335],[101.83541666666666,22.414583333333336],[101.83458333333333,22.41458333333335]]],[[[101.83791666666666,22.41541666666667],[101.83541666666666,22.41541666666667],[101.83541666666666,22.415416666666683],[101.83791666666666,22.41541666666667]]],[[[101.91208333333333,22.416250000000016],[101.91208333333333,22.416250000000005],[101.91125,22.416250000000005],[101.91125,22.416250000000016],[101.91208333333333,22.416250000000016]]],[[[101.83458333333333,22.418750000000017],[101.83458333333333,22.418750000000003],[101.83375,22.418750000000003],[101.83375,22.418750000000017],[101.83458333333333,22.418750000000017]]],[[[101.83375,22.419583333333335],[101.83291666666666,22.419583333333335],[101.83291666666666,22.41958333333335],[101.83375,22.419583333333335]]],[[[101.91208333333333,22.420416666666682],[101.91291666666666,22.420416666666682],[101.91291666666666,22.420416666666668],[101.91208333333333,22.420416666666682]]],[[[101.83208333333333,22.420416666666668],[101.83208333333333,22.420416666666682],[101.83291666666666,22.420416666666682],[101.83291666666666,22.420416666666668],[101.83208333333333,22.420416666666668]]],[[[101.83125,22.421250000000015],[101.83208333333333,22.421250000000015],[101.83208333333333,22.42125],[101.83125,22.421250000000015]]],[[[101.91291666666666,22.42125],[101.91291666666666,22.421250000000015],[101.91375,22.421250000000015],[101.91375,22.42125],[101.91291666666666,22.42125]]],[[[101.91458333333333,22.422083333333337],[101.91375,22.422083333333337],[101.91375,22.42208333333335],[101.91458333333333,22.422083333333337]]],[[[101.83125,22.427916666666682],[101.83125,22.42791666666667],[101.82791666666667,22.42791666666667],[101.82791666666667,22.427916666666682],[101.83125,22.427916666666682]]],[[[101.82791666666665,22.42875],[101.82708333333333,22.42875],[101.82708333333333,22.428750000000015],[101.82791666666665,22.42875]]],[[[101.97125,22.42875],[101.96708333333333,22.42875],[101.96708333333333,22.428750000000015],[101.97125,22.42875]]],[[[101.98375,22.42958333333335],[101.98791666666666,22.42958333333335],[101.98708333333333,22.429583333333337],[101.98375,22.42958333333335]]],[[[101.97208333333333,22.429583333333337],[101.97125,22.429583333333337],[101.97291666666666,22.42958333333335],[101.97208333333333,22.429583333333337]]],[[[101.82625,22.429583333333337],[101.82625,22.42958333333335],[101.82708333333332,22.42958333333335],[101.82708333333332,22.429583333333337],[101.82625,22.429583333333337]]],[[[101.96458333333334,22.429583333333337],[101.96458333333334,22.42958333333335],[101.96708333333332,22.42958333333335],[101.96708333333332,22.429583333333337],[101.96458333333334,22.429583333333337]]],[[[101.98041666666667,22.429583333333337],[101.97708333333333,22.429583333333337],[101.98041666666666,22.430416666666684],[101.98374999999999,22.430416666666684],[101.98041666666667,22.429583333333337]]],[[[101.98791666666666,22.43041666666667],[101.98791666666666,22.430416666666684],[101.99125,22.430416666666684],[101.99125,22.43041666666667],[101.98791666666666,22.43041666666667]]],[[[101.96291666666667,22.430416666666684],[101.96458333333332,22.430416666666684],[101.96458333333332,22.43041666666667],[101.96291666666667,22.430416666666684]]],[[[101.97291666666666,22.43041666666667],[101.97291666666666,22.430416666666684],[101.97375,22.430416666666684],[101.97375,22.43041666666667],[101.97291666666666,22.43041666666667]]],[[[101.96291666666666,22.431250000000016],[101.96291666666666,22.431250000000002],[101.96208333333333,22.431250000000002],[101.96208333333333,22.431250000000016],[101.96291666666666,22.431250000000016]]],[[[101.97708333333333,22.431250000000002],[101.97375,22.431250000000002],[101.97375,22.431250000000016],[101.97708333333333,22.431250000000002]]],[[[101.99208333333333,22.431250000000002],[101.99125,22.431250000000002],[101.99125,22.431250000000016],[101.99208333333333,22.431250000000002]]],[[[101.96208333333333,22.43208333333334],[101.96124999999999,22.43208333333334],[101.96124999999999,22.43208333333335],[101.96208333333333,22.43208333333334]]],[[[101.96041666666666,22.43291666666667],[101.96041666666666,22.43291666666668],[101.96124999999999,22.43291666666668],[101.96124999999999,22.43291666666667],[101.96041666666666,22.43291666666667]]],[[[101.99958333333332,22.43458333333335],[101.99958333333332,22.435416666666683],[102.00041666666667,22.435416666666683],[101.99791666666667,22.43291666666667],[101.99541666666667,22.43208333333334],[101.99208333333333,22.43208333333334],[101.99958333333332,22.43458333333335]]],[[[101.82541666666667,22.433750000000018],[101.82624999999999,22.433750000000018],[101.82624999999999,22.433750000000003],[101.82541666666667,22.433750000000018]]],[[[101.95958333333333,22.43458333333335],[101.96041666666666,22.43458333333335],[101.96041666666666,22.434583333333336],[101.95958333333333,22.43458333333335]]],[[[101.95958333333333,22.435416666666683],[101.95958333333333,22.43541666666667],[101.95791666666666,22.43541666666667],[101.95791666666666,22.435416666666683],[101.95958333333333,22.435416666666683]]],[[[101.95791666666666,22.43625],[101.95708333333333,22.43625],[101.95708333333333,22.436250000000015],[101.95791666666666,22.43625]]],[[[101.95541666666666,22.437083333333334],[101.95541666666666,22.43708333333335],[101.95708333333333,22.43708333333335],[101.95708333333333,22.437083333333334],[101.95541666666666,22.437083333333334]]],[[[101.92625,22.43708333333335],[101.92708333333333,22.43708333333335],[101.92708333333333,22.437083333333334],[101.92625,22.43708333333335]]],[[[101.93791666666667,22.437083333333334],[101.93625,22.437083333333334],[101.93625,22.43708333333335],[101.93791666666667,22.437083333333334]]],[[[101.93624999999999,22.437916666666684],[101.93208333333334,22.43791666666667],[101.93208333333334,22.437083333333334],[101.93125,22.437083333333334],[101.93208333333332,22.437916666666684],[101.93624999999999,22.437916666666684]]],[[[101.92862226666631,22.43791666666667],[101.9286222666664,22.437916666666684],[101.93124999999999,22.437916666666684],[101.93124999999999,22.43791666666667],[101.92862226666631,22.43791666666667]]],[[[101.94041666666666,22.43791666666667],[101.94041666666666,22.437916666666684],[101.94125,22.437916666666684],[101.94125,22.43791666666667],[101.94041666666666,22.43791666666667]]],[[[101.93958333333333,22.437916666666684],[101.93958333333333,22.43791666666667],[101.93791666666667,22.43791666666667],[101.93791666666667,22.437916666666684],[101.93958333333333,22.437916666666684]]],[[[101.99958333333332,22.43708333333335],[101.99958333333332,22.43958333333334],[101.99958333333333,22.43958333333334],[101.99958333333332,22.43708333333335]]],[[[101.93958333333333,22.438750000000002],[101.93958333333333,22.438750000000017],[101.94041666666666,22.438750000000017],[101.94041666666666,22.438750000000002],[101.93958333333333,22.438750000000002]]],[[[101.91208333333333,22.438750000000017],[101.91291666666666,22.438750000000017],[101.90958333333333,22.438750000000002],[101.90958333333333,22.438750000000017],[101.91208333333333,22.438750000000017]]],[[[101.94208333333333,22.438750000000017],[101.94208333333333,22.438750000000002],[101.94125,22.438750000000002],[101.94125,22.438750000000017],[101.94208333333333,22.438750000000017]]],[[[101.95458333333333,22.438750000000017],[101.95541666666666,22.438750000000017],[101.95541666666666,22.438750000000002],[101.95458333333333,22.438750000000017]]],[[[101.94208333333333,22.43958333333335],[101.94291666666666,22.43958333333335],[101.94291666666666,22.43958333333334],[101.94208333333333,22.43958333333335]]],[[[101.91875,22.43958333333334],[101.91541666666666,22.43958333333334],[101.91874999999999,22.440066264367907],[101.91875,22.43958333333334]]],[[[101.99875,22.43958333333335],[101.99874999999999,22.43958333333335],[101.99874999999999,22.44041666666667],[101.99875,22.44041666666667],[101.99875,22.43958333333335]]],[[[101.91291666666666,22.440416666666682],[101.91541666666666,22.440416666666682],[101.91541666666666,22.44041666666667],[101.91291666666666,22.440416666666682]]],[[[101.99791666666667,22.441250000000004],[101.99791666666667,22.440416666666682],[101.99791666666665,22.441250000000018],[102.00041666666667,22.441250000000018],[101.99791666666667,22.441250000000004]]],[[[101.95041666666667,22.441525011037587],[101.95041666666667,22.441250000000004],[101.94958333333334,22.441250000000004],[101.94958333333334,22.44041666666667],[101.94372226666633,22.44041666666667],[101.95041666666667,22.441525011037587]]],[[[102.00125,22.44208333333335],[102.00125,22.442083333333336],[102.00041666666667,22.442083333333336],[102.00041666666667,22.44208333333335],[102.00125,22.44208333333335]]],[[[101.95458333333332,22.44208333333335],[101.95458333333332,22.442083333333336],[101.953788933333,22.442083333333336],[101.95378893333309,22.44208333333335],[101.95458333333332,22.44208333333335]]],[[[102.00125,22.442916666666683],[102.00208333333333,22.442916666666683],[102.00208333333333,22.44291666666667],[102.00125,22.442916666666683]]],[[[102.00458333333333,22.44291666666667],[102.00458333333333,22.442916666666683],[102.00708333333333,22.442916666666683],[102.00708333333333,22.44291666666667],[102.00458333333333,22.44291666666667]]],[[[102.00208333333333,22.44375],[102.00208333333333,22.443750000000016],[102.00458333333333,22.443750000000016],[102.00458333333333,22.44375],[102.00208333333333,22.44375]]],[[[102.01291666666667,22.44541666666667],[102.01125,22.442083333333336],[102.00708333333333,22.442083333333336],[102.01124999999999,22.44208333333335],[102.01124999999999,22.445416666666684],[102.01458333333332,22.447916666666682],[102.01708333333332,22.447916666666682],[102.01708333333332,22.448750000000018],[102.01875,22.448750000000018],[102.01291666666667,22.44541666666667]]],[[[101.82625,22.457916666666684],[101.82708333333332,22.457916666666684],[101.82708333333332,22.45791666666667],[101.82625,22.457916666666684]]],[[[101.82624999999999,22.458750000000016],[101.82624999999999,22.458750000000002],[101.82458333333334,22.458750000000002],[101.82458333333334,22.458750000000016],[101.82624999999999,22.458750000000016]]],[[[102.25874999999999,22.23458333333335],[102.25874999999999,22.234583333333337],[102.25791666666666,22.234583333333337],[102.25791666666666,22.23458333333335],[102.25874999999999,22.23458333333335]]],[[[102.25874999999999,22.23541666666667],[102.25874999999999,22.235416666666683],[102.25958333333332,22.235416666666683],[102.25958333333332,22.23541666666667],[102.25874999999999,22.23541666666667]]],[[[102.25791666666666,22.235416666666683],[102.25791666666666,22.23541666666667],[102.25291666666666,22.23541666666667],[102.25291666666666,22.235416666666683],[102.25791666666666,22.235416666666683]]],[[[102.26375,22.236250000000016],[102.26624999999999,22.236250000000016],[102.26624999999999,22.236250000000005],[102.26375,22.236250000000016]]],[[[102.25208333333333,22.236250000000005],[102.25208333333333,22.236250000000016],[102.25291666666666,22.236250000000016],[102.25291666666666,22.236250000000005],[102.25208333333333,22.236250000000005]]],[[[102.26374999999999,22.23708333333335],[102.26374999999999,22.237083333333338],[102.26125,22.237083333333338],[102.26125,22.23708333333335],[102.26374999999999,22.23708333333335]]],[[[102.24624999999999,22.237083333333338],[102.24541666666667,22.237083333333338],[102.24541666666667,22.23708333333335],[102.24624999999999,22.237083333333338]]],[[[102.26041666666666,22.237083333333338],[102.25958333333332,22.237083333333338],[102.25958333333332,22.23708333333335],[102.26041666666666,22.237083333333338]]],[[[102.24958333333333,22.23708333333335],[102.25208333333333,22.23708333333335],[102.25208333333333,22.237083333333338],[102.24958333333333,22.23708333333335]]],[[[102.24874999999999,22.237916666666685],[102.24958333333332,22.237916666666685],[102.24875,22.237083333333338],[102.24708333333334,22.237083333333338],[102.24708333333334,22.236250000000005],[102.24625,22.236250000000005],[102.24708333333332,22.23708333333335],[102.24874999999999,22.23708333333335],[102.24874999999999,22.237916666666685]]],[[[102.24208333333333,22.23791666666667],[102.24208333333333,22.237916666666685],[102.24541666666666,22.237916666666685],[102.24541666666666,22.23791666666667],[102.24208333333333,22.23791666666667]]],[[[102.26124999999999,22.237916666666685],[102.26124999999999,22.23791666666667],[102.26041666666666,22.23791666666667],[102.26041666666666,22.237916666666685],[102.26124999999999,22.237916666666685]]],[[[102.24041666666666,22.238750000000017],[102.24208333333333,22.238750000000017],[102.24208333333333,22.238750000000003],[102.24041666666666,22.238750000000017]]],[[[102.24041666666666,22.24208333333335],[102.24041666666666,22.242083333333337],[102.23958333333333,22.242083333333337],[102.23958333333333,22.24208333333335],[102.24041666666666,22.24208333333335]]],[[[102.23958333333333,22.24541666666667],[102.23875,22.24541666666667],[102.23875,22.245416666666685],[102.23958333333333,22.24541666666667]]],[[[102.23791666666666,22.247083333333336],[102.23791666666666,22.24708333333335],[102.23875,22.24708333333335],[102.23875,22.247083333333336],[102.23791666666666,22.247083333333336]]],[[[102.24041666666666,22.256250000000016],[102.24208333333333,22.256250000000016],[102.24208333333333,22.25625],[102.24041666666666,22.256250000000016]]],[[[102.23875,22.25958333333335],[102.24041666666666,22.25958333333335],[102.24041666666666,22.25958333333334],[102.23875,22.25958333333335]]],[[[102.23875,22.26041666666667],[102.23791666666666,22.26041666666667],[102.23791666666666,22.260416666666682],[102.23875,22.26041666666667]]],[[[102.23708333333333,22.261250000000004],[102.23708333333333,22.261250000000018],[102.23791666666666,22.261250000000018],[102.23791666666666,22.261250000000004],[102.23708333333333,22.261250000000004]]],[[[102.23625,22.26208333333335],[102.23708333333333,22.26208333333335],[102.23708333333333,22.262083333333337],[102.23625,22.26208333333335]]],[[[102.23624999999998,22.262916666666683],[102.23624999999998,22.26291666666667],[102.23541666666667,22.26291666666667],[102.23541666666667,22.262916666666683],[102.23624999999998,22.262916666666683]]],[[[102.23541666666665,22.26375],[102.23291666666667,22.26375],[102.23291666666667,22.263750000000016],[102.23541666666665,22.26375]]],[[[102.23208333333334,22.264583333333334],[102.23208333333334,22.26458333333335],[102.23291666666665,22.26458333333335],[102.23291666666665,22.264583333333334],[102.23208333333334,22.264583333333334]]],[[[102.23291666666667,22.26958333333335],[102.23374999999999,22.26958333333335],[102.23374999999999,22.269583333333337],[102.23291666666667,22.26958333333335]]],[[[102.23291666666665,22.272916666666685],[102.23291666666665,22.272916666666667],[102.23208333333334,22.272916666666667],[102.23208333333334,22.272916666666685],[102.23291666666665,22.272916666666685]]],[[[102.23208333333332,22.273750000000003],[102.23125,22.273750000000003],[102.23125,22.273750000000017],[102.23208333333332,22.273750000000003]]],[[[102.22625,22.273750000000017],[102.22791666666666,22.273750000000017],[102.22791666666666,22.273750000000003],[102.22625,22.273750000000017]]],[[[102.23124999999999,22.274583333333336],[102.22791666666666,22.274583333333336],[102.22791666666666,22.27458333333335],[102.23124999999999,22.274583333333336]]],[[[102.22625,22.27458333333335],[102.22625,22.274583333333336],[102.22541666666666,22.274583333333336],[102.22541666666666,22.27458333333335],[102.22625,22.27458333333335]]],[[[102.22541666666666,22.276250000000005],[102.22125,22.276250000000005],[102.22125,22.276250000000015],[102.22541666666666,22.276250000000005]]],[[[102.21958333333333,22.277083333333337],[102.21958333333333,22.27708333333335],[102.22125,22.27708333333335],[102.22125,22.277083333333337],[102.21958333333333,22.277083333333337]]],[[[102.21875,22.278750000000016],[102.21958333333333,22.278750000000016],[102.21958333333333,22.278750000000002],[102.21875,22.278750000000016]]],[[[102.21958333333333,22.28041666666668],[102.21958333333333,22.280416666666667],[102.21875,22.280416666666667],[102.21875,22.28041666666668],[102.21958333333333,22.28041666666668]]],[[[102.21958333333333,22.282083333333336],[102.21875,22.282083333333336],[102.21875,22.28208333333335],[102.21958333333333,22.282083333333336]]],[[[102.21791666666667,22.283750000000005],[102.21791666666667,22.283750000000015],[102.21874999999999,22.283750000000015],[102.21874999999999,22.283750000000005],[102.21791666666667,22.283750000000005]]],[[[102.21625,22.28458333333335],[102.21791666666665,22.28458333333335],[102.21791666666665,22.284583333333337],[102.21625,22.28458333333335]]],[[[102.21624999999999,22.286250000000017],[102.21624999999999,22.286250000000003],[102.21541666666667,22.286250000000003],[102.21541666666667,22.286250000000017],[102.21624999999999,22.286250000000017]]],[[[102.21124999999999,22.287083333333335],[102.21124999999999,22.28708333333335],[102.21541666666666,22.28708333333335],[102.21541666666666,22.287083333333335],[102.21124999999999,22.287083333333335]]],[[[102.20708333333333,22.29041666666667],[102.20708333333333,22.290416666666683],[102.21124999999999,22.290416666666683],[102.21124999999999,22.29041666666667],[102.20708333333333,22.29041666666667]]],[[[102.20458333333333,22.291250000000016],[102.20708333333333,22.291250000000016],[102.20708333333333,22.291250000000005],[102.20458333333333,22.291250000000016]]],[[[102.20458333333332,22.29208333333335],[102.20458333333332,22.292083333333338],[102.20375,22.292083333333338],[102.20375,22.29208333333335],[102.20458333333332,22.29208333333335]]],[[[102.20374999999999,22.29291666666667],[102.20291666666667,22.29291666666667],[102.20291666666667,22.292916666666684],[102.20374999999999,22.29291666666667]]],[[[102.20208333333333,22.293750000000003],[102.20208333333333,22.293750000000017],[102.20291666666665,22.293750000000017],[102.20291666666665,22.293750000000003],[102.20208333333333,22.293750000000003]]],[[[102.20125,22.29458333333335],[102.20208333333332,22.29458333333335],[102.20208333333332,22.294583333333335],[102.20125,22.29458333333335]]],[[[102.20124999999999,22.295416666666682],[102.20124999999999,22.295416666666668],[102.20041666666667,22.295416666666668],[102.20041666666667,22.295416666666682],[102.20124999999999,22.295416666666682]]],[[[102.20041666666665,22.29625000000002],[102.20041666666665,22.29625],[102.19875,22.29625],[102.19875,22.29625000000002],[102.20041666666665,22.29625000000002]]],[[[102.19708333333332,22.297083333333337],[102.19708333333332,22.29708333333335],[102.19874999999999,22.29708333333335],[102.19874999999999,22.297083333333337],[102.19708333333332,22.297083333333337]]],[[[102.19624999999999,22.29791666666667],[102.19624999999999,22.297916666666683],[102.19708333333332,22.297916666666683],[102.19708333333332,22.29791666666667],[102.19624999999999,22.29791666666667]]],[[[102.19624999999999,22.298750000000016],[102.19624999999999,22.298750000000005],[102.19291666666666,22.298750000000005],[102.19291666666666,22.298750000000016],[102.19624999999999,22.298750000000016]]],[[[102.19291666666666,22.299583333333338],[102.19208333333333,22.299583333333338],[102.19208333333333,22.29958333333335],[102.19291666666666,22.299583333333338]]],[[[102.19125,22.30041666666667],[102.19125,22.300416666666685],[102.19208333333333,22.300416666666685],[102.19208333333333,22.30041666666667],[102.19125,22.30041666666667]]],[[[102.19041666666666,22.301250000000017],[102.19125,22.301250000000017],[102.19125,22.301250000000003],[102.19041666666666,22.301250000000017]]],[[[102.19041666666666,22.302916666666682],[102.19041666666666,22.30291666666667],[102.18458333333334,22.30291666666667],[102.18458333333334,22.302916666666682],[102.19041666666666,22.302916666666682]]],[[[102.18458333333332,22.30375],[102.18291666666667,22.30375],[102.18291666666667,22.303750000000015],[102.18458333333332,22.30375]]],[[[102.18208333333334,22.304583333333337],[102.18208333333334,22.30458333333335],[102.18291666666666,22.30458333333335],[102.18291666666666,22.304583333333337],[102.18208333333334,22.304583333333337]]],[[[102.18125,22.306250000000016],[102.18208333333332,22.306250000000016],[102.18208333333332,22.306250000000002],[102.18125,22.306250000000016]]],[[[102.18124999999999,22.30708333333335],[102.18124999999999,22.30708333333334],[102.18041666666666,22.30708333333334],[102.18041666666666,22.30708333333335],[102.18124999999999,22.30708333333335]]],[[[102.19041666666666,22.32208333333334],[102.18958333333333,22.32208333333334],[102.18958333333333,22.32208333333335],[102.19041666666666,22.32208333333334]]],[[[102.18875,22.32291666666667],[102.18875,22.322916666666682],[102.18958333333333,22.322916666666682],[102.18958333333333,22.32291666666667],[102.18875,22.32291666666667]]],[[[102.18208333333334,22.33208333333335],[102.18958333333333,22.33208333333335],[102.18958333333333,22.332083333333337],[102.18208333333334,22.33208333333335]]],[[[102.18208333333332,22.333750000000016],[102.18208333333332,22.333750000000002],[102.18125,22.333750000000002],[102.18125,22.333750000000016],[102.18208333333332,22.333750000000016]]],[[[102.18124999999999,22.336250000000003],[102.18041666666666,22.336250000000003],[102.18041666666666,22.336250000000017],[102.18124999999999,22.336250000000003]]],[[[102.18041666666666,22.337083333333336],[102.17958333333333,22.337083333333336],[102.17958333333333,22.33708333333335],[102.18041666666666,22.337083333333336]]],[[[102.17791666666666,22.338750000000015],[102.17958333333333,22.338750000000015],[102.17958333333333,22.338750000000005],[102.17791666666666,22.338750000000015]]],[[[102.17791666666666,22.33958333333335],[102.17791666666666,22.339583333333337],[102.17625,22.339583333333337],[102.17625,22.33958333333335],[102.17791666666666,22.33958333333335]]],[[[102.17625,22.341250000000002],[102.17541666666666,22.341250000000002],[102.17541666666666,22.341250000000016],[102.17625,22.341250000000002]]],[[[102.17458333333333,22.342083333333335],[102.17458333333333,22.34208333333335],[102.17541666666666,22.34208333333335],[102.17541666666666,22.342083333333335],[102.17458333333333,22.342083333333335]]],[[[102.17375,22.34291666666668],[102.17458333333333,22.34291666666668],[102.17458333333333,22.342916666666667],[102.17375,22.34291666666668]]],[[[102.17374999999998,22.343750000000018],[102.17374999999998,22.343750000000004],[102.17291666666667,22.343750000000004],[102.17291666666667,22.343750000000018],[102.17374999999998,22.343750000000018]]],[[[102.17291666666665,22.344583333333336],[102.17208333333333,22.344583333333336],[102.17208333333333,22.34458333333335],[102.17291666666665,22.344583333333336]]],[[[102.17125,22.34541666666667],[102.17125,22.345416666666683],[102.17208333333332,22.345416666666683],[102.17208333333332,22.34541666666667],[102.17125,22.34541666666667]]],[[[102.17041666666667,22.34708333333335],[102.17124999999999,22.34708333333335],[102.17124999999999,22.347083333333337],[102.17041666666667,22.34708333333335]]],[[[102.17041666666665,22.347916666666684],[102.17041666666665,22.34791666666667],[102.16958333333334,22.34791666666667],[102.16958333333334,22.347916666666684],[102.17041666666665,22.347916666666684]]],[[[102.16958333333332,22.348750000000003],[102.16875,22.348750000000003],[102.16875,22.348750000000017],[102.16958333333332,22.348750000000003]]],[[[102.16708333333332,22.349583333333335],[102.16708333333332,22.34958333333335],[102.16874999999999,22.34958333333335],[102.16874999999999,22.349583333333335],[102.16708333333332,22.349583333333335]]],[[[102.16624999999999,22.35208333333335],[102.16708333333332,22.35208333333335],[102.16708333333332,22.352083333333336],[102.16624999999999,22.35208333333335]]],[[[102.16624999999999,22.352916666666683],[102.16624999999999,22.35291666666667],[102.16541666666666,22.35291666666667],[102.16541666666666,22.352916666666683],[102.16624999999999,22.352916666666683]]],[[[102.16541666666666,22.35708333333335],[102.16541666666666,22.357083333333335],[102.16458333333333,22.357083333333335],[102.16458333333333,22.35708333333335],[102.16541666666666,22.35708333333335]]],[[[102.16375,22.359583333333337],[102.16375,22.35958333333335],[102.16458333333333,22.35958333333335],[102.16458333333333,22.359583333333337],[102.16375,22.359583333333337]]],[[[102.16875,22.37208333333335],[102.17041666666665,22.37208333333335],[102.17041666666665,22.372083333333336],[102.16875,22.37208333333335]]],[[[102.16874999999999,22.375416666666684],[102.16874999999999,22.37541666666667],[102.16791666666667,22.37541666666667],[102.16791666666667,22.375416666666684],[102.16874999999999,22.375416666666684]]],[[[102.16791666666666,22.376250000000002],[102.16624999999999,22.376250000000002],[102.16624999999999,22.376250000000017],[102.16791666666666,22.376250000000002]]],[[[102.16208333333333,22.37708333333334],[102.16208333333333,22.37708333333335],[102.16624999999999,22.37708333333335],[102.16624999999999,22.37708333333334],[102.16208333333333,22.37708333333334]]],[[[102.16125,22.37958333333335],[102.16208333333333,22.37958333333335],[102.16208333333333,22.379583333333336],[102.16125,22.37958333333335]]],[[[102.16125,22.380416666666683],[102.16125,22.38041666666667],[102.16041666666666,22.38041666666667],[102.16041666666666,22.380416666666683],[102.16125,22.380416666666683]]],[[[102.16041666666666,22.382083333333334],[102.15958333333333,22.382083333333334],[102.15958333333333,22.382083333333348],[102.16041666666666,22.382083333333334]]],[[[102.15875,22.38291666666667],[102.15875,22.382916666666684],[102.15958333333333,22.382916666666684],[102.15958333333333,22.38291666666667],[102.15875,22.38291666666667]]],[[[102.15541666666667,22.385416666666682],[102.15875,22.385416666666682],[102.15875,22.38541666666667],[102.15541666666667,22.385416666666682]]],[[[102.15541666666665,22.386250000000018],[102.15541666666665,22.386250000000004],[102.15458333333333,22.386250000000004],[102.15458333333333,22.386250000000018],[102.15541666666665,22.386250000000018]]],[[[102.15458333333332,22.38708333333335],[102.15458333333332,22.387083333333337],[102.15041666666667,22.387083333333337],[102.15041666666667,22.38708333333335],[102.15458333333332,22.38708333333335]]],[[[102.14874999999999,22.389583333333334],[102.14874999999999,22.38958333333335],[102.15041666666666,22.38958333333335],[102.15041666666666,22.389583333333334],[102.14874999999999,22.389583333333334]]],[[[102.14791666666666,22.391250000000017],[102.14874999999999,22.391250000000017],[102.14874999999999,22.391250000000003],[102.14791666666666,22.391250000000017]]],[[[102.14874999999999,22.396250000000016],[102.14874999999999,22.396250000000002],[102.14791666666666,22.396250000000002],[102.14791666666666,22.396250000000016],[102.14874999999999,22.396250000000016]]],[[[102.14791666666666,22.397916666666667],[102.14708333333333,22.397916666666667],[102.14708333333333,22.397916666666685],[102.14791666666666,22.397916666666667]]],[[[102.14458333333333,22.398750000000003],[102.14458333333333,22.398750000000017],[102.14708333333333,22.398750000000017],[102.14708333333333,22.398750000000003],[102.14458333333333,22.398750000000003]]],[[[102.01875,22.44958333333335],[102.01958333333333,22.44958333333335],[102.01958333333333,22.449583333333337],[102.01875,22.44958333333335]]],[[[102.01958333333333,22.45041666666667],[102.01958333333333,22.450416666666683],[102.02041666666666,22.450416666666683],[102.02041666666666,22.45041666666667],[102.01958333333333,22.45041666666667]]],[[[102.25194000000005,12.130550000000085],[102.25194000000005,12.150690000000054],[102.27388000000008,12.148330000000044],[102.35400000000004,12.112640000000056],[102.44690000000003,11.973260000000039],[102.43454000000003,11.95333000000005],[102.31441000000007,11.956940000000088],[102.29135000000008,11.974440000000072],[102.25194000000005,12.130550000000085]]],[[[102.42875,22.103750000000016],[102.42875,22.103750000000005],[102.42625,22.103750000000005],[102.42625,22.103750000000016],[102.42875,22.103750000000016]]],[[[102.42625,22.104583333333338],[102.42541666666666,22.104583333333338],[102.42541666666666,22.10458333333335],[102.42625,22.104583333333338]]],[[[102.42791666666666,22.115416666666682],[102.42791666666666,22.11541666666667],[102.42375,22.11541666666667],[102.42375,22.115416666666682],[102.42791666666666,22.115416666666682]]],[[[102.42374999999998,22.11625],[102.42041666666667,22.11625],[102.42041666666667,22.116250000000015],[102.42374999999998,22.11625]]],[[[102.41875,22.11791666666667],[102.41875,22.117916666666684],[102.42041666666665,22.117916666666684],[102.42041666666665,22.11791666666667],[102.41875,22.11791666666667]]],[[[102.41791666666667,22.118750000000016],[102.41874999999999,22.118750000000016],[102.41874999999999,22.118750000000002],[102.41791666666667,22.118750000000016]]],[[[102.41791666666666,22.11958333333335],[102.41791666666666,22.11958333333334],[102.41708333333332,22.11958333333334],[102.41708333333332,22.11958333333335],[102.41791666666666,22.11958333333335]]],[[[102.41708333333332,22.12041666666667],[102.41624999999999,22.12041666666667],[102.41624999999999,22.120416666666685],[102.41708333333332,22.12041666666667]]],[[[102.41291666666666,22.122083333333336],[102.41291666666666,22.12208333333335],[102.41624999999999,22.12208333333335],[102.41624999999999,22.122083333333336],[102.41291666666666,22.122083333333336]]],[[[102.41125,22.122916666666683],[102.41291666666666,22.122916666666683],[102.41291666666666,22.12291666666667],[102.41125,22.122916666666683]]],[[[102.40791666666667,22.12375],[102.40541666666667,22.12375],[102.40541666666667,22.123750000000015],[102.40791666666667,22.12375]]],[[[102.41125,22.123750000000015],[102.41125,22.12375],[102.41041666666666,22.12375],[102.41041666666666,22.123750000000015],[102.41125,22.123750000000015]]],[[[102.40791666666667,22.124583333333334],[102.40791666666667,22.12458333333335],[102.41041666666666,22.12458333333335],[102.41041666666666,22.124583333333334],[102.40791666666667,22.124583333333334]]],[[[102.40458333333333,22.12458333333335],[102.40541666666665,22.12458333333335],[102.40541666666665,22.124583333333334],[102.40458333333333,22.12458333333335]]],[[[102.40458333333332,22.125416666666684],[102.40458333333332,22.12541666666667],[102.40208333333334,22.12541666666667],[102.40208333333334,22.125416666666684],[102.40458333333332,22.125416666666684]]],[[[102.40208333333332,22.126250000000002],[102.38958333333333,22.126250000000002],[102.38958333333333,22.126250000000017],[102.40208333333332,22.126250000000002]]],[[[102.38791666666667,22.12708333333334],[102.38791666666667,22.12708333333335],[102.38958333333332,22.12708333333335],[102.38958333333332,22.12708333333334],[102.38791666666667,22.12708333333334]]],[[[102.38625,22.127916666666682],[102.38791666666665,22.127916666666682],[102.38791666666665,22.12791666666667],[102.38625,22.127916666666682]]],[[[102.38624999999999,22.128750000000018],[102.38624999999999,22.128750000000004],[102.38458333333332,22.128750000000004],[102.38458333333332,22.128750000000018],[102.38624999999999,22.128750000000018]]],[[[102.38541666666666,22.13541666666667],[102.38458333333332,22.13541666666667],[102.38458333333332,22.135416666666682],[102.38541666666666,22.13541666666667]]],[[[102.38458333333332,22.13875],[102.38458333333332,22.138750000000016],[102.38541666666666,22.138750000000016],[102.38541666666666,22.13875],[102.38458333333332,22.13875]]],[[[102.38458333333332,22.141250000000017],[102.38541666666666,22.141250000000017],[102.38541666666666,22.141250000000003],[102.38458333333332,22.141250000000017]]],[[[102.38458333333332,22.14375000000002],[102.38458333333332,22.143750000000004],[102.38374999999999,22.143750000000004],[102.38374999999999,22.14375000000002],[102.38458333333332,22.14375000000002]]],[[[102.38458333333332,22.14541666666667],[102.38374999999999,22.14541666666667],[102.38374999999999,22.145416666666684],[102.38458333333332,22.14541666666667]]],[[[102.38374999999999,22.147083333333335],[102.38374999999999,22.14708333333335],[102.38458333333332,22.14708333333335],[102.38458333333332,22.147083333333335],[102.38374999999999,22.147083333333335]]],[[[102.38208333333333,22.149583333333336],[102.38208333333333,22.14958333333335],[102.38374999999999,22.14958333333335],[102.38374999999999,22.149583333333336],[102.38208333333333,22.149583333333336]]],[[[102.38208333333333,22.150416666666683],[102.38208333333333,22.150416666666672],[102.38041666666666,22.150416666666672],[102.38041666666666,22.150416666666683],[102.38208333333333,22.150416666666683]]],[[[102.38041666666666,22.152083333333337],[102.37958333333333,22.152083333333337],[102.37958333333333,22.15208333333335],[102.38041666666666,22.152083333333337]]],[[[102.37708333333333,22.15291666666667],[102.37708333333333,22.152916666666684],[102.37958333333333,22.152916666666684],[102.37958333333333,22.15291666666667],[102.37708333333333,22.15291666666667]]],[[[102.37458333333333,22.153750000000016],[102.37708333333333,22.153750000000016],[102.37708333333333,22.153750000000002],[102.37458333333333,22.153750000000016]]],[[[102.37458333333332,22.15458333333335],[102.37458333333332,22.154583333333335],[102.37375,22.154583333333335],[102.37375,22.15458333333335],[102.37458333333332,22.15458333333335]]],[[[102.37374999999999,22.155416666666667],[102.37291666666667,22.155416666666667],[102.37291666666667,22.155416666666685],[102.37374999999999,22.155416666666667]]],[[[102.37208333333334,22.157083333333336],[102.37208333333334,22.15708333333335],[102.37291666666665,22.15708333333335],[102.37291666666665,22.157083333333336],[102.37208333333334,22.157083333333336]]],[[[102.37041666666667,22.157916666666683],[102.37208333333332,22.157916666666683],[102.37208333333332,22.15791666666667],[102.37041666666667,22.157916666666683]]],[[[102.37041666666666,22.158750000000015],[102.37041666666666,22.158750000000005],[102.36791666666666,22.158750000000005],[102.36791666666666,22.158750000000015],[102.37041666666666,22.158750000000015]]],[[[102.36791666666666,22.159583333333337],[102.36708333333333,22.159583333333337],[102.36708333333333,22.15958333333335],[102.36791666666666,22.159583333333337]]],[[[102.36625,22.16041666666667],[102.36625,22.160416666666684],[102.36708333333333,22.160416666666684],[102.36708333333333,22.16041666666667],[102.36625,22.16041666666667]]],[[[102.36458333333333,22.162916666666682],[102.36625,22.162916666666682],[102.36625,22.162916666666668],[102.36458333333333,22.162916666666682]]],[[[102.34458333333333,22.162916666666668],[102.34458333333333,22.162916666666682],[102.34958333333333,22.162916666666682],[102.34958333333333,22.162916666666668],[102.34458333333333,22.162916666666668]]],[[[102.36458333333333,22.163750000000018],[102.36458333333333,22.16375],[102.36291666666666,22.16375],[102.36291666666666,22.163750000000018],[102.36458333333333,22.163750000000018]]],[[[102.35125,22.16375],[102.34958333333333,22.16375],[102.35208333333333,22.163750000000018],[102.35125,22.16375]]],[[[102.34375,22.163750000000018],[102.34458333333333,22.163750000000018],[102.34458333333333,22.16375],[102.34375,22.163750000000018]]],[[[102.36291666666666,22.164583333333336],[102.36125,22.164583333333336],[102.36125,22.16458333333335],[102.36291666666666,22.164583333333336]]],[[[102.35291666666666,22.164583333333336],[102.35208333333333,22.164583333333336],[102.35374999999999,22.16458333333335],[102.35291666666666,22.164583333333336]]],[[[102.36041666666667,22.16541666666667],[102.36041666666667,22.165416666666683],[102.36124999999998,22.165416666666683],[102.36124999999998,22.16541666666667],[102.36041666666667,22.16541666666667]]],[[[102.34374999999999,22.165416666666683],[102.34374999999999,22.16541666666667],[102.33875,22.16541666666667],[102.33875,22.165416666666683],[102.34374999999999,22.165416666666683]]],[[[102.35708333333334,22.166250000000005],[102.35625,22.16541666666667],[102.35374999999999,22.16541666666667],[102.35708333333332,22.16708333333335],[102.36041666666665,22.16708333333335],[102.35708333333334,22.166250000000005]]],[[[102.33874999999999,22.166250000000005],[102.33791666666667,22.166250000000005],[102.33791666666667,22.166250000000016],[102.33874999999999,22.166250000000005]]],[[[102.33624999999999,22.166250000000005],[102.33541666666666,22.166250000000005],[102.33708333333333,22.166250000000016],[102.33624999999999,22.166250000000005]]],[[[102.33791666666666,22.167083333333338],[102.33708333333333,22.167083333333338],[102.33708333333333,22.16708333333335],[102.33791666666666,22.167083333333338]]],[[[102.33541666666666,22.16708333333335],[102.33541666666666,22.167083333333338],[102.33458333333333,22.167083333333338],[102.33458333333333,22.16708333333335],[102.33541666666666,22.16708333333335]]],[[[102.33458333333333,22.169583333333335],[102.33375,22.169583333333335],[102.33375,22.16958333333335],[102.33458333333333,22.169583333333335]]],[[[102.33458333333333,22.18541666666667],[102.33458333333333,22.185416666666683],[102.33541666666666,22.185416666666683],[102.33541666666666,22.18541666666667],[102.33458333333333,22.18541666666667]]],[[[102.33375,22.187916666666684],[102.33458333333333,22.187916666666684],[102.33458333333333,22.18791666666667],[102.33375,22.187916666666684]]],[[[102.33375,22.188750000000017],[102.33375,22.188750000000002],[102.33208333333333,22.188750000000002],[102.33208333333333,22.188750000000017],[102.33375,22.188750000000017]]],[[[102.33208333333333,22.19291666666667],[102.33125,22.19291666666667],[102.33125,22.192916666666683],[102.33208333333333,22.19291666666667]]],[[[102.32958333333333,22.194583333333334],[102.32958333333333,22.19458333333335],[102.33125,22.19458333333335],[102.33125,22.194583333333334],[102.32958333333333,22.194583333333334]]],[[[102.32708333333333,22.195416666666684],[102.32958333333332,22.195416666666684],[102.32958333333332,22.19541666666667],[102.32708333333333,22.195416666666684]]],[[[102.32708333333332,22.196250000000017],[102.32708333333332,22.196250000000003],[102.32625,22.196250000000003],[102.32625,22.196250000000017],[102.32708333333332,22.196250000000017]]],[[[102.32624999999999,22.19708333333334],[102.32541666666667,22.19708333333334],[102.32541666666667,22.19708333333335],[102.32624999999999,22.19708333333334]]],[[[102.32375,22.19791666666667],[102.32375,22.197916666666682],[102.32541666666665,22.197916666666682],[102.32541666666665,22.19791666666667],[102.32375,22.19791666666667]]],[[[102.32291666666666,22.198750000000018],[102.32374999999999,22.198750000000018],[102.32374999999999,22.198750000000004],[102.32291666666666,22.198750000000018]]],[[[102.32291666666666,22.201250000000016],[102.32291666666666,22.20125],[102.32208333333332,22.20125],[102.32208333333332,22.201250000000016],[102.32291666666666,22.201250000000016]]],[[[102.30458333333333,22.201250000000016],[102.30458333333333,22.20125],[102.30208333333333,22.20125],[102.30208333333333,22.201250000000016],[102.30458333333333,22.201250000000016]]],[[[102.30208333333333,22.202083333333334],[102.29958333333333,22.202083333333334],[102.29958333333333,22.20208333333335],[102.30208333333333,22.202083333333334]]],[[[102.32208333333332,22.20291666666667],[102.32041666666666,22.20291666666667],[102.32041666666666,22.202916666666685],[102.32208333333332,22.20291666666667]]],[[[102.29875,22.20291666666667],[102.29875,22.202916666666685],[102.29958333333333,22.202916666666685],[102.29958333333333,22.20291666666667],[102.29875,22.20291666666667]]],[[[102.31958333333333,22.203750000000003],[102.31958333333333,22.203750000000017],[102.32041666666666,22.203750000000017],[102.32041666666666,22.203750000000003],[102.31958333333333,22.203750000000003]]],[[[102.29791666666667,22.203750000000017],[102.29874999999998,22.203750000000017],[102.29874999999998,22.203750000000003],[102.29791666666667,22.203750000000017]]],[[[102.31541666666666,22.20458333333335],[102.31958333333333,22.20458333333335],[102.31958333333333,22.204583333333336],[102.31541666666666,22.20458333333335]]],[[[102.29791666666665,22.20458333333335],[102.29791666666665,22.204583333333336],[102.29625,22.204583333333336],[102.29625,22.20458333333335],[102.29791666666665,22.20458333333335]]],[[[102.30874999999999,22.20458333333335],[102.30958333333332,22.207916666666684],[102.31208333333332,22.207916666666684],[102.30875,22.20291666666667],[102.30708333333334,22.202083333333334],[102.30458333333333,22.202083333333334],[102.30874999999999,22.20458333333335]]],[[[102.31541666666666,22.205416666666682],[102.31541666666666,22.20541666666667],[102.31375,22.20541666666667],[102.31375,22.205416666666682],[102.31541666666666,22.205416666666682]]],[[[102.29624999999999,22.20541666666667],[102.29041666666666,22.20541666666667],[102.29041666666666,22.205416666666682],[102.29624999999999,22.20541666666667]]],[[[102.28625,22.205416666666682],[102.28875,22.205416666666682],[102.28875,22.20541666666667],[102.28625,22.205416666666682]]],[[[102.28041666666667,22.206250000000004],[102.28041666666667,22.20541666666667],[102.27875,22.20541666666667],[102.28041666666665,22.20625000000002],[102.28208333333333,22.20625000000002],[102.28041666666667,22.206250000000004]]],[[[102.31375,22.206250000000004],[102.31291666666667,22.206250000000004],[102.31291666666667,22.20625000000002],[102.31375,22.206250000000004]]],[[[102.29041666666666,22.206250000000004],[102.28875,22.206250000000004],[102.28875,22.20625000000002],[102.29041666666666,22.206250000000004]]],[[[102.31208333333333,22.207083333333337],[102.31208333333333,22.20708333333335],[102.31291666666665,22.20708333333335],[102.31291666666665,22.207083333333337],[102.31208333333333,22.207083333333337]]],[[[102.28208333333333,22.20708333333335],[102.28625,22.20708333333335],[102.28625,22.207083333333337],[102.28208333333333,22.20708333333335]]],[[[102.27875,22.209583333333335],[102.27875,22.20958333333335],[102.27958333333332,22.20958333333335],[102.27958333333332,22.209583333333335],[102.27875,22.209583333333335]]],[[[102.27791666666667,22.210416666666685],[102.27874999999999,22.210416666666685],[102.27874999999999,22.210416666666667],[102.27791666666667,22.210416666666685]]],[[[102.27791666666666,22.211250000000017],[102.27791666666666,22.211250000000003],[102.27708333333334,22.211250000000003],[102.27708333333334,22.211250000000017],[102.27791666666666,22.211250000000017]]],[[[102.27708333333332,22.217083333333335],[102.27625,22.217083333333335],[102.27625,22.21708333333335],[102.27708333333332,22.217083333333335]]],[[[102.27791666666667,22.221250000000005],[102.27791666666667,22.221250000000015],[102.27874999999999,22.221250000000015],[102.27874999999999,22.221250000000005],[102.27791666666667,22.221250000000005]]],[[[102.27708333333334,22.22208333333335],[102.27791666666666,22.22208333333335],[102.27791666666666,22.222083333333337],[102.27708333333334,22.22208333333335]]],[[[102.27541666666667,22.222916666666684],[102.27708333333332,22.222916666666684],[102.27708333333332,22.22291666666667],[102.27541666666667,22.222916666666684]]],[[[102.27541666666666,22.223750000000003],[102.27458333333333,22.223750000000003],[102.27458333333333,22.223750000000017],[102.27541666666666,22.223750000000003]]],[[[102.27374999999999,22.224583333333335],[102.27374999999999,22.22458333333335],[102.27458333333333,22.22458333333335],[102.27458333333333,22.224583333333335],[102.27374999999999,22.224583333333335]]],[[[102.27291666666666,22.225416666666682],[102.27374999999999,22.225416666666682],[102.27374999999999,22.225416666666668],[102.27291666666666,22.225416666666682]]],[[[102.27291666666666,22.22708333333335],[102.27291666666666,22.227083333333336],[102.27208333333333,22.227083333333336],[102.27208333333333,22.22708333333335],[102.27291666666666,22.22708333333335]]],[[[102.27291666666666,22.232083333333335],[102.27208333333333,22.232083333333335],[102.27208333333333,22.23208333333335],[102.27291666666666,22.232083333333335]]],[[[102.26875,22.23208333333335],[102.26958333333333,22.23208333333335],[102.26958333333333,22.232083333333335],[102.26875,22.23208333333335]]],[[[102.27208333333333,22.232916666666668],[102.26958333333333,22.232916666666668],[102.26958333333333,22.232916666666682],[102.27208333333333,22.232916666666668]]],[[[102.26875,22.232916666666682],[102.26875,22.232916666666668],[102.26791666666666,22.232916666666668],[102.26791666666666,22.232916666666682],[102.26875,22.232916666666682]]],[[[102.26791666666665,22.23375],[102.26708333333333,22.23375],[102.26708333333333,22.23375000000002],[102.26791666666665,22.23375]]],[[[102.26625,22.23541666666667],[102.26625,22.235416666666683],[102.26708333333332,22.235416666666683],[102.26708333333332,22.23541666666667],[102.26625,22.23541666666667]]],[[[102.52291666666666,21.966250000000016],[102.52291666666666,21.966250000000002],[102.52041666666666,21.966250000000002],[102.52041666666666,21.966250000000016],[102.52291666666666,21.966250000000016]]],[[[102.51708333333333,21.966250000000002],[102.51708333333333,21.966250000000016],[102.51958333333333,21.966250000000016],[102.51958333333333,21.966250000000002],[102.51708333333333,21.966250000000002]]],[[[102.52041666666666,21.96708333333335],[102.52041666666666,21.967083333333335],[102.51958333333333,21.967083333333335],[102.51958333333333,21.96708333333335],[102.52041666666666,21.96708333333335]]],[[[102.51625,21.967916666666685],[102.51708333333332,21.967916666666685],[102.51708333333332,21.967916666666667],[102.51625,21.967916666666685]]],[[[102.51541666666667,21.968750000000018],[102.51624999999999,21.968750000000018],[102.51624999999999,21.968750000000004],[102.51541666666667,21.968750000000018]]],[[[102.51541666666665,21.971250000000005],[102.51208333333334,21.971250000000005],[102.51208333333334,21.971250000000015],[102.51541666666665,21.971250000000005]]],[[[102.51041666666666,21.972083333333337],[102.51041666666666,21.97208333333335],[102.51208333333332,21.97208333333335],[102.51208333333332,21.972083333333337],[102.51041666666666,21.972083333333337]]],[[[102.50541666666666,21.972083333333337],[102.50541666666666,21.97208333333335],[102.50791666666666,21.97208333333335],[102.50791666666666,21.972083333333337],[102.50541666666666,21.972083333333337]]],[[[102.50958333333332,21.972916666666684],[102.51041666666666,21.972916666666684],[102.51041666666666,21.97291666666667],[102.50958333333332,21.972916666666684]]],[[[102.50874999999999,21.972916666666684],[102.50874999999999,21.97291666666667],[102.50791666666666,21.97291666666667],[102.50791666666666,21.972916666666684],[102.50874999999999,21.972916666666684]]],[[[102.50874999999999,21.973750000000017],[102.50958333333332,21.973750000000017],[102.50958333333332,21.973750000000003],[102.50874999999999,21.973750000000017]]],[[[102.50458333333333,21.976250000000018],[102.50541666666666,21.976250000000018],[102.50541666666666,21.97625],[102.50458333333333,21.976250000000018]]],[[[102.50458333333333,21.97708333333335],[102.50458333333333,21.977083333333336],[102.50375,21.977083333333336],[102.50375,21.97708333333335],[102.50458333333333,21.97708333333335]]],[[[102.50375,21.97791666666667],[102.50291666666666,21.97791666666667],[102.50291666666666,21.977916666666683],[102.50375,21.97791666666667]]],[[[102.50125,21.979583333333338],[102.50125,21.979583333333352],[102.50291666666666,21.979583333333352],[102.50291666666666,21.979583333333338],[102.50125,21.979583333333338]]],[[[102.50041666666667,21.980416666666684],[102.50125,21.980416666666684],[102.50125,21.98041666666667],[102.50041666666667,21.980416666666684]]],[[[102.50041666666665,21.98208333333335],[102.50041666666665,21.982083333333335],[102.49958333333333,21.982083333333335],[102.49958333333333,21.98208333333335],[102.50041666666665,21.98208333333335]]],[[[102.49958333333332,21.982916666666668],[102.49875,21.982916666666668],[102.49875,21.982916666666682],[102.49958333333332,21.982916666666668]]],[[[102.49791666666667,21.984583333333337],[102.49791666666667,21.98458333333335],[102.49874999999999,21.98458333333335],[102.49874999999999,21.984583333333337],[102.49791666666667,21.984583333333337]]],[[[102.49541666666667,21.985416666666683],[102.49791666666665,21.985416666666683],[102.49791666666665,21.98541666666667],[102.49541666666667,21.985416666666683]]],[[[102.49541666666666,21.986250000000016],[102.49541666666666,21.986250000000005],[102.49458333333334,21.986250000000005],[102.49458333333334,21.986250000000016],[102.49541666666666,21.986250000000016]]],[[[102.49458333333332,21.987083333333338],[102.49375,21.987083333333338],[102.49375,21.98708333333335],[102.49458333333332,21.987083333333338]]],[[[102.49291666666666,21.98791666666667],[102.49291666666666,21.987916666666685],[102.49374999999999,21.987916666666685],[102.49374999999999,21.98791666666667],[102.49291666666666,21.98791666666667]]],[[[102.49208333333333,21.99125000000002],[102.49291666666666,21.99125000000002],[102.49291666666666,21.99125],[102.49208333333333,21.99125000000002]]],[[[102.49208333333333,21.99208333333335],[102.49208333333333,21.992083333333337],[102.48958333333333,21.992083333333337],[102.48958333333333,21.99208333333335],[102.49208333333333,21.99208333333335]]],[[[102.48958333333333,21.993750000000002],[102.48875,21.993750000000002],[102.48875,21.993750000000016],[102.48958333333333,21.993750000000002]]],[[[102.48791666666666,21.99541666666667],[102.48791666666666,21.995416666666685],[102.48875,21.995416666666685],[102.48875,21.99541666666667],[102.48791666666666,21.99541666666667]]],[[[102.48708333333333,21.99958333333335],[102.48791666666666,21.99958333333335],[102.48791666666666,21.999583333333334],[102.48708333333333,21.99958333333335]]],[[[102.48875,22.00458333333335],[102.48875,22.004583333333336],[102.48791666666666,22.004583333333336],[102.48791666666666,22.00458333333335],[102.48875,22.00458333333335]]],[[[102.49374999999999,22.014583333333334],[102.49375,22.014583333333334],[102.49375,22.013750000000016],[102.49374999999999,22.013750000000016],[102.49374999999999,22.014583333333334]]],[[[102.51958333333333,22.024583333333336],[102.51958333333333,22.02458333333335],[102.52041666666666,22.02458333333335],[102.52041666666666,22.024583333333336],[102.51958333333333,22.024583333333336]]],[[[102.51875,22.030416666666685],[102.51958333333333,22.030416666666685],[102.51958333333333,22.030416666666667],[102.51875,22.030416666666685]]],[[[102.51875,22.032083333333336],[102.51625,22.032083333333336],[102.51625,22.03208333333335],[102.51875,22.032083333333336]]],[[[102.51624999999999,22.03291666666667],[102.51541666666667,22.03291666666667],[102.51541666666667,22.032916666666683],[102.51624999999999,22.03291666666667]]],[[[102.50375,22.033750000000005],[102.50375,22.033750000000015],[102.50458333333333,22.033750000000015],[102.50458333333333,22.033750000000005],[102.50375,22.033750000000005]]],[[[102.51541666666665,22.033750000000005],[102.51458333333333,22.033750000000005],[102.51458333333333,22.033750000000015],[102.51541666666665,22.033750000000005]]],[[[102.50541666666666,22.03458333333335],[102.50541666666666,22.034583333333337],[102.50458333333333,22.034583333333337],[102.50458333333333,22.03458333333335],[102.50541666666666,22.03458333333335]]],[[[102.51208333333334,22.03458333333335],[102.51458333333332,22.03458333333335],[102.51458333333332,22.034583333333337],[102.51208333333334,22.03458333333335]]],[[[102.50125,22.03458333333335],[102.50375,22.03458333333335],[102.50375,22.034583333333337],[102.50125,22.03458333333335]]],[[[102.50541666666666,22.035416666666684],[102.50625,22.035416666666684],[102.50708333333333,22.035416666666684],[102.50708333333333,22.03541666666667],[102.50541666666666,22.035416666666684]]],[[[102.51208333333332,22.035416666666684],[102.51208333333332,22.03541666666667],[102.51041666666666,22.03541666666667],[102.51041666666666,22.035416666666684],[102.51208333333332,22.035416666666684]]],[[[102.49458333333332,22.03541666666667],[102.49375,22.03541666666667],[102.49375,22.035416666666684],[102.49458333333332,22.03541666666667]]],[[[102.49791666666665,22.036250000000017],[102.49874999999999,22.03708333333335],[102.50125,22.03708333333335],[102.49875,22.037083333333335],[102.49625,22.034583333333337],[102.49458333333334,22.034583333333337],[102.49791666666665,22.036250000000017]]],[[[102.50708333333333,22.036250000000003],[102.50708333333333,22.036250000000017],[102.50791666666666,22.036250000000017],[102.50791666666666,22.036250000000003],[102.50708333333333,22.036250000000003]]],[[[102.51041666666666,22.036250000000003],[102.50874999999999,22.036250000000003],[102.50874999999999,22.036250000000017],[102.51041666666666,22.036250000000003]]],[[[102.50874999999999,22.037083333333335],[102.50791666666666,22.037083333333335],[102.50791666666666,22.03708333333335],[102.50874999999999,22.037083333333335]]],[[[102.49291666666666,22.037916666666668],[102.49291666666666,22.037916666666682],[102.49374999999999,22.037916666666682],[102.49374999999999,22.037916666666668],[102.49291666666666,22.037916666666668]]],[[[102.49125,22.038750000000018],[102.49291666666666,22.038750000000018],[102.49291666666666,22.03875],[102.49125,22.038750000000018]]],[[[102.49125,22.03958333333335],[102.49125,22.039583333333336],[102.48958333333333,22.039583333333336],[102.48958333333333,22.03958333333335],[102.49125,22.03958333333335]]],[[[102.48958333333333,22.04041666666667],[102.48875,22.04041666666667],[102.48875,22.040416666666683],[102.48958333333333,22.04041666666667]]],[[[102.48875,22.041250000000005],[102.48791666666666,22.041250000000005],[102.48791666666666,22.041250000000016],[102.48875,22.041250000000005]]],[[[102.48708333333333,22.041250000000016],[102.48708333333333,22.041250000000005],[102.48458333333333,22.041250000000005],[102.48458333333333,22.041250000000016],[102.48708333333333,22.041250000000016]]],[[[102.48458333333332,22.042083333333338],[102.48375,22.042083333333338],[102.48375,22.042083333333352],[102.48458333333332,22.042083333333338]]],[[[102.48708333333333,22.042083333333338],[102.48708333333333,22.042083333333352],[102.48791666666666,22.042083333333352],[102.48791666666666,22.042083333333338],[102.48708333333333,22.042083333333338]]],[[[102.48291666666667,22.043750000000003],[102.48291666666667,22.043750000000017],[102.48374999999999,22.043750000000017],[102.48374999999999,22.043750000000003],[102.48291666666667,22.043750000000003]]],[[[102.48208333333334,22.04458333333335],[102.48291666666665,22.04458333333335],[102.48291666666665,22.044583333333335],[102.48208333333334,22.04458333333335]]],[[[102.48208333333332,22.04708333333335],[102.48208333333332,22.047083333333337],[102.47958333333332,22.047083333333337],[102.47958333333332,22.04708333333335],[102.48208333333332,22.04708333333335]]],[[[102.47958333333332,22.049583333333338],[102.47874999999999,22.049583333333338],[102.47874999999999,22.04958333333335],[102.47958333333332,22.049583333333338]]],[[[102.47791666666666,22.051250000000003],[102.47791666666666,22.051250000000017],[102.47874999999999,22.051250000000017],[102.47874999999999,22.051250000000003],[102.47791666666666,22.051250000000003]]],[[[102.47708333333333,22.05208333333335],[102.47791666666666,22.05208333333335],[102.47791666666666,22.052083333333336],[102.47708333333333,22.05208333333335]]],[[[102.47708333333333,22.052916666666682],[102.47708333333333,22.05291666666667],[102.47541666666666,22.05291666666667],[102.47541666666666,22.052916666666682],[102.47708333333333,22.052916666666682]]],[[[102.47541666666666,22.054583333333337],[102.47458333333333,22.054583333333337],[102.47458333333333,22.05458333333335],[102.47541666666666,22.054583333333337]]],[[[102.47375,22.05541666666667],[102.47375,22.055416666666684],[102.47458333333333,22.055416666666684],[102.47458333333333,22.05541666666667],[102.47375,22.05541666666667]]],[[[102.47208333333333,22.05708333333335],[102.47375,22.05708333333335],[102.47375,22.05708333333334],[102.47208333333333,22.05708333333335]]],[[[102.46791666666667,22.061250000000015],[102.47208333333333,22.061250000000015],[102.47291666666666,22.061250000000015],[102.47291666666666,22.06125],[102.46791666666667,22.061250000000015]]],[[[102.46791666666665,22.06208333333335],[102.46791666666665,22.062083333333334],[102.46708333333333,22.062083333333334],[102.46708333333333,22.06208333333335],[102.46791666666665,22.06208333333335]]],[[[102.46541666666667,22.06291666666667],[102.46541666666667,22.062916666666684],[102.46708333333332,22.062916666666684],[102.46708333333332,22.06291666666667],[102.46541666666667,22.06291666666667]]],[[[102.46458333333334,22.063750000000017],[102.46541666666666,22.063750000000017],[102.46541666666666,22.063750000000002],[102.46458333333334,22.063750000000017]]],[[[102.46458333333332,22.06458333333335],[102.46458333333332,22.06458333333334],[102.46208333333333,22.06458333333334],[102.46208333333333,22.06458333333335],[102.46458333333332,22.06458333333335]]],[[[102.46208333333333,22.06541666666667],[102.46041666666666,22.06541666666667],[102.46041666666666,22.065416666666682],[102.46208333333333,22.06541666666667]]],[[[102.45958333333333,22.066250000000004],[102.45958333333333,22.066250000000018],[102.46041666666666,22.066250000000018],[102.46041666666666,22.066250000000004],[102.45958333333333,22.066250000000004]]],[[[102.45875,22.068750000000016],[102.45958333333333,22.068750000000016],[102.45958333333333,22.06875],[102.45875,22.068750000000016]]],[[[102.45875,22.06958333333335],[102.45875,22.069583333333334],[102.45708333333333,22.069583333333334],[102.45708333333333,22.06958333333335],[102.45875,22.06958333333335]]],[[[102.45708333333333,22.07041666666667],[102.45458333333333,22.07041666666667],[102.45458333333333,22.070416666666684],[102.45708333333333,22.07041666666667]]],[[[102.45291666666667,22.071250000000003],[102.45291666666667,22.071250000000017],[102.45458333333332,22.071250000000017],[102.45458333333332,22.071250000000003],[102.45291666666667,22.071250000000003]]],[[[102.44875,22.07208333333335],[102.45291666666665,22.07208333333335],[102.45291666666665,22.07208333333334],[102.44875,22.07208333333335]]],[[[102.44874999999999,22.072916666666682],[102.44874999999999,22.07291666666667],[102.44708333333332,22.07291666666667],[102.44708333333332,22.072916666666682],[102.44874999999999,22.072916666666682]]],[[[102.44708333333332,22.073750000000004],[102.44208333333333,22.073750000000004],[102.44208333333333,22.073750000000018],[102.44708333333332,22.073750000000004]]],[[[102.44125,22.07625],[102.44125,22.076250000000016],[102.44208333333333,22.076250000000016],[102.44208333333333,22.07625],[102.44125,22.07625]]],[[[102.44458333333333,22.082916666666684],[102.44541666666666,22.082916666666684],[102.44541666666666,22.08291666666667],[102.44458333333333,22.082916666666684]]],[[[102.44624999999999,22.08458333333335],[102.44624999999999,22.084583333333335],[102.44541666666666,22.084583333333335],[102.44541666666666,22.08458333333335],[102.44624999999999,22.08458333333335]]],[[[102.44541666666666,22.085416666666667],[102.44375,22.085416666666667],[102.44375,22.085416666666685],[102.44541666666666,22.085416666666667]]],[[[102.44291666666666,22.087083333333336],[102.44291666666666,22.08708333333335],[102.44375,22.08708333333335],[102.44375,22.087083333333336],[102.44291666666666,22.087083333333336]]],[[[102.44125,22.087916666666683],[102.44291666666666,22.087916666666683],[102.44291666666666,22.087916666666672],[102.44125,22.087916666666683]]],[[[102.44125,22.088750000000015],[102.44125,22.088750000000005],[102.43958333333333,22.088750000000005],[102.43958333333333,22.088750000000015],[102.44125,22.088750000000015]]],[[[102.43958333333333,22.089583333333337],[102.43875,22.089583333333337],[102.43875,22.08958333333335],[102.43958333333333,22.089583333333337]]],[[[102.43791666666667,22.091250000000002],[102.43791666666667,22.091250000000016],[102.43875,22.091250000000016],[102.43875,22.091250000000002],[102.43791666666667,22.091250000000002]]],[[[102.43708333333333,22.09208333333335],[102.43791666666665,22.09208333333335],[102.43791666666665,22.092083333333335],[102.43708333333333,22.09208333333335]]],[[[102.43708333333332,22.092916666666685],[102.43708333333332,22.092916666666667],[102.43625,22.092916666666667],[102.43625,22.092916666666685],[102.43708333333332,22.092916666666685]]],[[[102.43624999999999,22.093750000000004],[102.43458333333334,22.093750000000004],[102.43458333333334,22.093750000000018],[102.43624999999999,22.093750000000004]]],[[[102.43291666666667,22.094583333333336],[102.43291666666667,22.09458333333335],[102.43458333333332,22.09458333333335],[102.43458333333332,22.094583333333336],[102.43291666666667,22.094583333333336]]],[[[102.43208333333334,22.095416666666683],[102.43291666666666,22.095416666666683],[102.43291666666666,22.09541666666667],[102.43208333333334,22.095416666666683]]],[[[102.43208333333332,22.096250000000015],[102.43208333333332,22.096250000000005],[102.43125,22.096250000000005],[102.43125,22.096250000000015],[102.43208333333332,22.096250000000015]]],[[[102.43124999999999,22.098750000000003],[102.43041666666666,22.098750000000003],[102.43041666666666,22.098750000000017],[102.43124999999999,22.098750000000003]]],[[[102.42958333333333,22.10125],[102.42958333333333,22.101250000000018],[102.43041666666666,22.101250000000018],[102.43041666666666,22.10125],[102.42958333333333,22.10125]]],[[[102.42875,22.102916666666683],[102.42958333333333,22.102916666666683],[102.42958333333333,22.10291666666667],[102.42875,22.102916666666683]]],[[[102.42875,22.109583333333337],[102.42791666666666,22.109583333333337],[102.42791666666666,22.10958333333335],[102.42875,22.109583333333337]]],[[[102.42791666666666,22.11458333333335],[102.42875,22.11458333333335],[102.42875,22.114583333333336],[102.42791666666666,22.11458333333335]]],[[[102.60469000000006,11.69694000000004],[102.61024000000003,11.64528000000007],[102.59344000000004,11.564230000000066],[102.53177000000005,11.602710000000059],[102.52900000000005,11.692500000000052],[102.54913000000005,11.751940000000047],[102.60469000000006,11.69694000000004]]],[[[102.63208333333333,21.301250000000017],[102.63208333333333,21.301250000000003],[102.62791666666666,21.301250000000003],[102.62791666666666,21.301250000000017],[102.63208333333333,21.301250000000017]]],[[[102.62791666666666,21.302083333333336],[102.62708333333333,21.302083333333336],[102.62708333333333,21.30208333333335],[102.62791666666666,21.302083333333336]]],[[[102.62375,21.30291666666667],[102.62375,21.302916666666682],[102.62708333333333,21.302916666666682],[102.62708333333333,21.30291666666667],[102.62375,21.30291666666667]]],[[[102.62291666666667,21.30375000000002],[102.62374999999999,21.30375000000002],[102.62374999999999,21.30375],[102.62291666666667,21.30375000000002]]],[[[102.62291666666665,21.30458333333335],[102.62291666666665,21.304583333333337],[102.61125,21.304583333333337],[102.61125,21.30458333333335],[102.62291666666665,21.30458333333335]]],[[[102.61124999999998,21.30541666666667],[102.60958333333333,21.30541666666667],[102.60958333333333,21.305416666666684],[102.61124999999998,21.30541666666667]]],[[[102.60958333333333,21.31041666666667],[102.60958333333333,21.310416666666683],[102.61041666666665,21.310416666666683],[102.61041666666665,21.31041666666667],[102.60958333333333,21.31041666666667]]],[[[102.60875,21.31125000000002],[102.60958333333332,21.31125000000002],[102.60958333333332,21.31125],[102.60875,21.31125000000002]]],[[[102.60874999999999,21.31208333333335],[102.60874999999999,21.312083333333337],[102.60791666666667,21.312083333333337],[102.60791666666667,21.31208333333335],[102.60874999999999,21.31208333333335]]],[[[102.60791666666665,21.313750000000002],[102.60708333333334,21.313750000000002],[102.60708333333334,21.313750000000017],[102.60791666666665,21.313750000000002]]],[[[102.60958333333333,21.332083333333337],[102.60958333333333,21.33208333333335],[102.61041666666665,21.33208333333335],[102.61041666666665,21.332083333333337],[102.60958333333333,21.332083333333337]]],[[[102.60875,21.333750000000016],[102.60958333333332,21.333750000000016],[102.60958333333332,21.333750000000002],[102.60875,21.333750000000016]]],[[[102.60791666666667,21.335416666666685],[102.60874999999999,21.335416666666685],[102.60874999999999,21.335416666666667],[102.60791666666667,21.335416666666685]]],[[[102.60791666666665,21.337083333333336],[102.60708333333334,21.337083333333336],[102.60708333333334,21.33708333333335],[102.60791666666665,21.337083333333336]]],[[[102.60958333333333,21.353750000000005],[102.60958333333333,21.353750000000016],[102.61041666666665,21.353750000000016],[102.61041666666665,21.353750000000005],[102.60958333333333,21.353750000000005]]],[[[102.61041666666667,21.362083333333352],[102.61124999999998,21.362083333333352],[102.61124999999998,21.362083333333338],[102.61041666666667,21.362083333333352]]],[[[102.62208333333332,21.365416666666682],[102.62208333333332,21.36625],[102.62208333333334,21.36625],[102.62208333333332,21.365416666666682]]],[[[102.62458333333333,21.861250000000005],[102.62458333333333,21.861250000000016],[102.62625,21.861250000000016],[102.62625,21.861250000000005],[102.62458333333333,21.861250000000005]]],[[[102.62291666666667,21.86208333333335],[102.62458333333332,21.86208333333335],[102.62458333333332,21.862083333333338],[102.62291666666667,21.86208333333335]]],[[[102.62708333333333,21.86208333333335],[102.62708333333333,21.862083333333338],[102.62625,21.862083333333338],[102.62625,21.86208333333335],[102.62708333333333,21.86208333333335]]],[[[102.62291666666665,21.862916666666685],[102.62291666666665,21.86291666666667],[102.62208333333334,21.86291666666667],[102.62208333333334,21.862916666666685],[102.62291666666665,21.862916666666685]]],[[[102.62708333333333,21.862916666666685],[102.63125,21.862916666666685],[102.63125,21.86291666666667],[102.62708333333333,21.862916666666685]]],[[[102.62208333333332,21.863750000000003],[102.62125,21.863750000000003],[102.62125,21.863750000000017],[102.62208333333332,21.863750000000003]]],[[[102.61875,21.86541666666667],[102.61875,21.865416666666682],[102.62124999999999,21.865416666666682],[102.62124999999999,21.86541666666667],[102.61875,21.86541666666667]]],[[[102.61791666666666,21.86708333333335],[102.61874999999999,21.86708333333335],[102.61874999999999,21.867083333333337],[102.61791666666666,21.86708333333335]]],[[[102.61791666666666,21.867916666666684],[102.61791666666666,21.86791666666667],[102.61708333333333,21.86791666666667],[102.61708333333333,21.867916666666684],[102.61791666666666,21.867916666666684]]],[[[102.61708333333333,21.868750000000002],[102.61458333333333,21.868750000000002],[102.61458333333333,21.868750000000016],[102.61708333333333,21.868750000000002]]],[[[102.61458333333333,21.86958333333334],[102.61291666666666,21.86958333333334],[102.61291666666666,21.86958333333335],[102.61458333333333,21.86958333333334]]],[[[102.61125,21.870416666666685],[102.61291666666666,21.870416666666685],[102.61291666666666,21.87041666666667],[102.61125,21.870416666666685]]],[[[102.61124999999998,21.871250000000018],[102.61124999999998,21.871250000000003],[102.60875,21.871250000000003],[102.60875,21.871250000000018],[102.61124999999998,21.871250000000018]]],[[[102.60874999999999,21.872083333333336],[102.60791666666667,21.872083333333336],[102.60791666666667,21.87208333333335],[102.60874999999999,21.872083333333336]]],[[[102.60708333333334,21.87291666666667],[102.60708333333334,21.872916666666683],[102.60791666666665,21.872916666666683],[102.60791666666665,21.87291666666667],[102.60708333333334,21.87291666666667]]],[[[102.60708333333334,21.876250000000017],[102.60791666666665,21.876250000000017],[102.60791666666665,21.876250000000002],[102.60708333333334,21.876250000000017]]],[[[102.60708333333332,21.87708333333335],[102.60708333333332,21.87708333333334],[102.60625,21.87708333333334],[102.60625,21.87708333333335],[102.60708333333332,21.87708333333335]]],[[[102.60958333333332,21.88291666666667],[102.60958333333333,21.88291666666667],[102.60958333333333,21.88208333333335],[102.60958333333332,21.88208333333335],[102.60958333333332,21.88291666666667]]],[[[102.61958333333334,21.902083333333337],[102.61958333333334,21.90208333333335],[102.62041666666666,21.90208333333335],[102.62041666666666,21.902083333333337],[102.61958333333334,21.902083333333337]]],[[[102.61875,21.90708333333335],[102.61958333333332,21.90708333333335],[102.61958333333332,21.907083333333336],[102.61875,21.90708333333335]]],[[[102.61874999999999,21.908750000000015],[102.61874999999999,21.908750000000005],[102.61791666666666,21.908750000000005],[102.61791666666666,21.908750000000015],[102.61874999999999,21.908750000000015]]],[[[102.61791666666666,21.911250000000003],[102.61708333333333,21.911250000000003],[102.61708333333333,21.911250000000017],[102.61791666666666,21.911250000000003]]],[[[102.61625,21.912916666666668],[102.61625,21.912916666666682],[102.61708333333333,21.912916666666682],[102.61708333333333,21.912916666666668],[102.61625,21.912916666666668]]],[[[102.61541666666666,21.913750000000018],[102.61625,21.913750000000018],[102.61625,21.91375],[102.61541666666666,21.913750000000018]]],[[[102.61541666666666,21.916250000000016],[102.61541666666666,21.916250000000005],[102.61375,21.916250000000005],[102.61375,21.916250000000016],[102.61541666666666,21.916250000000016]]],[[[102.61375,21.917083333333338],[102.61291666666666,21.917083333333338],[102.61291666666666,21.917083333333352],[102.61375,21.917083333333338]]],[[[102.61208333333333,21.918750000000003],[102.61208333333333,21.918750000000017],[102.61291666666666,21.918750000000017],[102.61291666666666,21.918750000000003],[102.61208333333333,21.918750000000003]]],[[[102.61125,21.920416666666682],[102.61208333333333,21.920416666666682],[102.61208333333333,21.920416666666668],[102.61125,21.920416666666682]]],[[[102.61124999999998,21.92125000000002],[102.61124999999998,21.92125],[102.60958333333333,21.92125],[102.60958333333333,21.92125000000002],[102.61124999999998,21.92125000000002]]],[[[102.60958333333332,21.922083333333337],[102.60708333333334,21.922083333333337],[102.60708333333334,21.92208333333335],[102.60958333333332,21.922083333333337]]],[[[102.60458333333332,21.92291666666667],[102.60458333333332,21.922916666666683],[102.60708333333332,21.922916666666683],[102.60708333333332,21.92291666666667],[102.60458333333332,21.92291666666667]]],[[[102.60374999999999,21.923750000000016],[102.60458333333332,21.923750000000016],[102.60458333333332,21.923750000000005],[102.60374999999999,21.923750000000016]]],[[[102.59375,21.923750000000016],[102.59458333333333,21.923750000000016],[102.59458333333333,21.923750000000005],[102.59375,21.923750000000016]]],[[[102.60374999999999,21.92458333333335],[102.60374999999999,21.924583333333338],[102.60125,21.924583333333338],[102.60125,21.92458333333335],[102.60374999999999,21.92458333333335]]],[[[102.59625,21.924583333333338],[102.59458333333333,21.924583333333338],[102.59708333333333,21.92458333333335],[102.59625,21.924583333333338]]],[[[102.59374999999999,21.92458333333335],[102.59374999999999,21.924583333333338],[102.59291666666667,21.924583333333338],[102.59291666666667,21.92458333333335],[102.59374999999999,21.92458333333335]]],[[[102.60125,21.925416666666685],[102.60125,21.92541666666667],[102.59708333333333,21.92541666666667],[102.59708333333333,21.925416666666685],[102.60125,21.925416666666685]]],[[[102.59291666666665,21.92541666666667],[102.59208333333333,21.92541666666667],[102.59208333333333,21.925416666666685],[102.59291666666665,21.92541666666667]]],[[[102.59125,21.926250000000003],[102.59125,21.926250000000017],[102.59208333333332,21.926250000000017],[102.59208333333332,21.926250000000003],[102.59125,21.926250000000003]]],[[[102.58958333333334,21.92708333333335],[102.59124999999999,21.92708333333335],[102.59124999999999,21.927083333333336],[102.58958333333334,21.92708333333335]]],[[[102.58958333333332,21.927916666666682],[102.58958333333332,21.92791666666667],[102.58541666666666,21.92791666666667],[102.58541666666666,21.927916666666682],[102.58958333333332,21.927916666666682]]],[[[102.58541666666666,21.92875000000002],[102.58541666666666,21.92875],[102.58375,21.92875],[102.58375,21.92875000000002],[102.58541666666666,21.92875000000002]]],[[[102.58291666666666,21.929583333333337],[102.58291666666666,21.92958333333335],[102.58375,21.92958333333335],[102.58375,21.929583333333337],[102.58291666666666,21.929583333333337]]],[[[102.58208333333333,21.930416666666684],[102.58291666666666,21.930416666666684],[102.58291666666666,21.93041666666667],[102.58208333333333,21.930416666666684]]],[[[102.58208333333333,21.931250000000016],[102.58208333333333,21.931250000000002],[102.58041666666666,21.931250000000002],[102.58041666666666,21.931250000000016],[102.58208333333333,21.931250000000016]]],[[[102.58041666666665,21.93291666666667],[102.57958333333333,21.93291666666667],[102.57958333333333,21.932916666666685],[102.58041666666665,21.93291666666667]]],[[[102.57875,21.933750000000003],[102.57875,21.933750000000018],[102.57958333333332,21.933750000000018],[102.57958333333332,21.933750000000003],[102.57875,21.933750000000003]]],[[[102.57375,21.93458333333335],[102.57874999999999,21.93458333333335],[102.57874999999999,21.934583333333336],[102.57375,21.93458333333335]]],[[[102.57374999999999,21.935416666666683],[102.57374999999999,21.93541666666667],[102.57124999999999,21.93541666666667],[102.57124999999999,21.935416666666683],[102.57374999999999,21.935416666666683]]],[[[102.57124999999999,21.93625],[102.56875,21.93625],[102.56875,21.936250000000015],[102.57124999999999,21.93625]]],[[[102.56708333333333,21.937083333333334],[102.56708333333333,21.93708333333335],[102.56875,21.93708333333335],[102.56875,21.937083333333334],[102.56708333333333,21.937083333333334]]],[[[102.56458333333333,21.937916666666684],[102.56708333333333,21.937916666666684],[102.56708333333333,21.93791666666667],[102.56458333333333,21.937916666666684]]],[[[102.56458333333333,21.941250000000018],[102.56458333333333,21.941250000000004],[102.56375,21.941250000000004],[102.56375,21.941250000000018],[102.56458333333333,21.941250000000018]]],[[[102.56375,21.942083333333336],[102.56208333333333,21.942083333333336],[102.56208333333333,21.94208333333335],[102.56375,21.942083333333336]]],[[[102.56041666666667,21.94291666666667],[102.56041666666667,21.942916666666683],[102.56208333333332,21.942916666666683],[102.56208333333332,21.94291666666667],[102.56041666666667,21.94291666666667]]],[[[102.55791666666667,21.943750000000016],[102.56041666666665,21.943750000000016],[102.56041666666665,21.94375],[102.55791666666667,21.943750000000016]]],[[[102.55708333333334,21.94458333333335],[102.55791666666666,21.94458333333335],[102.55791666666666,21.944583333333334],[102.55708333333334,21.94458333333335]]],[[[102.55708333333332,21.94541666666667],[102.55625,21.94541666666667],[102.55625,21.945416666666684],[102.55708333333332,21.94541666666667]]],[[[102.55458333333333,21.946250000000003],[102.55458333333333,21.946250000000017],[102.55624999999999,21.946250000000017],[102.55624999999999,21.946250000000003],[102.55458333333333,21.946250000000003]]],[[[102.55291666666666,21.94708333333335],[102.55458333333333,21.94708333333335],[102.55458333333333,21.94708333333334],[102.55291666666666,21.94708333333335]]],[[[102.55291666666666,21.947916666666682],[102.55291666666666,21.94791666666667],[102.55208333333333,21.94791666666667],[102.55208333333333,21.947916666666682],[102.55291666666666,21.947916666666682]]],[[[102.55208333333333,21.948750000000004],[102.55125,21.948750000000004],[102.55125,21.948750000000018],[102.55208333333333,21.948750000000004]]],[[[102.54958333333333,21.949583333333337],[102.54958333333333,21.94958333333335],[102.55125,21.94958333333335],[102.55125,21.949583333333337],[102.54958333333333,21.949583333333337]]],[[[102.54875,21.951250000000016],[102.54958333333333,21.951250000000016],[102.54958333333333,21.95125],[102.54875,21.951250000000016]]],[[[102.54874999999998,21.95208333333335],[102.54874999999998,21.952083333333334],[102.54625,21.952083333333334],[102.54625,21.95208333333335],[102.54874999999998,21.95208333333335]]],[[[102.54624999999999,21.95291666666667],[102.54208333333332,21.95291666666667],[102.54208333333332,21.952916666666685],[102.54624999999999,21.95291666666667]]],[[[102.54124999999999,21.953750000000003],[102.54124999999999,21.953750000000017],[102.54208333333332,21.953750000000017],[102.54208333333332,21.953750000000003],[102.54124999999999,21.953750000000003]]],[[[102.54041666666666,21.955416666666682],[102.54124999999999,21.955416666666682],[102.54124999999999,21.95541666666667],[102.54041666666666,21.955416666666682]]],[[[102.54041666666666,21.95625000000002],[102.54041666666666,21.956250000000004],[102.53875,21.956250000000004],[102.53875,21.95625000000002],[102.54041666666666,21.95625000000002]]],[[[102.53875,21.957083333333337],[102.53791666666666,21.957083333333337],[102.53791666666666,21.95708333333335],[102.53875,21.957083333333337]]],[[[102.53708333333333,21.95791666666667],[102.53708333333333,21.957916666666684],[102.53791666666666,21.957916666666684],[102.53791666666666,21.95791666666667],[102.53708333333333,21.95791666666667]]],[[[102.53541666666666,21.958750000000002],[102.53541666666666,21.958750000000016],[102.53708333333333,21.958750000000016],[102.53708333333333,21.958750000000002],[102.53541666666666,21.958750000000002]]],[[[102.53541666666666,21.95958333333335],[102.53541666666666,21.959583333333335],[102.53375,21.959583333333335],[102.53375,21.95958333333335],[102.53541666666666,21.95958333333335]]],[[[102.53375,21.960416666666667],[102.53208333333333,21.960416666666667],[102.53208333333333,21.960416666666685],[102.53375,21.960416666666667]]],[[[102.53041666666667,21.961250000000003],[102.53041666666667,21.961250000000017],[102.53208333333333,21.961250000000017],[102.53208333333333,21.961250000000003],[102.53041666666667,21.961250000000003]]],[[[102.52708333333334,21.96208333333335],[102.53041666666665,21.96208333333335],[102.53041666666665,21.962083333333336],[102.52708333333334,21.96208333333335]]],[[[102.52708333333332,21.962916666666683],[102.52708333333332,21.962916666666672],[102.52625,21.962916666666672],[102.52625,21.962916666666683],[102.52708333333332,21.962916666666683]]],[[[102.52624999999999,21.963750000000005],[102.52541666666667,21.963750000000005],[102.52541666666667,21.963750000000015],[102.52624999999999,21.963750000000005]]],[[[102.52374999999999,21.964583333333337],[102.52374999999999,21.96458333333335],[102.52541666666666,21.96458333333335],[102.52541666666666,21.964583333333337],[102.52374999999999,21.964583333333337]]],[[[102.52291666666666,21.965416666666684],[102.52374999999999,21.965416666666684],[102.52374999999999,21.96541666666667],[102.52291666666666,21.965416666666684]]],[[[102.65791666666667,21.272083333333352],[102.65791666666667,21.272083333333335],[102.65708333333333,21.272083333333335],[102.65708333333333,21.272083333333352],[102.65791666666667,21.272083333333352]]],[[[102.65125,21.272916666666667],[102.65041666666667,21.272083333333335],[102.64708333333333,21.272083333333335],[102.65208333333332,21.273750000000017],[102.65624999999999,21.273750000000017],[102.65125,21.272916666666667]]],[[[102.65958333333333,21.272916666666667],[102.65875,21.272916666666667],[102.65791666666667,21.272916666666667],[102.65791666666667,21.272916666666685],[102.65958333333333,21.272916666666667]]],[[[102.65708333333333,21.272916666666667],[102.65625,21.272916666666667],[102.65625,21.272916666666685],[102.65708333333333,21.272916666666667]]],[[[102.66291666666666,21.273750000000017],[102.66291666666666,21.273750000000003],[102.65958333333333,21.273750000000003],[102.65958333333333,21.273750000000017],[102.66291666666666,21.273750000000017]]],[[[102.64541666666666,21.27458333333335],[102.64708333333333,21.27458333333335],[102.64708333333333,21.274583333333336],[102.64541666666666,21.27458333333335]]],[[[102.66375,21.27458333333335],[102.66375,21.274583333333336],[102.66291666666666,21.274583333333336],[102.66291666666666,21.27458333333335],[102.66375,21.27458333333335]]],[[[102.64541666666666,21.275416666666683],[102.64541666666666,21.275416666666672],[102.64291666666666,21.275416666666672],[102.64291666666666,21.275416666666683],[102.64541666666666,21.275416666666683]]],[[[102.64291666666665,21.276250000000005],[102.64208333333333,21.276250000000005],[102.64208333333333,21.27625000000002],[102.64291666666665,21.276250000000005]]],[[[102.64041666666667,21.277083333333337],[102.64041666666667,21.27708333333335],[102.64208333333332,21.27708333333335],[102.64208333333332,21.277083333333337],[102.64041666666667,21.277083333333337]]],[[[102.63875,21.277916666666684],[102.64041666666665,21.277916666666684],[102.64041666666665,21.27791666666667],[102.63875,21.277916666666684]]],[[[102.64375,21.288750000000018],[102.64375,21.288750000000004],[102.64125,21.288750000000004],[102.64125,21.288750000000018],[102.64375,21.288750000000018]]],[[[102.64208333333332,21.293750000000003],[102.64125,21.293750000000003],[102.64125,21.293750000000017],[102.64208333333332,21.293750000000003]]],[[[102.64041666666667,21.295416666666668],[102.64041666666667,21.295416666666686],[102.64124999999999,21.295416666666686],[102.64124999999999,21.295416666666668],[102.64041666666667,21.295416666666668]]],[[[102.63875,21.29625000000002],[102.64041666666665,21.29625000000002],[102.64041666666665,21.29625],[102.63875,21.29625000000002]]],[[[102.63874999999999,21.29708333333335],[102.63874999999999,21.297083333333337],[102.63708333333334,21.297083333333337],[102.63708333333334,21.29708333333335],[102.63874999999999,21.29708333333335]]],[[[102.63708333333332,21.298750000000005],[102.63458333333332,21.298750000000005],[102.63458333333332,21.298750000000016],[102.63708333333332,21.298750000000005]]],[[[102.63291666666666,21.299583333333338],[102.63291666666666,21.299583333333352],[102.63458333333332,21.299583333333352],[102.63458333333332,21.299583333333338],[102.63291666666666,21.299583333333338]]],[[[102.63208333333333,21.300416666666685],[102.63291666666666,21.300416666666685],[102.63291666666666,21.30041666666667],[102.63208333333333,21.300416666666685]]],[[[102.65541666666667,21.391250000000017],[102.65541666666665,21.391250000000017],[102.65541666666665,21.392083333333336],[102.65541666666667,21.392083333333336],[102.65541666666667,21.391250000000017]]],[[[102.65458333333333,21.393750000000004],[102.65458333333333,21.39208333333335],[102.65458333333332,21.39208333333335],[102.65458333333333,21.393750000000004]]],[[[102.65208333333332,21.39541666666667],[102.65208333333334,21.39541666666667],[102.65208333333334,21.39375000000002],[102.65208333333332,21.39375000000002],[102.65208333333332,21.39541666666667]]],[[[102.66458333333333,21.496250000000018],[102.66458333333333,21.496250000000003],[102.66375,21.496250000000003],[102.66375,21.496250000000018],[102.66458333333333,21.496250000000018]]],[[[102.66125,21.49791666666667],[102.66125,21.497916666666683],[102.66375,21.497916666666683],[102.66375,21.49791666666667],[102.66125,21.49791666666667]]],[[[102.66041666666666,21.50458333333335],[102.66125,21.50458333333335],[102.66125,21.504583333333336],[102.66041666666666,21.50458333333335]]],[[[102.66041666666666,21.506250000000016],[102.66041666666666,21.50625],[102.65958333333333,21.50625],[102.65958333333333,21.506250000000016],[102.66041666666666,21.506250000000016]]],[[[102.65958333333333,21.50791666666667],[102.65875,21.50791666666667],[102.65875,21.507916666666684],[102.65958333333333,21.50791666666667]]],[[[102.65791666666667,21.50958333333334],[102.65791666666667,21.50958333333335],[102.65875,21.50958333333335],[102.65875,21.50958333333334],[102.65791666666667,21.50958333333334]]],[[[102.65708333333333,21.514583333333352],[102.65791666666667,21.514583333333352],[102.65791666666667,21.514583333333334],[102.65708333333333,21.514583333333352]]],[[[102.65708333333333,21.515416666666685],[102.65708333333333,21.51541666666667],[102.65458333333333,21.51541666666667],[102.65458333333333,21.515416666666685],[102.65708333333333,21.515416666666685]]],[[[102.65458333333332,21.516250000000003],[102.65375,21.516250000000003],[102.65375,21.516250000000017],[102.65458333333332,21.516250000000003]]],[[[102.65291666666667,21.51791666666667],[102.65291666666667,21.517916666666682],[102.65374999999999,21.517916666666682],[102.65374999999999,21.51791666666667],[102.65291666666667,21.51791666666667]]],[[[102.65291666666667,21.520416666666684],[102.65374999999999,21.520416666666684],[102.65374999999999,21.52041666666667],[102.65291666666667,21.520416666666684]]],[[[102.65374999999999,21.52458333333335],[102.65374999999999,21.524583333333336],[102.65291666666667,21.524583333333336],[102.65291666666667,21.52458333333335],[102.65374999999999,21.52458333333335]]],[[[102.65291666666666,21.525416666666672],[102.65208333333334,21.525416666666672],[102.65208333333334,21.525416666666683],[102.65291666666666,21.525416666666672]]],[[[102.65125,21.52791666666667],[102.65125,21.527916666666684],[102.65208333333332,21.527916666666684],[102.65208333333332,21.52791666666667],[102.65125,21.52791666666667]]],[[[102.64958333333333,21.528750000000016],[102.65124999999999,21.528750000000016],[102.65124999999999,21.528750000000002],[102.64958333333333,21.528750000000016]]],[[[102.64874999999999,21.52958333333335],[102.64958333333333,21.52958333333335],[102.64958333333333,21.529583333333335],[102.64874999999999,21.52958333333335]]],[[[102.66208333333333,21.586250000000003],[102.66125,21.586250000000003],[102.65875,21.586250000000003],[102.65875,21.586250000000017],[102.66208333333333,21.586250000000003]]],[[[102.66208333333333,21.587083333333336],[102.66208333333333,21.58708333333335],[102.66291666666666,21.58708333333335],[102.66291666666666,21.587083333333336],[102.66208333333333,21.587083333333336]]],[[[102.66375,21.587916666666672],[102.66291666666666,21.587916666666672],[102.66291666666666,21.587916666666683],[102.66375,21.587916666666672]]],[[[102.66375,21.679583333333337],[102.66208333333333,21.679583333333337],[102.66208333333333,21.67958333333335],[102.66375,21.679583333333337]]],[[[102.66458333333333,21.692916666666683],[102.66458333333333,21.69291666666667],[102.66375,21.69291666666667],[102.66375,21.692916666666683],[102.66458333333333,21.692916666666683]]],[[[102.66458333333333,21.694583333333334],[102.66375,21.694583333333334],[102.66375,21.69458333333335],[102.66458333333333,21.694583333333334]]],[[[102.66291666666666,21.69541666666667],[102.66291666666666,21.695416666666684],[102.66375,21.695416666666684],[102.66375,21.69541666666667],[102.66291666666666,21.69541666666667]]],[[[102.66208333333333,21.696250000000017],[102.66291666666666,21.696250000000017],[102.66291666666666,21.696250000000003],[102.66208333333333,21.696250000000017]]],[[[102.66208333333333,21.698750000000018],[102.66208333333333,21.698750000000004],[102.66125,21.698750000000004],[102.66125,21.698750000000018],[102.66208333333333,21.698750000000018]]],[[[102.66125,21.699583333333337],[102.66041666666666,21.699583333333337],[102.66041666666666,21.69958333333335],[102.66125,21.699583333333337]]],[[[102.66041666666666,21.702083333333334],[102.66041666666666,21.702083333333352],[102.66125,21.702083333333352],[102.66125,21.702083333333334],[102.66041666666666,21.702083333333334]]],[[[102.65958333333333,21.70708333333335],[102.66041666666666,21.70708333333335],[102.66041666666666,21.707083333333337],[102.65958333333333,21.70708333333335]]],[[[102.65958333333333,21.710416666666685],[102.65958333333333,21.710416666666667],[102.65875,21.710416666666667],[102.65875,21.710416666666685],[102.65958333333333,21.710416666666685]]],[[[102.65875,21.711250000000003],[102.65791666666667,21.711250000000003],[102.65791666666667,21.711250000000017],[102.65875,21.711250000000003]]],[[[102.65791666666667,21.713750000000005],[102.65708333333333,21.713750000000005],[102.65708333333333,21.71375000000002],[102.65791666666667,21.713750000000005]]],[[[102.65625,21.716250000000016],[102.65708333333333,21.716250000000016],[102.65708333333333,21.716250000000002],[102.65625,21.716250000000016]]],[[[102.65624999999999,21.717916666666685],[102.65624999999999,21.717916666666667],[102.65541666666667,21.717916666666667],[102.65541666666667,21.717916666666685],[102.65624999999999,21.717916666666685]]],[[[102.65541666666665,21.718750000000004],[102.65291666666667,21.718750000000004],[102.65291666666667,21.718750000000018],[102.65541666666665,21.718750000000004]]],[[[102.65208333333334,21.721250000000005],[102.65208333333334,21.721250000000015],[102.65291666666666,21.721250000000015],[102.65291666666666,21.721250000000005],[102.65208333333334,21.721250000000005]]],[[[102.65125,21.722916666666684],[102.65208333333332,21.722916666666684],[102.65208333333332,21.72291666666667],[102.65125,21.722916666666684]]],[[[102.65208333333332,21.72708333333335],[102.65208333333332,21.727083333333336],[102.65125,21.727083333333336],[102.65125,21.72708333333335],[102.65208333333332,21.72708333333335]]],[[[102.65124999999999,21.72791666666667],[102.64874999999999,21.72791666666667],[102.64874999999999,21.727916666666683],[102.65124999999999,21.72791666666667]]],[[[102.64791666666666,21.728750000000005],[102.64791666666666,21.728750000000016],[102.64874999999999,21.728750000000016],[102.64874999999999,21.728750000000005],[102.64791666666666,21.728750000000005]]],[[[102.64708333333333,21.729583333333352],[102.64791666666666,21.729583333333352],[102.64791666666666,21.729583333333338],[102.64708333333333,21.729583333333352]]],[[[102.64708333333333,21.730416666666684],[102.64708333333333,21.73041666666667],[102.64625,21.73041666666667],[102.64625,21.730416666666684],[102.64708333333333,21.730416666666684]]],[[[102.64625,21.731250000000003],[102.64541666666666,21.731250000000003],[102.64541666666666,21.731250000000017],[102.64625,21.731250000000003]]],[[[102.64791666666666,21.757083333333334],[102.64791666666666,21.75708333333335],[102.64874999999999,21.75708333333335],[102.64874999999999,21.757083333333334],[102.64791666666666,21.757083333333334]]],[[[102.66125,21.792083333333352],[102.66208333333333,21.792083333333352],[102.66208333333333,21.792083333333338],[102.66125,21.792083333333352]]],[[[102.66125,21.79458333333335],[102.66125,21.794583333333335],[102.66041666666666,21.794583333333335],[102.66041666666666,21.79458333333335],[102.66125,21.79458333333335]]],[[[102.66041666666666,21.79625],[102.65958333333333,21.79625],[102.65958333333333,21.79625000000002],[102.66041666666666,21.79625]]],[[[102.65875,21.798750000000005],[102.65875,21.798750000000016],[102.65958333333333,21.798750000000016],[102.65958333333333,21.798750000000005],[102.65875,21.798750000000005]]],[[[102.65791666666667,21.79958333333335],[102.65875,21.79958333333335],[102.65875,21.799583333333338],[102.65791666666667,21.79958333333335]]],[[[102.65791666666667,21.800416666666685],[102.65791666666667,21.80041666666667],[102.65708333333333,21.80041666666667],[102.65708333333333,21.800416666666685],[102.65791666666667,21.800416666666685]]],[[[102.65708333333333,21.801250000000003],[102.65625,21.801250000000003],[102.65625,21.801250000000017],[102.65708333333333,21.801250000000003]]],[[[102.65458333333333,21.802083333333336],[102.65458333333333,21.80208333333335],[102.65624999999999,21.80208333333335],[102.65624999999999,21.802083333333336],[102.65458333333333,21.802083333333336]]],[[[102.65375,21.802916666666682],[102.65458333333332,21.802916666666682],[102.65458333333332,21.80291666666667],[102.65375,21.802916666666682]]],[[[102.65374999999999,21.80375000000002],[102.65374999999999,21.80375],[102.65208333333334,21.80375],[102.65208333333334,21.80375000000002],[102.65374999999999,21.80375000000002]]],[[[102.65208333333332,21.804583333333337],[102.65125,21.804583333333337],[102.65125,21.80458333333335],[102.65208333333332,21.804583333333337]]],[[[102.65041666666667,21.80541666666667],[102.65041666666667,21.805416666666684],[102.65124999999999,21.805416666666684],[102.65124999999999,21.80541666666667],[102.65041666666667,21.80541666666667]]],[[[102.64874999999999,21.806250000000016],[102.65041666666666,21.806250000000016],[102.65041666666666,21.806250000000002],[102.64874999999999,21.806250000000016]]],[[[102.64874999999999,21.80708333333335],[102.64874999999999,21.80708333333334],[102.64791666666666,21.80708333333334],[102.64791666666666,21.80708333333335],[102.64874999999999,21.80708333333335]]],[[[102.64958333333333,21.817083333333336],[102.64874999999999,21.817083333333336],[102.64874999999999,21.81708333333335],[102.64958333333333,21.817083333333336]]],[[[102.64791666666666,21.81875],[102.64791666666666,21.818750000000016],[102.64874999999999,21.818750000000016],[102.64874999999999,21.81875],[102.64791666666666,21.81875]]],[[[102.64958333333333,21.827083333333352],[102.65041666666666,21.827083333333352],[102.65041666666666,21.827083333333334],[102.64958333333333,21.827083333333352]]],[[[102.64958333333333,21.830416666666682],[102.64958333333333,21.83041666666667],[102.64791666666666,21.83041666666667],[102.64791666666666,21.830416666666682],[102.64958333333333,21.830416666666682]]],[[[102.64791666666666,21.83208333333335],[102.64791666666666,21.832083333333337],[102.64708333333333,21.832083333333337],[102.64708333333333,21.83208333333335],[102.64791666666666,21.83208333333335]]],[[[102.64708333333333,21.835416666666667],[102.64708333333333,21.835416666666685],[102.64791666666666,21.835416666666685],[102.64791666666666,21.835416666666667],[102.64708333333333,21.835416666666667]]],[[[102.64625,21.836250000000017],[102.64708333333333,21.836250000000017],[102.64708333333333,21.836250000000003],[102.64625,21.836250000000017]]],[[[102.64625,21.83708333333335],[102.64625,21.837083333333336],[102.64541666666666,21.837083333333336],[102.64541666666666,21.83708333333335],[102.64625,21.83708333333335]]],[[[102.64541666666666,21.838750000000005],[102.64458333333333,21.838750000000005],[102.64458333333333,21.838750000000015],[102.64541666666666,21.838750000000005]]],[[[102.64375,21.839583333333337],[102.64375,21.83958333333335],[102.64458333333333,21.83958333333335],[102.64458333333333,21.839583333333337],[102.64375,21.839583333333337]]],[[[102.64291666666666,21.842916666666685],[102.64375,21.842916666666685],[102.64375,21.842916666666667],[102.64291666666666,21.842916666666685]]],[[[102.64291666666665,21.84708333333335],[102.64291666666665,21.847083333333337],[102.64208333333333,21.847083333333337],[102.64208333333333,21.84708333333335],[102.64291666666665,21.84708333333335]]],[[[102.64625,21.854583333333338],[102.64541666666666,21.854583333333338],[102.64541666666666,21.854583333333352],[102.64625,21.854583333333338]]],[[[102.64458333333333,21.85875],[102.64458333333333,21.85875000000002],[102.64541666666666,21.85875000000002],[102.64541666666666,21.85875],[102.64458333333333,21.85875]]],[[[102.63625,21.85875000000002],[102.63791666666665,21.85958333333335],[102.64458333333333,21.85958333333335],[102.63791666666667,21.859583333333337],[102.63625,21.85875000000002]]],[[[102.63624999999999,21.85958333333335],[102.63624999999999,21.859583333333337],[102.63541666666666,21.859583333333337],[102.63541666666666,21.85958333333335],[102.63624999999999,21.85958333333335]]],[[[102.63541666666666,21.86041666666667],[102.63458333333332,21.86041666666667],[102.63458333333332,21.860416666666683],[102.63541666666666,21.86041666666667]]],[[[102.63291666666666,21.861250000000005],[102.63291666666666,21.861250000000016],[102.63458333333332,21.861250000000016],[102.63458333333332,21.861250000000005],[102.63291666666666,21.861250000000005]]],[[[102.63125,21.86208333333335],[102.63291666666666,21.86208333333335],[102.63291666666666,21.862083333333338],[102.63125,21.86208333333335]]],[[[102.67375,21.267916666666682],[102.67708333333333,21.267916666666682],[102.67708333333333,21.26791666666667],[102.67375,21.267916666666682]]],[[[102.67374999999998,21.268750000000004],[102.67125,21.268750000000004],[102.67125,21.26875000000002],[102.67374999999998,21.268750000000004]]],[[[102.67958333333333,21.268750000000004],[102.67875,21.268750000000004],[102.67708333333333,21.268750000000004],[102.67708333333333,21.26875000000002],[102.67958333333333,21.268750000000004]]],[[[102.66958333333334,21.269583333333337],[102.66958333333334,21.26958333333335],[102.67124999999999,21.26958333333335],[102.67124999999999,21.269583333333337],[102.66958333333334,21.269583333333337]]],[[[102.66791666666667,21.272083333333352],[102.66958333333332,21.272083333333352],[102.66958333333332,21.272083333333335],[102.66791666666667,21.272083333333352]]],[[[102.66791666666666,21.272916666666685],[102.66791666666666,21.272916666666667],[102.66708333333332,21.272916666666667],[102.66708333333332,21.272916666666685],[102.66791666666666,21.272916666666685]]],[[[102.66708333333332,21.273750000000003],[102.66624999999999,21.273750000000003],[102.66624999999999,21.273750000000017],[102.66708333333332,21.273750000000003]]],[[[102.68541666666665,21.27458333333335],[102.68624999999999,21.277916666666684],[102.68708333333332,21.278750000000016],[102.68875,21.278750000000016],[102.68541666666667,21.271250000000002],[102.68458333333334,21.27041666666667],[102.68291666666667,21.27041666666667],[102.68291666666667,21.269583333333337],[102.67958333333333,21.269583333333337],[102.68541666666665,21.27458333333335]]],[[[102.66541666666666,21.274583333333336],[102.66541666666666,21.27458333333335],[102.66624999999999,21.27458333333335],[102.66624999999999,21.274583333333336],[102.66541666666666,21.274583333333336]]],[[[102.66375,21.275416666666683],[102.66458333333333,21.275416666666683],[102.66458333333333,21.275416666666672],[102.66375,21.275416666666683]]],[[[102.66458333333333,21.276250000000005],[102.66458333333333,21.27625000000002],[102.66541666666666,21.27625000000002],[102.66541666666666,21.276250000000005],[102.66458333333333,21.276250000000005]]],[[[102.68958333333333,21.280416666666685],[102.68958333333333,21.280416666666667],[102.68875,21.280416666666667],[102.68875,21.280416666666685],[102.68958333333333,21.280416666666685]]],[[[102.68958333333333,21.281250000000018],[102.69041666666666,21.281250000000018],[102.69041666666666,21.281250000000004],[102.68958333333333,21.281250000000018]]],[[[102.69041666666666,21.282916666666672],[102.69041666666666,21.282916666666683],[102.69125,21.282916666666683],[102.69125,21.282916666666672],[102.69041666666666,21.282916666666672]]],[[[102.69208333333333,21.283750000000005],[102.69125,21.283750000000005],[102.69125,21.28375000000002],[102.69208333333333,21.283750000000005]]],[[[102.69208333333333,21.286250000000017],[102.69291666666666,21.286250000000017],[102.69291666666666,21.286250000000003],[102.69208333333333,21.286250000000017]]],[[[102.69291666666666,21.28708333333335],[102.69375,21.28708333333335],[102.69375,21.287083333333335],[102.69291666666666,21.28708333333335]]],[[[102.69375,21.287916666666668],[102.69375,21.287916666666685],[102.69458333333333,21.287916666666685],[102.69458333333333,21.287916666666668],[102.69375,21.287916666666668]]],[[[102.71124999999999,21.287916666666685],[102.71124999999999,21.287916666666668],[102.70791666666666,21.287916666666668],[102.70791666666666,21.287916666666685],[102.71124999999999,21.287916666666685]]],[[[102.70208333333332,21.288750000000018],[102.70791666666666,21.288750000000018],[102.70208333333333,21.287916666666668],[102.69624999999999,21.287916666666668],[102.70208333333332,21.288750000000018]]],[[[102.69624999999999,21.288750000000004],[102.69458333333333,21.288750000000004],[102.69458333333333,21.288750000000018],[102.69624999999999,21.288750000000004]]],[[[102.71541666666667,21.288750000000004],[102.71458333333334,21.288750000000004],[102.71124999999999,21.288750000000004],[102.71541666666666,21.288750000000018],[102.71541666666666,21.28958333333335],[102.71624999999999,21.28958333333335],[102.71541666666667,21.288750000000004]]],[[[102.66874999999999,21.392916666666682],[102.66874999999999,21.393750000000004],[102.66875,21.393750000000004],[102.66874999999999,21.392916666666682]]],[[[102.68291666666666,21.396250000000002],[102.68208333333334,21.396250000000002],[102.68208333333334,21.396250000000016],[102.68291666666666,21.396250000000002]]],[[[102.68125,21.397083333333335],[102.68125,21.397083333333352],[102.68208333333332,21.397083333333352],[102.68208333333332,21.397083333333335],[102.68125,21.397083333333335]]],[[[102.68041666666666,21.400416666666683],[102.68124999999999,21.400416666666683],[102.68124999999999,21.400416666666672],[102.68041666666666,21.400416666666683]]],[[[102.68541666666665,21.417083333333352],[102.68541666666665,21.417083333333338],[102.68458333333334,21.417083333333338],[102.68458333333334,21.417083333333352],[102.68541666666665,21.417083333333352]]],[[[102.67791666666666,21.422083333333337],[102.67791666666666,21.42208333333335],[102.68624999999999,21.42208333333335],[102.68624999999999,21.422083333333337],[102.67791666666666,21.422083333333337]]],[[[102.68125,21.43791666666667],[102.68125,21.437916666666684],[102.68208333333332,21.437916666666684],[102.68208333333332,21.43791666666667],[102.68125,21.43791666666667]]],[[[102.67958333333333,21.440416666666685],[102.68124999999999,21.440416666666685],[102.68124999999999,21.44041666666667],[102.67958333333333,21.440416666666685]]],[[[102.67958333333333,21.441250000000018],[102.67958333333333,21.441250000000004],[102.67791666666666,21.441250000000004],[102.67791666666666,21.441250000000018],[102.67958333333333,21.441250000000018]]],[[[102.67875,21.44541666666667],[102.67791666666666,21.44541666666667],[102.67791666666666,21.445416666666684],[102.67875,21.44541666666667]]],[[[102.68541666666667,21.462916666666672],[102.68541666666667,21.462916666666683],[102.68624999999999,21.462916666666683],[102.68624999999999,21.462916666666672],[102.68541666666667,21.462916666666672]]],[[[102.68541666666667,21.46458333333335],[102.68624999999999,21.46458333333335],[102.68624999999999,21.464583333333337],[102.68541666666667,21.46458333333335]]],[[[102.68541666666665,21.465416666666684],[102.68541666666665,21.46541666666667],[102.68458333333334,21.46541666666667],[102.68458333333334,21.465416666666684],[102.68541666666665,21.465416666666684]]],[[[102.68458333333332,21.466250000000002],[102.68375,21.466250000000002],[102.68375,21.466250000000016],[102.68458333333332,21.466250000000002]]],[[[102.68291666666667,21.467083333333335],[102.68291666666667,21.46708333333335],[102.68374999999999,21.46708333333335],[102.68374999999999,21.467083333333335],[102.68291666666667,21.467083333333335]]],[[[102.68208333333334,21.467916666666685],[102.68291666666666,21.467916666666685],[102.68291666666666,21.467916666666667],[102.68208333333334,21.467916666666685]]],[[[102.68208333333332,21.468750000000018],[102.68208333333332,21.468750000000004],[102.68041666666666,21.468750000000004],[102.68041666666666,21.468750000000018],[102.68208333333332,21.468750000000018]]],[[[102.68041666666666,21.47291666666667],[102.67958333333333,21.47291666666667],[102.67958333333333,21.472916666666684],[102.68041666666666,21.47291666666667]]],[[[102.67875,21.474583333333335],[102.67875,21.47458333333335],[102.67958333333333,21.47458333333335],[102.67958333333333,21.474583333333335],[102.67875,21.474583333333335]]],[[[102.67791666666666,21.475416666666685],[102.67875,21.475416666666685],[102.67875,21.475416666666668],[102.67791666666666,21.475416666666685]]],[[[102.68458333333332,21.482916666666682],[102.68458333333332,21.482916666666668],[102.68291666666667,21.482916666666668],[102.68291666666667,21.482916666666682],[102.68458333333332,21.482916666666682]]],[[[102.68291666666666,21.48375],[102.68208333333334,21.48375],[102.68208333333334,21.48375000000002],[102.68291666666666,21.48375]]],[[[102.68125,21.484583333333337],[102.68125,21.48458333333335],[102.68208333333332,21.48458333333335],[102.68208333333332,21.484583333333337],[102.68125,21.484583333333337]]],[[[102.67625,21.487083333333338],[102.67041666666667,21.487083333333338],[102.67041666666667,21.486250000000005],[102.66958333333334,21.486250000000005],[102.67041666666665,21.487083333333352],[102.67625,21.487083333333338]]],[[[102.66791666666667,21.487083333333338],[102.66791666666667,21.487083333333352],[102.66958333333332,21.487083333333352],[102.66958333333332,21.487083333333338],[102.66791666666667,21.487083333333338]]],[[[102.67625,21.48791666666667],[102.67625,21.487916666666685],[102.67875,21.487916666666685],[102.67875,21.48791666666667],[102.67625,21.48791666666667]]],[[[102.68041666666666,21.487916666666685],[102.68124999999999,21.487916666666685],[102.68124999999999,21.48791666666667],[102.68041666666666,21.487916666666685]]],[[[102.66791666666666,21.487916666666685],[102.66791666666666,21.48791666666667],[102.66708333333332,21.48791666666667],[102.66708333333332,21.487916666666685],[102.66791666666666,21.487916666666685]]],[[[102.68041666666666,21.488750000000017],[102.68041666666666,21.488750000000003],[102.67875,21.488750000000003],[102.67875,21.488750000000017],[102.68041666666666,21.488750000000017]]],[[[102.66708333333332,21.488750000000003],[102.66624999999999,21.488750000000003],[102.66624999999999,21.488750000000017],[102.66708333333332,21.488750000000003]]],[[[102.66541666666666,21.489583333333336],[102.66541666666666,21.48958333333335],[102.66624999999999,21.48958333333335],[102.66624999999999,21.489583333333336],[102.66541666666666,21.489583333333336]]],[[[102.66541666666666,21.493750000000016],[102.66624999999999,21.493750000000016],[102.66624999999999,21.493750000000006],[102.66541666666666,21.493750000000016]]],[[[102.66541666666666,21.495416666666685],[102.66541666666666,21.49541666666667],[102.66458333333333,21.49541666666667],[102.66458333333333,21.495416666666685],[102.66541666666666,21.495416666666685]]],[[[102.66958333333332,21.54791666666667],[102.66875,21.54791666666667],[102.66875,21.547916666666683],[102.66958333333332,21.54791666666667]]],[[[102.66875,21.55291666666667],[102.66875,21.552916666666682],[102.66958333333332,21.552916666666682],[102.66958333333332,21.55291666666667],[102.66875,21.55291666666667]]],[[[102.66875,21.55708333333335],[102.66958333333332,21.55708333333335],[102.66958333333332,21.55708333333334],[102.66875,21.55708333333335]]],[[[102.66874999999999,21.557916666666685],[102.66874999999999,21.55791666666667],[102.66791666666667,21.55791666666667],[102.66791666666667,21.557916666666685],[102.66874999999999,21.557916666666685]]],[[[102.66791666666666,21.56041666666667],[102.66708333333332,21.56041666666667],[102.66708333333332,21.560416666666683],[102.66791666666666,21.56041666666667]]],[[[102.66624999999999,21.56291666666667],[102.66624999999999,21.562916666666684],[102.66708333333332,21.562916666666684],[102.66708333333332,21.56291666666667],[102.66624999999999,21.56291666666667]]],[[[102.66624999999999,21.566250000000004],[102.66624999999999,21.566250000000018],[102.66708333333332,21.566250000000018],[102.66708333333332,21.566250000000004],[102.66624999999999,21.566250000000004]]],[[[102.66624999999999,21.56708333333335],[102.66624999999999,21.567083333333336],[102.66541666666666,21.567083333333336],[102.66541666666666,21.56708333333335],[102.66624999999999,21.56708333333335]]],[[[102.66541666666666,21.56791666666667],[102.66458333333333,21.56791666666667],[102.66458333333333,21.567916666666683],[102.66541666666666,21.56791666666667]]],[[[102.66708333333332,21.57208333333334],[102.66708333333332,21.57208333333335],[102.66791666666666,21.57208333333335],[102.66791666666666,21.57208333333334],[102.66708333333332,21.57208333333334]]],[[[102.67041666666667,21.58458333333335],[102.67124999999999,21.58458333333335],[102.67124999999999,21.584583333333335],[102.67041666666667,21.58458333333335]]],[[[102.67041666666665,21.586250000000017],[102.67041666666665,21.586250000000003],[102.66958333333334,21.586250000000003],[102.66958333333334,21.586250000000017],[102.67041666666665,21.586250000000017]]],[[[102.66958333333332,21.587083333333336],[102.66875,21.587083333333336],[102.66875,21.58708333333335],[102.66958333333332,21.587083333333336]]],[[[102.66791666666667,21.587916666666672],[102.66791666666667,21.587916666666683],[102.66874999999999,21.587916666666683],[102.66874999999999,21.587916666666672],[102.66791666666667,21.587916666666672]]],[[[102.66458333333333,21.58875000000002],[102.66458333333333,21.588750000000005],[102.66375,21.588750000000005],[102.66375,21.58875000000002],[102.66458333333333,21.58875000000002]]],[[[102.66708333333332,21.58875000000002],[102.66791666666666,21.58875000000002],[102.66791666666666,21.588750000000005],[102.66708333333332,21.58875000000002]]],[[[102.66458333333333,21.58958333333335],[102.66708333333332,21.58958333333335],[102.66708333333332,21.589583333333337],[102.66458333333333,21.58958333333335]]],[[[102.67041666666665,21.604583333333338],[102.66958333333334,21.604583333333338],[102.66958333333334,21.604583333333352],[102.67041666666665,21.604583333333338]]],[[[102.66875,21.606250000000003],[102.66875,21.606250000000017],[102.66958333333332,21.606250000000017],[102.66958333333332,21.606250000000003],[102.66875,21.606250000000003]]],[[[102.67291666666667,21.60875000000002],[102.67291666666665,21.60875000000002],[102.67291666666665,21.609583333333337],[102.67291666666667,21.609583333333337],[102.67291666666667,21.60875000000002]]],[[[102.67541666666666,21.611250000000016],[102.67541666666666,21.611250000000005],[102.67375,21.611250000000005],[102.67375,21.611250000000016],[102.67541666666666,21.611250000000016]]],[[[102.67374999999998,21.612083333333352],[102.67374999999998,21.612083333333338],[102.67291666666667,21.612083333333338],[102.67291666666667,21.612083333333352],[102.67374999999998,21.612083333333352]]],[[[102.67208333333333,21.61291666666667],[102.67208333333333,21.612916666666685],[102.67291666666665,21.612916666666685],[102.67291666666665,21.61291666666667],[102.67208333333333,21.61291666666667]]],[[[102.67125,21.613750000000017],[102.67208333333332,21.613750000000017],[102.67208333333332,21.613750000000003],[102.67125,21.613750000000017]]],[[[102.66791666666666,21.61708333333335],[102.66791666666666,21.617916666666684],[102.67124999999999,21.617916666666684],[102.66791666666667,21.61791666666667],[102.66791666666667,21.617083333333337],[102.66624999999999,21.617083333333337],[102.66791666666666,21.61708333333335]]],[[[102.66624999999999,21.618750000000002],[102.66541666666666,21.618750000000002],[102.66541666666666,21.618750000000016],[102.66624999999999,21.618750000000002]]],[[[102.67208333333333,21.633750000000003],[102.67208333333333,21.633750000000017],[102.67291666666665,21.633750000000017],[102.67291666666665,21.633750000000003],[102.67208333333333,21.633750000000003]]],[[[102.67708333333333,21.653750000000016],[102.67791666666666,21.653750000000016],[102.67791666666666,21.653750000000002],[102.67708333333333,21.653750000000016]]],[[[102.67708333333333,21.65458333333335],[102.67708333333333,21.654583333333335],[102.67625,21.654583333333335],[102.67625,21.65458333333335],[102.67708333333333,21.65458333333335]]],[[[102.67625,21.655416666666667],[102.67458333333333,21.655416666666667],[102.67458333333333,21.655416666666685],[102.67625,21.655416666666667]]],[[[102.67375,21.662083333333335],[102.67375,21.66208333333335],[102.67458333333332,21.66208333333335],[102.67458333333332,21.662083333333335],[102.67375,21.662083333333335]]],[[[102.67291666666667,21.662916666666685],[102.67374999999998,21.662916666666685],[102.67374999999998,21.662916666666668],[102.67291666666667,21.662916666666685]]],[[[102.67374999999998,21.66458333333335],[102.67374999999998,21.664583333333336],[102.67291666666667,21.664583333333336],[102.67291666666667,21.66458333333335],[102.67374999999998,21.66458333333335]]],[[[102.67291666666665,21.66541666666667],[102.67208333333333,21.66541666666667],[102.67208333333333,21.665416666666683],[102.67291666666665,21.66541666666667]]],[[[102.67125,21.666250000000005],[102.67125,21.666250000000016],[102.67208333333332,21.666250000000016],[102.67208333333332,21.666250000000005],[102.67125,21.666250000000005]]],[[[102.67041666666667,21.667916666666684],[102.67124999999999,21.667916666666684],[102.67124999999999,21.66791666666667],[102.67041666666667,21.667916666666684]]],[[[102.67041666666665,21.670416666666682],[102.67041666666665,21.670416666666668],[102.66875,21.670416666666668],[102.66875,21.670416666666682],[102.67041666666665,21.670416666666682]]],[[[102.66874999999999,21.67125],[102.66791666666667,21.67125],[102.66791666666667,21.67125000000002],[102.66874999999999,21.67125]]],[[[102.66708333333332,21.676250000000003],[102.66708333333332,21.676250000000017],[102.66791666666666,21.676250000000017],[102.66791666666666,21.676250000000003],[102.66708333333332,21.676250000000003]]],[[[102.66624999999999,21.67708333333335],[102.66708333333332,21.67708333333335],[102.66708333333332,21.677083333333336],[102.66624999999999,21.67708333333335]]],[[[102.66624999999999,21.67875000000002],[102.66624999999999,21.67875],[102.66375,21.67875],[102.66375,21.67875000000002],[102.66624999999999,21.67875000000002]]],[[[102.66541666666666,21.687083333333334],[102.66541666666666,21.68708333333335],[102.66708333333332,21.68708333333335],[102.66708333333332,21.687083333333334],[102.66541666666666,21.687083333333334]]],[[[102.66458333333333,21.687916666666684],[102.66541666666666,21.687916666666684],[102.66541666666666,21.68791666666667],[102.66458333333333,21.687916666666684]]],[[[102.74125,21.279583333333335],[102.74041666666666,21.279583333333335],[102.74041666666666,21.27958333333335],[102.74125,21.279583333333335]]],[[[102.74125,21.280416666666685],[102.74208333333333,21.280416666666685],[102.74208333333333,21.280416666666667],[102.74125,21.280416666666685]]],[[[102.73791666666666,21.280416666666667],[102.73791666666666,21.280416666666685],[102.74041666666666,21.280416666666685],[102.74041666666666,21.280416666666667],[102.73791666666666,21.280416666666667]]],[[[102.73791666666666,21.281250000000004],[102.73625,21.281250000000004],[102.73625,21.280416666666667],[102.73541666666667,21.280416666666667],[102.73624999999998,21.281250000000018],[102.73791666666666,21.281250000000004]]],[[[102.74208333333333,21.281250000000004],[102.74208333333333,21.281250000000018],[102.74291666666666,21.281250000000018],[102.74291666666666,21.281250000000004],[102.74208333333333,21.281250000000004]]],[[[102.73541666666665,21.281250000000018],[102.73541666666665,21.281250000000004],[102.73458333333333,21.281250000000004],[102.73458333333333,21.281250000000018],[102.73541666666665,21.281250000000018]]],[[[102.73458333333332,21.282083333333336],[102.73375,21.282083333333336],[102.73375,21.28208333333335],[102.73458333333332,21.282083333333336]]],[[[102.73291666666667,21.282916666666672],[102.73291666666667,21.282916666666683],[102.73374999999999,21.282916666666683],[102.73374999999999,21.282916666666672],[102.73291666666667,21.282916666666672]]],[[[102.73125,21.28375000000002],[102.73291666666665,21.28375000000002],[102.73291666666665,21.283750000000005],[102.73125,21.28375000000002]]],[[[102.72625,21.284583333333337],[102.72291666666666,21.284583333333337],[102.72291666666666,21.28458333333335],[102.72625,21.284583333333337]]],[[[102.73124999999999,21.28458333333335],[102.73124999999999,21.284583333333337],[102.73041666666667,21.284583333333337],[102.73041666666667,21.28458333333335],[102.73124999999999,21.28458333333335]]],[[[102.73041666666666,21.285416666666684],[102.73041666666666,21.28541666666667],[102.72625,21.28541666666667],[102.72625,21.285416666666684],[102.73041666666666,21.285416666666684]]],[[[102.74874999999999,21.28708333333335],[102.75041666666667,21.289583333333336],[102.74791666666667,21.283750000000005],[102.74458333333334,21.283750000000005],[102.74458333333334,21.282916666666672],[102.74291666666666,21.282916666666672],[102.74874999999999,21.28708333333335]]],[[[102.72208333333333,21.286250000000017],[102.72291666666666,21.286250000000017],[102.72291666666666,21.286250000000003],[102.72208333333333,21.286250000000017]]],[[[102.72208333333333,21.28708333333335],[102.72208333333333,21.287083333333335],[102.72041666666667,21.287083333333335],[102.72041666666667,21.28708333333335],[102.72208333333333,21.28708333333335]]],[[[102.72041666666667,21.287916666666668],[102.71958333333333,21.287916666666668],[102.71958333333333,21.287916666666685],[102.72041666666667,21.287916666666668]]],[[[102.71625,21.288750000000004],[102.71625,21.288750000000018],[102.71958333333333,21.288750000000018],[102.71958333333333,21.288750000000004],[102.71625,21.288750000000004]]],[[[102.74958333333332,21.29041666666667],[102.74958333333333,21.29041666666667],[102.74958333333333,21.28958333333335],[102.74958333333332,21.28958333333335],[102.74958333333332,21.29041666666667]]],[[[102.74874999999999,21.290416666666683],[102.74874999999999,21.291250000000005],[102.74875,21.291250000000005],[102.74874999999999,21.290416666666683]]],[[[102.74791666666667,21.291250000000016],[102.74791666666665,21.291250000000016],[102.74791666666665,21.293750000000003],[102.74791666666667,21.293750000000003],[102.74791666666667,21.291250000000016]]],[[[102.75125,21.300416666666685],[102.75041666666667,21.299583333333338],[102.74958333333333,21.299583333333338],[102.74958333333333,21.29791666666667],[102.74875,21.29791666666667],[102.74875,21.29625],[102.74791666666667,21.29625],[102.74791666666667,21.294583333333335],[102.74708333333332,21.293750000000017],[102.74791666666665,21.29625000000002],[102.74874999999999,21.29625000000002],[102.74874999999999,21.297916666666683],[102.74958333333332,21.297916666666683],[102.74958333333332,21.299583333333352],[102.75125,21.300416666666685]]],[[[102.75041666666667,21.305416666666684],[102.75041666666665,21.306250000000016],[102.75125,21.306250000000016],[102.75041666666667,21.306250000000006],[102.75041666666667,21.305416666666684]]],[[[102.75125,21.307916666666685],[102.75208333333333,21.307916666666685],[102.75208333333333,21.30791666666667],[102.75125,21.307916666666685]]],[[[102.75208333333333,21.309583333333336],[102.75208333333333,21.30958333333335],[102.75291666666666,21.30958333333335],[102.75291666666666,21.309583333333336],[102.75208333333333,21.309583333333336]]],[[[102.75375,21.31458333333335],[102.75375,21.31458333333334],[102.75291666666666,21.31458333333334],[102.75291666666666,21.31458333333335],[102.75375,21.31458333333335]]],[[[102.75458333333333,21.315416666666685],[102.75458333333333,21.31541666666667],[102.75375,21.31541666666667],[102.75375,21.315416666666685],[102.75458333333333,21.315416666666685]]],[[[102.75458333333333,21.316250000000018],[102.75541666666666,21.316250000000018],[102.75541666666666,21.316250000000004],[102.75458333333333,21.316250000000018]]],[[[102.75541666666666,21.31875],[102.75541666666666,21.318750000000016],[102.75708333333333,21.318750000000016],[102.75708333333333,21.31875],[102.75541666666666,21.31875]]],[[[102.75791666666666,21.319583333333334],[102.75708333333333,21.319583333333334],[102.75708333333333,21.31958333333335],[102.75791666666666,21.319583333333334]]],[[[102.75874999999999,21.32208333333335],[102.75874999999999,21.32208333333334],[102.75791666666666,21.32208333333334],[102.75791666666666,21.32208333333335],[102.75874999999999,21.32208333333335]]],[[[102.75874999999999,21.322916666666686],[102.75958333333332,21.322916666666686],[102.75958333333332,21.32291666666667],[102.75874999999999,21.322916666666686]]],[[[102.75958333333332,21.323750000000004],[102.75958333333332,21.323750000000018],[102.76041666666666,21.323750000000018],[102.76041666666666,21.323750000000004],[102.75958333333332,21.323750000000004]]],[[[102.76624999999999,21.326250000000016],[102.76791666666665,21.327916666666685],[102.76875,21.327916666666685],[102.76708333333333,21.32625],[102.76291666666667,21.32625],[102.76291666666667,21.32541666666667],[102.76208333333334,21.324583333333337],[102.76041666666666,21.324583333333337],[102.76291666666665,21.326250000000016],[102.76624999999999,21.326250000000016]]],[[[102.76791666666666,21.330416666666682],[102.76791666666665,21.33125000000002],[102.76875,21.33125000000002],[102.76791666666666,21.331250000000004],[102.76791666666666,21.330416666666682]]],[[[102.76875,21.332916666666684],[102.76958333333333,21.332916666666684],[102.76958333333333,21.33291666666667],[102.76875,21.332916666666684]]],[[[102.76708333333333,21.33708333333335],[102.76708333333332,21.33708333333335],[102.76708333333332,21.337916666666672],[102.76708333333333,21.337916666666672],[102.76708333333333,21.33708333333335]]],[[[102.76541666666667,21.345416666666672],[102.76541666666667,21.337916666666683],[102.76541666666665,21.337916666666683],[102.76541666666667,21.345416666666672]]],[[[102.76458333333332,21.347083333333337],[102.76458333333333,21.347083333333337],[102.76458333333333,21.345416666666683],[102.76458333333332,21.345416666666683],[102.76458333333332,21.347083333333337]]],[[[102.76374999999999,21.34708333333335],[102.76374999999999,21.349583333333335],[102.76375,21.349583333333335],[102.76374999999999,21.34708333333335]]],[[[102.76291666666665,21.352916666666683],[102.76291666666665,21.354583333333352],[102.76374999999999,21.354583333333352],[102.76374999999999,21.35708333333335],[102.76458333333332,21.35875000000002],[102.76624999999999,21.35875000000002],[102.76291666666665,21.352916666666683]]],[[[102.77208333333333,21.356250000000017],[102.77208333333333,21.356250000000003],[102.77041666666666,21.356250000000003],[102.77041666666666,21.356250000000017],[102.77208333333333,21.356250000000017]]],[[[102.77041666666666,21.357083333333335],[102.76875,21.357083333333335],[102.76875,21.35708333333335],[102.77041666666666,21.357083333333335]]],[[[102.77291666666666,21.35708333333335],[102.77374999999999,21.35708333333335],[102.77208333333333,21.357083333333335],[102.77291666666666,21.35708333333335]]],[[[102.76625,21.357916666666668],[102.76625,21.357916666666686],[102.76875,21.357916666666686],[102.76875,21.357916666666668],[102.76625,21.357916666666668]]],[[[102.78708333333333,21.359583333333337],[102.78541666666666,21.359583333333337],[102.78541666666666,21.35958333333335],[102.78708333333333,21.359583333333337]]],[[[102.78041666666667,21.359583333333337],[102.78208333333332,21.360416666666683],[102.78541666666666,21.360416666666683],[102.78208333333333,21.36041666666667],[102.78041666666667,21.359583333333337]]],[[[102.77875,21.360416666666683],[102.78041666666665,21.360416666666683],[102.78041666666665,21.36041666666667],[102.77875,21.360416666666683]]],[[[102.78708333333333,21.360416666666683],[102.78791666666666,21.360416666666683],[102.78875,21.360416666666683],[102.78875,21.36041666666667],[102.78708333333333,21.360416666666683]]],[[[102.77874999999999,21.361250000000016],[102.77874999999999,21.361250000000005],[102.77791666666667,21.361250000000005],[102.77791666666667,21.361250000000016],[102.77874999999999,21.361250000000016]]],[[[102.77458333333333,21.361250000000005],[102.77374999999999,21.361250000000005],[102.77374999999999,21.361250000000016],[102.77458333333333,21.361250000000005]]],[[[102.77791666666666,21.362083333333352],[102.77791666666666,21.362083333333338],[102.77458333333333,21.362083333333338],[102.77458333333333,21.362083333333352],[102.77791666666666,21.362083333333352]]],[[[102.78875,21.36291666666667],[102.78875,21.362916666666685],[102.78958333333333,21.362916666666685],[102.78958333333333,21.36291666666667],[102.78875,21.36291666666667]]],[[[102.79041666666666,21.364583333333336],[102.78958333333333,21.364583333333336],[102.78958333333333,21.36458333333335],[102.79041666666666,21.364583333333336]]],[[[102.79124999999999,21.365416666666682],[102.79124999999999,21.36541666666667],[102.79041666666666,21.36541666666667],[102.79041666666666,21.365416666666682],[102.79124999999999,21.365416666666682]]],[[[102.79124999999999,21.36708333333335],[102.79208333333332,21.36708333333335],[102.79208333333332,21.367083333333337],[102.79124999999999,21.36708333333335]]],[[[102.79541666666667,21.37708333333334],[102.79541666666667,21.37541666666667],[102.79458333333334,21.37541666666667],[102.79458333333334,21.37291666666667],[102.79375,21.37291666666667],[102.79375,21.371250000000003],[102.79291666666667,21.371250000000003],[102.79291666666667,21.368750000000006],[102.79208333333332,21.368750000000006],[102.79291666666666,21.368750000000016],[102.79291666666666,21.371250000000018],[102.79374999999999,21.372916666666683],[102.79458333333332,21.372916666666683],[102.79458333333332,21.375416666666684],[102.79541666666665,21.37708333333335],[102.79624999999999,21.37708333333335],[102.79624999999999,21.377916666666685],[102.79708333333332,21.377916666666685],[102.79708333333332,21.37958333333335],[102.79791666666665,21.381250000000016],[102.79958333333332,21.383750000000017],[102.80041666666666,21.383750000000017],[102.79708333333333,21.37791666666667],[102.79625,21.37791666666667],[102.79625,21.37708333333334],[102.79541666666667,21.37708333333334]]],[[[102.80125,21.38541666666667],[102.80041666666666,21.38541666666667],[102.80041666666666,21.385416666666686],[102.80125,21.38541666666667]]],[[[102.80208333333333,21.38708333333335],[102.80208333333333,21.387083333333337],[102.80125,21.387083333333337],[102.80125,21.38708333333335],[102.80208333333333,21.38708333333335]]],[[[102.80208333333333,21.388750000000016],[102.80291666666666,21.388750000000016],[102.80291666666666,21.38875],[102.80208333333333,21.388750000000016]]],[[[102.80458333333333,21.39041666666667],[102.80375,21.39041666666667],[102.80291666666666,21.39041666666667],[102.80291666666666,21.390416666666685],[102.80458333333333,21.39041666666667]]],[[[102.80541666666666,21.392083333333336],[102.80458333333333,21.392083333333336],[102.80458333333333,21.39208333333335],[102.80541666666666,21.392083333333336]]],[[[102.80624999999999,21.395416666666684],[102.80624999999999,21.39541666666667],[102.80541666666666,21.39541666666667],[102.80541666666666,21.395416666666684],[102.80624999999999,21.395416666666684]]],[[[102.81208333333332,21.396250000000016],[102.81208333333332,21.397083333333352],[102.81291666666665,21.397916666666685],[102.81375,21.397916666666685],[102.81041666666667,21.394583333333337],[102.80625,21.394583333333337],[102.81208333333332,21.396250000000016]]],[[[102.82041666666666,21.397916666666685],[102.82041666666666,21.397916666666667],[102.81791666666666,21.397916666666667],[102.81791666666666,21.397916666666685],[102.82041666666666,21.397916666666685]]],[[[102.83041666666666,21.399583333333336],[102.83041666666666,21.398750000000003],[102.82958333333333,21.398750000000003],[102.82958333333333,21.397916666666667],[102.82541666666667,21.397916666666667],[102.83041666666666,21.399583333333336]]],[[[102.81375,21.398750000000003],[102.81375,21.398750000000017],[102.81458333333333,21.398750000000017],[102.81458333333333,21.398750000000003],[102.81375,21.398750000000003]]],[[[102.81791666666666,21.398750000000003],[102.81541666666666,21.398750000000003],[102.81541666666666,21.398750000000017],[102.81791666666666,21.398750000000003]]],[[[102.82041666666666,21.398750000000003],[102.82041666666666,21.398750000000017],[102.82541666666665,21.398750000000017],[102.82541666666665,21.398750000000003],[102.82041666666666,21.398750000000003]]],[[[102.81541666666666,21.399583333333336],[102.81458333333333,21.399583333333336],[102.81458333333333,21.39958333333335],[102.81541666666666,21.399583333333336]]],[[[102.83125,21.402083333333337],[102.83125,21.40208333333335],[102.83458333333333,21.40208333333335],[102.83458333333333,21.402083333333337],[102.83125,21.402083333333337]]],[[[102.83458333333333,21.40291666666667],[102.83458333333333,21.402916666666684],[102.83541666666666,21.402916666666684],[102.83541666666666,21.40291666666667],[102.83458333333333,21.40291666666667]]],[[[102.83541666666666,21.403750000000002],[102.83541666666666,21.403750000000016],[102.83624999999999,21.403750000000016],[102.83624999999999,21.403750000000002],[102.83541666666666,21.403750000000002]]],[[[102.83708333333333,21.404583333333335],[102.83624999999999,21.404583333333335],[102.83624999999999,21.40458333333335],[102.83708333333333,21.404583333333335]]],[[[102.83875,21.405416666666667],[102.83708333333333,21.405416666666667],[102.83874999999999,21.405416666666685],[102.83874999999999,21.40708333333335],[102.83958333333332,21.407916666666683],[102.84124999999999,21.407916666666683],[102.84124999999999,21.40875000000002],[102.84208333333332,21.40958333333335],[102.84374999999999,21.40958333333335],[102.84374999999999,21.410416666666684],[102.84458333333332,21.411250000000017],[102.84541666666667,21.411250000000017],[102.84375,21.409583333333337],[102.84208333333333,21.409583333333337],[102.84125,21.407916666666672],[102.83958333333334,21.407916666666672],[102.83875,21.405416666666667]]],[[[102.84541666666667,21.41208333333335],[102.84625,21.41208333333335],[102.84708333333333,21.41208333333335],[102.84708333333333,21.412083333333335],[102.84541666666667,21.41208333333335]]],[[[102.84708333333333,21.412916666666668],[102.84708333333333,21.412916666666685],[102.84791666666666,21.412916666666685],[102.84791666666666,21.412916666666668],[102.84708333333333,21.412916666666668]]],[[[102.86708333333333,21.412916666666685],[102.86708333333333,21.412916666666668],[102.86458333333333,21.412916666666668],[102.86458333333333,21.412916666666685],[102.86708333333333,21.412916666666685]]],[[[102.86458333333333,21.413750000000004],[102.86375,21.413750000000004],[102.86375,21.413750000000018],[102.86458333333333,21.413750000000004]]],[[[102.86708333333333,21.413750000000004],[102.86708333333333,21.413750000000018],[102.86791666666666,21.413750000000018],[102.86791666666666,21.413750000000004],[102.86708333333333,21.413750000000004]]],[[[102.85708333333332,21.41458333333335],[102.85708333333332,21.414583333333336],[102.85625,21.414583333333336],[102.85625,21.41458333333335],[102.85708333333332,21.41458333333335]]],[[[102.86041666666665,21.415416666666683],[102.86208333333332,21.415416666666683],[102.85958333333333,21.413750000000004],[102.85708333333334,21.413750000000004],[102.86041666666665,21.415416666666683]]],[[[102.86208333333333,21.414583333333336],[102.86208333333333,21.41458333333335],[102.86375,21.41458333333335],[102.86375,21.414583333333336],[102.86208333333333,21.414583333333336]]],[[[102.84875,21.414583333333336],[102.84791666666666,21.414583333333336],[102.84958333333333,21.41458333333335],[102.84875,21.414583333333336]]],[[[102.85291666666666,21.415416666666683],[102.85374999999999,21.415416666666683],[102.85374999999999,21.41541666666667],[102.85291666666666,21.415416666666683]]],[[[102.85624999999999,21.41541666666667],[102.85458333333332,21.41541666666667],[102.85458333333332,21.415416666666683],[102.85624999999999,21.41541666666667]]],[[[102.85125,21.415416666666683],[102.85125,21.41541666666667],[102.84958333333333,21.41541666666667],[102.84958333333333,21.415416666666683],[102.85125,21.415416666666683]]],[[[102.86875,21.414583333333336],[102.86791666666666,21.414583333333336],[102.86874999999999,21.41458333333335],[102.86874999999999,21.416250000000016],[102.86958333333334,21.417083333333338],[102.86875,21.414583333333336]]],[[[102.85458333333332,21.416250000000005],[102.85374999999999,21.416250000000005],[102.85374999999999,21.416250000000016],[102.85458333333332,21.416250000000005]]],[[[102.85125,21.416250000000016],[102.85291666666666,21.416250000000016],[102.85291666666666,21.416250000000005],[102.85125,21.416250000000016]]],[[[102.87041666666666,21.425416666666685],[102.87291666666665,21.425416666666685],[102.86874999999999,21.417083333333352],[102.86874999999999,21.42125000000002],[102.87041666666666,21.425416666666685]]],[[[102.87875,21.424583333333352],[102.87875,21.424583333333338],[102.87291666666667,21.424583333333338],[102.87291666666667,21.424583333333352],[102.87875,21.424583333333352]]],[[[102.87875,21.42541666666667],[102.87875,21.425416666666685],[102.87958333333333,21.425416666666685],[102.87958333333333,21.42541666666667],[102.87875,21.42541666666667]]],[[[102.88041666666666,21.426250000000003],[102.87958333333333,21.426250000000003],[102.87958333333333,21.426250000000017],[102.88041666666666,21.426250000000003]]],[[[102.88291666666666,21.426250000000003],[102.88291666666666,21.426250000000017],[102.88458333333332,21.426250000000017],[102.88458333333332,21.426250000000003],[102.88291666666666,21.426250000000003]]],[[[102.88125,21.42708333333335],[102.88125,21.427083333333336],[102.88041666666666,21.427083333333336],[102.88041666666666,21.42708333333335],[102.88125,21.42708333333335]]],[[[102.88208333333333,21.42708333333335],[102.88291666666666,21.42708333333335],[102.88291666666666,21.427083333333336],[102.88208333333333,21.42708333333335]]],[[[102.88541666666666,21.42708333333335],[102.88541666666666,21.427083333333336],[102.88458333333332,21.427083333333336],[102.88458333333332,21.42708333333335],[102.88541666666666,21.42708333333335]]],[[[102.88125,21.427916666666682],[102.88208333333333,21.427916666666682],[102.88208333333333,21.42791666666667],[102.88125,21.427916666666682]]],[[[103.86596000000003,10.299580000000049],[103.83837000000005,10.367710000000045],[103.97692000000006,10.433610000000044],[104.01239000000004,10.439430000000073],[104.07526000000007,10.377500000000055],[104.08663000000007,10.247360000000072],[104.02639000000005,10.080280000000073],[103.92859000000004,10.275690000000054],[103.86596000000003,10.299580000000049]]],[[[106.82719000000003,10.620550000000037],[106.85648000000003,10.60388000000006],[106.85829000000007,10.583880000000079],[106.83756000000005,10.573160000000087],[106.87234000000007,10.502920000000074],[106.85734000000008,10.40674000000007],[106.84192000000007,10.402220000000057],[106.75554000000005,10.48139000000009],[106.74983000000003,10.558610000000044],[106.78467000000006,10.574610000000064],[106.77803000000006,10.62417000000005],[106.75230000000005,10.658970000000068],[106.78173000000004,10.663170000000036],[106.82719000000003,10.620550000000037]]],[[[106.27708333333334,9.701250000000005],[106.16291666666666,9.713750000000005],[106.20291666666667,9.752916666666671],[106.20458333333333,9.793750000000006],[106.27041666666666,9.80958333333334],[106.22541666666666,9.822916666666671],[106.21124999999999,9.843750000000004],[106.18625,9.836250000000007],[106.14125,9.91791666666667],[106.11208333333333,9.881250000000005],[106.04625,9.896250000000006],[106.04791666666667,9.91791666666667],[106.07208333333332,9.916250000000005],[106.07708333333333,9.933750000000007],[106.05458333333333,9.937083333333337],[106.01541666666667,9.987083333333338],[106.01958333333333,10.00458333333334],[105.98958333333333,10.018750000000004],[105.99208333333333,10.058750000000007],[105.89958333333333,10.052916666666672],[105.90541666666667,10.027916666666673],[105.90125,10.023750000000007],[105.86625,10.046250000000004],[105.85541666666666,10.077083333333338],[105.86958333333334,10.082083333333337],[105.86791666666666,10.08541666666667],[105.83041666666666,10.098750000000006],[105.82374999999999,10.069583333333338],[105.78458333333333,10.07458333333334],[105.76458333333333,10.104583333333338],[105.77625,10.162083333333339],[105.74791666666667,10.117083333333337],[105.73958333333333,10.134583333333339],[105.71708333333333,10.132916666666674],[105.63541666666666,10.190416666666671],[105.61958333333334,10.227916666666673],[105.68625,10.30791666666667],[105.67208333333333,10.319583333333338],[105.67791666666666,10.36458333333334],[105.70208333333333,10.38708333333334],[105.64874999999999,10.407916666666672],[105.59125,10.398750000000007],[105.55458333333333,10.428750000000004],[105.54541666666667,10.413750000000004],[105.54791666666667,10.43458333333334],[105.48208333333334,10.52458333333334],[105.42041666666667,10.547916666666673],[105.41208333333333,10.584583333333338],[105.35125,10.624583333333337],[105.35208333333333,10.67541666666667],[105.38041666666666,10.701250000000005],[105.34208333333333,10.80041666666667],[105.35458333333332,10.802916666666672],[105.34041666666667,10.810416666666672],[105.35374999999999,10.83541666666667],[105.32041666666666,10.87958333333334],[105.29208333333332,10.976250000000004],[105.34958333333333,10.998750000000005],[105.35291666666666,11.027083333333337],[105.33375,11.041250000000005],[105.35541666666666,11.069583333333338],[105.37458333333333,11.054583333333337],[105.39541666666666,11.060416666666672],[105.38291666666666,11.107916666666672],[105.39791666666666,11.126250000000006],[105.43541666666667,11.091250000000006],[105.45458333333333,11.099583333333339],[105.45375,11.053750000000004],[105.54291666666666,11.032916666666672],[105.55458333333333,11.043750000000006],[105.54625,11.072916666666671],[105.57041666666666,11.111250000000005],[105.56708333333333,11.180416666666673],[105.54791666666667,11.216250000000006],[105.52625,11.223750000000006],[105.51458333333333,11.26208333333334],[105.53625,11.24541666666667],[105.53708333333333,11.260416666666671],[105.55875,11.257083333333338],[105.57875,11.277916666666673],[105.54375,11.280416666666671],[105.52875,11.351250000000004],[105.50208333333333,11.359583333333337],[105.48125,11.407916666666672],[105.50958333333332,11.447916666666671],[105.54041666666666,11.456250000000004],[105.53208333333333,11.482083333333339],[105.55541666666666,11.490416666666672],[105.54458333333334,11.532916666666672],[105.56041666666667,11.568750000000005],[105.51625,11.560416666666672],[105.47125,11.58541666666667],[105.44874999999999,11.62041666666667],[105.40875,11.62958333333334],[105.42958333333333,11.634583333333339],[105.42625,11.68291666666667],[105.44708333333332,11.699583333333337],[105.47375,11.69541666666667],[105.44708333333332,11.792083333333338],[105.52458333333333,11.814583333333339],[105.55791666666667,11.919583333333339],[105.58125,11.916250000000005],[105.63458333333332,11.99541666666667],[105.68958333333333,11.958750000000006],[105.69791666666666,11.931250000000006],[105.75958333333332,11.90708333333334],[105.77958333333333,11.936250000000005],[105.80125,11.917083333333338],[105.85374999999999,11.947083333333339],[105.98291666666667,11.95458333333334],[106.00125,11.916250000000005],[106.03625,11.912916666666671],[106.07041666666666,11.885416666666671],[106.07458333333332,11.86291666666667],[106.11291666666666,11.86458333333334],[106.13125,11.85541666666667],[106.13208333333333,11.831250000000004],[106.22375,11.79291666666667],[106.25625,11.793750000000006],[106.28041666666667,11.818750000000005],[106.30041666666666,11.802916666666672],[106.34541666666667,11.847083333333337],[106.36875,11.843750000000004],[106.42791666666666,11.878750000000004],[106.47291666666666,11.94208333333334],[106.51208333333332,11.935416666666672],[106.53875,11.957916666666673],[106.57124999999999,11.940416666666671],[106.55958333333334,11.918750000000006],[106.62708333333333,11.880416666666672],[106.68875,11.876250000000006],[106.70208333333333,11.883750000000006],[106.69874999999999,11.91041666666667],[106.74875,11.941250000000004],[106.77374999999999,11.922083333333337],[106.79374999999999,11.93458333333334],[106.80791666666667,11.91791666666667],[106.80541666666666,11.93791666666667],[106.83375,11.947083333333339],[106.83875,12.038750000000004],[106.90791666666667,12.02291666666667],[106.95875,12.053750000000004],[106.99708333333334,12.144583333333337],[107.08708333333333,12.224583333333339],[107.11625,12.313750000000006],[107.15375,12.330416666666672],[107.20375,12.319583333333338],[107.23541666666667,12.367083333333337],[107.25375,12.349583333333339],[107.31375,12.362083333333338],[107.32791666666667,12.340416666666673],[107.34625,12.343750000000004],[107.41708333333332,12.23791666666667],[107.45625,12.262916666666673],[107.44375,12.271250000000006],[107.45208333333333,12.29291666666667],[107.54958333333333,12.33708333333334],[107.59458333333333,12.303750000000004],[107.62125,12.232916666666672],[107.69541666666666,12.255416666666672],[107.72625,12.217083333333338],[107.73958333333333,12.147083333333338],[107.77541666666667,12.152916666666673],[107.79875,12.122916666666672],[107.77791666666667,12.06291666666667],[107.80541666666666,12.027916666666673],[107.79791666666667,11.976250000000004],[107.84958333333333,11.953750000000007],[107.82458333333332,11.927916666666672],[107.83541666666666,11.91791666666667],[107.82541666666665,11.893750000000004],[107.85125,11.886250000000004],[107.89208333333333,11.91458333333334],[107.91291666666666,11.902916666666673],[107.90791666666667,11.888750000000005],[107.94958333333332,11.874583333333337],[107.96375,11.893750000000004],[107.98375,11.89208333333334],[108.00708333333333,11.938750000000006],[108.02791666666667,11.907916666666672],[108.01958333333333,11.873750000000005],[108.04958333333333,11.857083333333339],[108.08041666666666,11.796250000000004],[108.12875,11.83541666666667],[108.13208333333333,11.878750000000004],[108.15458333333333,11.880416666666672],[108.17875,11.90708333333334],[108.17708333333333,11.946250000000006],[108.20125,11.994583333333338],[108.28125,12.07041666666667],[108.30541666666666,12.067916666666672],[108.34291666666667,12.106250000000006],[108.38875,12.102916666666673],[108.40791666666667,12.124583333333337],[108.43291666666667,12.128750000000004],[108.45875,12.107083333333339],[108.52875,12.163750000000004],[108.59125,12.150416666666672],[108.61541666666666,12.161250000000006],[108.61708333333333,12.191250000000004],[108.71791666666667,12.21208333333334],[108.69958333333332,12.244583333333338],[108.70708333333333,12.299583333333338],[108.68041666666666,12.31708333333334],[108.68875,12.37541666666667],[108.66791666666666,12.427916666666672],[108.70291666666667,12.462916666666672],[108.69874999999999,12.475416666666671],[108.74791666666667,12.479583333333338],[108.74708333333334,12.593750000000004],[108.76791666666666,12.613750000000003],[108.76625,12.67541666666667],[108.74458333333334,12.708750000000006],[108.69125,12.727083333333336],[108.67541666666666,12.767916666666672],[108.53125,12.751250000000006],[108.49541666666667,12.762083333333337],[108.42291666666667,12.856250000000006],[108.34208333333333,12.88291666666667],[108.31291666666667,12.909583333333337],[108.30291666666666,12.946250000000006],[108.32458333333332,12.998750000000005],[108.30458333333333,13.016250000000003],[108.32958333333333,13.116250000000004],[108.31208333333333,13.11291666666667],[108.29791666666667,13.14958333333334],[108.26541666666667,13.16041666666667],[108.26458333333333,13.231250000000006],[108.21375,13.304583333333337],[108.22708333333333,13.321250000000006],[108.20875,13.386250000000004],[108.22458333333333,13.391250000000003],[108.22458333333333,13.423750000000005],[108.18541666666667,13.46208333333334],[108.16291666666666,13.452083333333338],[108.13708333333332,13.499583333333337],[108.10374999999999,13.488750000000003],[108.09208333333333,13.573750000000004],[108.10708333333334,13.59041666666667],[108.10875,13.639583333333338],[108.05791666666667,13.736250000000005],[107.99958333333333,13.794583333333339],[107.99375,13.83541666666667],[108.01541666666667,13.887916666666673],[108.06708333333333,13.89791666666667],[108.09291666666667,13.93458333333334],[108.13708333333332,13.949583333333337],[108.12125,13.999583333333337],[108.16874999999999,14.02791666666667],[108.22125,14.11791666666667],[108.26458333333333,14.118750000000006],[108.25375,14.15291666666667],[108.26791666666666,14.167083333333338],[108.26875,14.23041666666667],[108.33708333333333,14.243750000000006],[108.39041666666667,14.303750000000004],[108.39708333333333,14.321250000000003],[108.37708333333333,14.336250000000003],[108.38208333333333,14.351250000000004],[108.36125,14.376250000000006],[108.37041666666667,14.40291666666667],[108.35291666666666,14.42541666666667],[108.38041666666666,14.491250000000004],[108.36791666666666,14.502916666666671],[108.39458333333333,14.534583333333337],[108.35708333333334,14.568750000000005],[108.37458333333333,14.599583333333339],[108.39458333333333,14.600416666666671],[108.38125,14.611250000000005],[108.38041666666666,14.668750000000003],[108.36625,14.679583333333337],[108.26041666666666,14.669583333333339],[108.24958333333333,14.682083333333338],[108.25708333333333,14.718750000000004],[108.28375,14.727083333333336],[108.29958333333333,14.808750000000003],[108.28375,14.818750000000005],[108.25791666666666,14.796250000000004],[108.23791666666666,14.803750000000004],[108.22874999999999,14.844583333333336],[108.19208333333333,14.85541666666667],[108.19291666666666,14.89958333333334],[108.17958333333333,14.909583333333337],[108.20125,14.948750000000004],[108.19375,14.969583333333336],[108.17041666666667,14.981250000000003],[108.08875,14.90291666666667],[108.04708333333333,14.943750000000005],[108.06291666666667,14.967916666666671],[108.05541666666666,14.981250000000003],[108.01958333333333,15.002083333333339],[107.99041666666666,14.998750000000005],[107.95791666666666,15.037083333333339],[107.93208333333334,14.999583333333337],[107.90708333333333,15.00041666666667],[107.87791666666666,15.05541666666667],[107.86791666666666,15.033750000000005],[107.79458333333334,15.037083333333339],[107.78875,15.112083333333338],[107.76208333333332,15.167083333333338],[107.77458333333333,15.223750000000003],[107.71375,15.203750000000003],[107.68791666666667,15.234583333333337],[107.68625,15.282916666666672],[107.60958333333333,15.33541666666667],[107.59708333333333,15.384583333333339],[107.61458333333333,15.401250000000005],[107.55958333333334,15.396250000000006],[107.51541666666667,15.411250000000003],[107.52708333333334,15.43791666666667],[107.51791666666666,15.48791666666667],[107.49708333333334,15.477083333333336],[107.47375,15.496250000000003],[107.39041666666667,15.49541666666667],[107.39208333333333,15.52041666666667],[107.34875,15.577083333333338],[107.35208333333333,15.609583333333337],[107.31625,15.638750000000005],[107.28791666666666,15.62541666666667],[107.27541666666667,15.634583333333339],[107.26458333333333,15.662916666666671],[107.27708333333334,15.707083333333337],[107.21208333333333,15.73041666666667],[107.22874999999999,15.802916666666672],[107.21541666666667,15.823750000000004],[107.23291666666667,15.843750000000004],[107.30958333333334,15.866250000000004],[107.32791666666667,15.89041666666667],[107.37291666666667,15.898750000000003],[107.38541666666666,15.887083333333337],[107.40625,15.901250000000005],[107.46541666666667,16.01708333333334],[107.44708333333332,16.038750000000004],[107.45958333333333,16.07791666666667],[107.44708333333332,16.089583333333337],[107.40708333333333,16.082083333333337],[107.39125,16.059583333333336],[107.37958333333333,16.071250000000003],[107.35041666666666,16.164583333333336],[107.27541666666667,16.251250000000002],[107.25791666666666,16.253750000000004],[107.25208333333333,16.30041666666667],[107.21124999999999,16.331250000000004],[107.22041666666667,16.36291666666667],[107.10125,16.391250000000003],[107.08458333333333,16.351250000000004],[107.09041666666667,16.309583333333336],[107.04708333333333,16.297083333333337],[107.00625,16.313750000000002],[106.96958333333333,16.303750000000004],[106.96291666666667,16.358750000000004],[106.92791666666666,16.358750000000004],[106.87125,16.429583333333337],[106.88875,16.449583333333337],[106.87625,16.471250000000005],[106.88624999999999,16.522083333333338],[106.82291666666666,16.558750000000003],[106.77041666666666,16.558750000000003],[106.77625,16.589583333333337],[106.75958333333332,16.626250000000002],[106.66291666666666,16.686250000000005],[106.63708333333332,16.734583333333337],[106.60791666666667,16.741250000000004],[106.61958333333334,16.79541666666667],[106.60875,16.81458333333334],[106.63875,16.852083333333336],[106.62541666666667,16.862083333333338],[106.69291666666666,16.883750000000003],[106.68125,16.908750000000005],[106.69791666666666,16.928750000000004],[106.69375,16.95541666666667],[106.66125,16.937083333333337],[106.60624999999999,16.93958333333334],[106.58624999999999,16.973750000000003],[106.59291666666667,16.987083333333338],[106.54958333333333,16.998750000000005],[106.51625,16.971250000000005],[106.46291666666667,16.989583333333336],[106.45375,16.962916666666672],[106.40958333333333,16.98541666666667],[106.39458333333333,16.963750000000005],[106.35374999999999,16.96541666666667],[106.34125,17.012083333333337],[106.32041666666666,17.024583333333336],[106.21958333333333,17.04291666666667],[106.20208333333333,17.071250000000003],[106.23708333333333,17.073750000000004],[106.23041666666666,17.101250000000004],[106.17958333333333,17.13458333333334],[106.10208333333333,17.12791666666667],[106.07208333333332,17.157916666666672],[106.07708333333333,17.177916666666672],[106.00458333333333,17.206250000000004],[105.92791666666666,17.27958333333334],[105.88125,17.293750000000003],[105.88791666666667,17.357083333333335],[105.80291666666666,17.402083333333337],[105.84875,17.463750000000005],[105.94291666666666,17.402083333333337],[105.97541666666666,17.39791666666667],[105.99541666666667,17.406250000000004],[105.96875,17.429583333333337],[105.97874999999999,17.46041666666667],[106.04208333333332,17.454583333333336],[106.06208333333333,17.47541666666667],[106.10208333333333,17.481250000000003],[106.09541666666667,17.50958333333334],[106.05958333333334,17.50541666666667],[106.01791666666666,17.541250000000005],[105.97625,17.54041666666667],[105.93124999999999,17.613750000000003],[105.89458333333333,17.60291666666667],[105.88624999999999,17.624583333333337],[105.86874999999999,17.63291666666667],[105.85458333333332,17.61791666666667],[105.79124999999999,17.671250000000004],[105.75125,17.66791666666667],[105.74291666666666,17.72291666666667],[105.72958333333332,17.722083333333337],[105.72958333333332,17.74458333333334],[105.67458333333333,17.79541666666667],[105.68375,17.833750000000002],[105.60875,17.89041666666667],[105.64375,17.992083333333337],[105.58624999999999,18.012083333333337],[105.57208333333332,18.08041666666667],[105.54208333333332,18.082083333333337],[105.53875,18.11958333333334],[105.50625,18.123750000000005],[105.51124999999999,18.161250000000003],[105.49541666666667,18.198750000000004],[105.43958333333333,18.216250000000002],[105.41208333333333,18.15541666666667],[105.38458333333332,18.169583333333335],[105.36791666666666,18.16041666666667],[105.32291666666666,18.19791666666667],[105.32875,18.264583333333338],[105.25625,18.259583333333335],[105.24291666666666,18.296250000000004],[105.18458333333334,18.324583333333337],[105.19541666666666,18.383750000000003],[105.15291666666667,18.38791666666667],[105.12291666666667,18.419583333333335],[105.10208333333333,18.373750000000005],[105.05791666666667,18.396250000000002],[105.06041666666667,18.43208333333334],[105.10875,18.46541666666667],[105.11458333333333,18.53708333333334],[105.14041666666667,18.562083333333337],[105.13458333333332,18.59041666666667],[105.16291666666666,18.615416666666672],[105.18875,18.602083333333336],[105.19541666666666,18.64791666666667],[105.12625,18.701250000000005],[105.05291666666666,18.706250000000004],[105.05958333333334,18.723750000000003],[105.02041666666666,18.73041666666667],[105.01958333333333,18.74458333333334],[104.94208333333333,18.738750000000003],[104.92375,18.78541666666667],[104.85625,18.774583333333336],[104.79458333333334,18.783750000000005],[104.78458333333333,18.802083333333336],[104.73875,18.80041666666667],[104.71124999999999,18.837083333333336],[104.67541666666666,18.837916666666672],[104.62791666666666,18.888750000000005],[104.57958333333333,18.902083333333337],[104.53041666666667,18.98541666666667],[104.51291666666667,18.981250000000003],[104.48541666666667,19.00541666666667],[104.44791666666666,18.98541666666667],[104.40208333333334,19.037916666666668],[104.40291666666667,19.056250000000006],[104.30958333333334,19.088750000000005],[104.30208333333333,19.11291666666667],[104.28125,19.12041666666667],[104.17458333333333,19.106250000000003],[104.15458333333333,19.11791666666667],[104.13374999999999,19.087916666666672],[104.11208333333333,19.089583333333337],[104.08541666666666,19.049583333333338],[104.11375,19.01291666666667],[104.08041666666666,18.963750000000005],[104.02208333333333,19.004583333333336],[103.99625,18.997083333333336],[103.98541666666667,18.974583333333335],[103.94041666666666,18.982083333333335],[103.93124999999999,19.01041666666667],[103.85208333333333,19.022083333333335],[103.82041666666666,19.05291666666667],[103.80458333333333,19.14208333333334],[103.76375,19.156250000000004],[103.76625,19.20125],[103.74541666666667,19.20291666666667],[103.73125,19.227083333333336],[103.69958333333334,19.227083333333336],[103.66624999999999,19.278750000000002],[103.61625,19.288750000000004],[103.61291666666666,19.31041666666667],[103.55791666666667,19.294583333333335],[103.54041666666666,19.321250000000003],[103.50208333333333,19.313750000000006],[103.49291666666666,19.357083333333335],[103.50958333333332,19.378750000000004],[103.41624999999999,19.378750000000004],[103.29958333333333,19.41791666666667],[103.30458333333333,19.46208333333334],[103.32958333333333,19.463750000000005],[103.36791666666666,19.547083333333337],[103.38875,19.55791666666667],[103.39541666666666,19.643750000000004],[103.38208333333333,19.64791666666667],[103.38875,19.66791666666667],[103.36708333333333,19.673750000000005],[103.38624999999999,19.698750000000004],[103.38958333333333,19.74291666666667],[103.44208333333333,19.75291666666667],[103.49875,19.717916666666667],[103.54791666666667,19.737083333333338],[103.58458333333333,19.721250000000005],[103.62041666666667,19.728750000000005],[103.61791666666666,19.789583333333336],[103.66708333333332,19.793750000000003],[103.68625,19.817083333333336],[103.70291666666667,19.809583333333336],[103.70291666666667,19.922083333333337],[103.63791666666667,19.92541666666667],[103.60708333333334,19.953750000000003],[103.61625,19.920416666666668],[103.58291666666666,19.901250000000005],[103.55041666666666,19.911250000000003],[103.53041666666667,19.978750000000005],[103.45875,20.016250000000003],[103.47291666666666,20.03541666666667],[103.46208333333333,20.08541666666667],[103.49125,20.11041666666667],[103.47375,20.166250000000005],[103.45291666666667,20.181250000000006],[103.42791666666666,20.170416666666668],[103.39541666666666,20.20041666666667],[103.36041666666667,20.20458333333334],[103.37208333333334,20.24125],[103.35708333333334,20.272083333333335],[103.31541666666666,20.24125],[103.28458333333333,20.313750000000002],[103.22874999999999,20.308750000000003],[103.23875,20.352083333333336],[103.21541666666667,20.379583333333336],[103.23791666666666,20.41791666666667],[103.19624999999999,20.431250000000006],[103.15875,20.467916666666667],[103.21708333333333,20.52041666666667],[103.20458333333333,20.591250000000002],[103.25458333333333,20.57958333333334],[103.28125,20.60291666666667],[103.30291666666666,20.588750000000005],[103.33208333333333,20.603750000000005],[103.34458333333333,20.632083333333334],[103.26291666666667,20.72291666666667],[103.30208333333333,20.746250000000003],[103.25791666666666,20.779583333333335],[103.26458333333333,20.82291666666667],[103.24125,20.83541666666667],[103.22291666666666,20.82625],[103.20375,20.848750000000003],[103.18541666666667,20.839583333333337],[103.11375,20.896250000000002],[103.05958333333334,20.999583333333337],[103.11708333333333,21.032916666666672],[103.13708333333334,21.022916666666667],[103.15958333333333,21.06041666666667],[103.15791666666667,21.11625],[103.18125,21.13875],[103.12791666666666,21.161250000000003],[103.09875,21.210416666666667],[103.19458333333333,21.281250000000004],[103.15375,21.333750000000002],[103.16291666666666,21.37791666666667],[103.18041666666666,21.389583333333334],[103.17875,21.484583333333337],[103.10458333333332,21.612916666666685],[103.15124999999999,21.640416666666685],[103.25791666666666,21.65708333333335],[103.25625,21.681250000000016],[103.31958333333333,21.653750000000016],[103.39041666666665,21.655416666666685],[103.38958333333332,21.677916666666682],[103.43458333333332,21.73708333333335],[103.48291666666665,21.68208333333335],[103.55041666666666,21.638750000000016],[103.53875,21.60958333333335],[103.52208333333333,21.617916666666684],[103.50708333333333,21.604583333333352],[103.51124999999999,21.572916666666682],[103.58041666666665,21.54708333333335],[103.62708333333333,21.50208333333335],[103.60374999999999,21.461250000000017],[103.63541666666666,21.42958333333335],[103.59374999999999,21.395416666666684],[103.59958333333333,21.372916666666683],[103.67291666666665,21.360416666666683],[103.72541666666666,21.386250000000018],[103.79041666666666,21.305416666666684],[103.78791666666666,21.21458333333335],[103.98791666666665,21.11458333333335],[104.01374999999999,21.12958333333335],[104.11708333333333,21.042083333333352],[104.11791666666666,21.005416666666683],[104.14291666666665,20.97708333333335],[104.24374999999999,20.931250000000016],[104.24708333333332,20.90125000000002],[104.27874999999999,20.92708333333335],[104.29291666666666,20.92208333333335],[104.33124999999998,20.883750000000017],[104.32791666666665,20.856250000000017],[104.48208333333332,20.770416666666684],[104.49541666666666,20.71375000000002],[104.52041666666666,20.70125000000002],[104.60374999999999,20.740416666666686],[104.61458333333333,20.766250000000017],[104.63791666666665,20.762916666666683],[104.63874999999999,20.786250000000017],[104.67875,20.772916666666685],[104.70458333333332,20.78958333333335],[104.74125,20.767916666666686],[104.86708333333333,20.757916666666684],[104.87124999999999,20.786250000000017],[104.99958333333332,20.69708333333335],[105.04208333333332,20.69708333333335],[105.06458333333332,20.723750000000017],[105.11541666666666,20.71375000000002],[105.15374999999999,20.72708333333335],[105.19291666666666,20.690416666666685],[105.25625,20.687916666666684],[105.28124999999999,20.67125000000002],[105.31958333333333,20.60875000000002],[105.35041666666666,20.602916666666683],[105.39874999999999,20.633750000000017],[105.42041666666665,20.66458333333335],[105.40624999999999,20.70125000000002],[105.37541666666665,20.72708333333335],[105.34541666666665,20.72125000000002],[105.32958333333332,20.75458333333335],[105.34374999999999,20.742916666666684],[105.37458333333332,20.750416666666684],[105.38458333333332,20.845416666666683],[105.41208333333333,20.854583333333352],[105.39291666666665,20.857916666666686],[105.38791666666665,20.878750000000018],[105.45458333333332,20.912916666666685],[105.46708333333332,20.945416666666684],[105.41125,20.95458333333335],[105.38624999999999,21.02708333333335],[105.33208333333332,21.09458333333335],[105.32708333333332,21.128750000000018],[105.36374999999998,21.140416666666685],[105.38041666666666,21.17208333333335],[105.36874999999999,21.198750000000018],[105.35125,21.197916666666686],[105.36291666666665,21.280416666666685],[105.41125,21.286250000000017],[105.43708333333332,21.253750000000018],[105.42291666666665,21.197916666666686],[105.44458333333333,21.197916666666686],[105.45958333333333,21.161250000000017],[105.52874999999999,21.148750000000017],[105.56458333333332,21.098750000000017],[105.61041666666665,21.090416666666684],[105.61708333333333,21.073750000000018],[105.63874999999999,21.083750000000016],[105.66375,21.05458333333335],[105.64958333333333,21.087916666666683],[105.69291666666666,21.076250000000016],[105.72041666666665,21.04625000000002],[105.75124999999998,21.058750000000018],[105.73208333333332,21.08125000000002],[105.81374999999998,21.087916666666683],[105.85708333333332,21.032916666666683],[105.86541666666666,20.982916666666686],[105.88624999999999,20.97875000000002],[105.89374999999998,20.993750000000016],[105.87124999999999,20.935416666666683],[105.90291666666666,20.91208333333335],[105.87041666666666,20.863750000000017],[105.87541666666665,20.82958333333335],[105.89625,20.778750000000016],[105.96124999999999,20.76708333333335],[105.94291666666666,20.72208333333335],[105.96874999999999,20.695416666666684],[105.95791666666665,20.65208333333335],[105.98458333333332,20.64958333333335],[105.99874999999999,20.628750000000018],[105.98791666666665,20.583750000000016],[106.02708333333332,20.571250000000017],[106.02874999999999,20.535416666666684],[105.99291666666666,20.56125000000002],[105.96124999999999,20.54625000000002],[105.96291666666666,20.530416666666685],[105.91958333333332,20.523750000000017],[105.93041666666666,20.493750000000016],[105.95124999999999,20.488750000000017],[105.95124999999999,20.435416666666686],[105.92124999999999,20.415416666666683],[105.93541666666665,20.38875000000002],[105.97791666666666,20.367916666666684],[106.01208333333332,20.400416666666686],[106.00458333333333,20.42208333333335],[106.01958333333332,20.462916666666686],[106.02874999999999,20.446250000000017],[106.04958333333332,20.472916666666684],[106.10041666666666,20.455416666666686],[106.09875,20.485416666666683],[106.13708333333332,20.49875000000002],[106.14208333333332,20.467916666666685],[106.17541666666665,20.46958333333335],[106.17541666666665,20.426250000000017],[106.16041666666666,20.420416666666686],[106.13958333333332,20.36458333333335],[106.15541666666665,20.352916666666683],[106.20124999999999,20.362916666666685],[106.17624999999998,20.322916666666686],[106.23124999999999,20.341250000000016],[106.25208333333332,20.327916666666685],[106.25124999999998,20.297916666666683],[106.22291666666666,20.300416666666685],[106.22541666666666,20.278750000000016],[106.26041666666666,20.264583333333352],[106.25791666666666,20.232916666666686],[106.28708333333333,20.22208333333335],[106.29791666666665,20.19958333333335],[106.33041666666665,20.21458333333335],[106.31958333333333,20.24708333333335],[106.34374999999999,20.302916666666686],[106.42875,20.278750000000016],[106.41708333333332,20.294583333333353],[106.43708333333332,20.322916666666686],[106.40374999999999,20.340416666666684],[106.40208333333332,20.377916666666685],[106.37541666666665,20.370416666666685],[106.36124999999998,20.39458333333335],[106.35458333333332,20.378750000000018],[106.31958333333333,20.39458333333335],[106.30208333333331,20.368750000000016],[106.28875,20.397916666666685],[106.30124999999998,20.41958333333335],[106.24624999999999,20.41625000000002],[106.24708333333332,20.438750000000017],[106.28458333333333,20.44958333333335],[106.29291666666666,20.437916666666684],[106.30708333333332,20.461250000000017],[106.30041666666665,20.48958333333335],[106.33124999999998,20.512916666666683],[106.31208333333332,20.52708333333335],[106.33791666666666,20.535416666666684],[106.28291666666665,20.53958333333335],[106.24541666666666,20.595416666666683],[106.21708333333332,20.602916666666683],[106.21791666666665,20.620416666666685],[106.24374999999999,20.665416666666683],[106.26791666666665,20.65208333333335],[106.29124999999999,20.660416666666684],[106.28208333333332,20.687916666666684],[106.39374999999998,20.69375000000002],[106.40458333333332,20.722916666666684],[106.44125,20.687916666666684],[106.46874999999999,20.707916666666684],[106.46624999999999,20.740416666666686],[106.48624999999998,20.727916666666683],[106.50458333333333,20.737916666666685],[106.50874999999999,20.697916666666686],[106.53291666666665,20.73208333333335],[106.52958333333332,20.78958333333335],[106.49208333333333,20.760416666666686],[106.45791666666665,20.77458333333335],[106.44874999999999,20.740416666666686],[106.41375,20.745416666666685],[106.39624999999998,20.72208333333335],[106.35458333333332,20.71375000000002],[106.33874999999999,20.723750000000017],[106.30791666666666,20.709583333333352],[106.29708333333332,20.725416666666685],[106.28791666666666,20.708750000000016],[106.25625,20.707916666666684],[106.24541666666666,20.717916666666685],[106.25708333333333,20.75708333333335],[106.24208333333333,20.766250000000017],[106.22958333333332,20.74125000000002],[106.21791666666665,20.75958333333335],[106.20208333333332,20.75458333333335],[106.21874999999999,20.711250000000017],[106.19125,20.702916666666685],[106.17124999999999,20.69958333333335],[106.16541666666666,20.725416666666685],[106.15041666666666,20.716250000000016],[106.13874999999999,20.72708333333335],[106.06791666666666,20.69708333333335],[106.04291666666666,20.716250000000016],[105.99624999999999,20.711250000000017],[105.97291666666666,20.73958333333335],[105.98041666666666,20.782916666666683],[105.93624999999999,20.787916666666685],[105.91791666666666,20.812916666666684],[105.91624999999999,20.82958333333335],[105.94958333333332,20.842916666666685],[105.95541666666665,20.88708333333335],[105.91958333333332,20.89208333333335],[105.91874999999999,20.925416666666685],[105.89374999999998,20.93458333333335],[105.91791666666666,20.980416666666684],[105.90541666666665,21.021250000000016],[105.87208333333332,21.027916666666684],[105.86208333333332,21.06125000000002],[105.89541666666665,21.062916666666684],[105.90374999999999,21.08875000000002],[105.87124999999999,21.071250000000017],[105.83541666666666,21.112916666666685],[105.75874999999999,21.10708333333335],[105.74208333333333,21.117916666666684],[105.75458333333333,21.15458333333335],[105.66874999999999,21.17208333333335],[105.63125,21.205416666666682],[105.62208333333332,21.202916666666685],[105.61958333333332,21.196250000000017],[105.63208333333333,21.180416666666684],[105.49708333333332,21.16458333333335],[105.47375,21.180416666666684],[105.45958333333333,21.23208333333335],[105.49791666666665,21.24958333333335],[105.48874999999998,21.297916666666683],[105.50874999999999,21.292083333333352],[105.54041666666666,21.316250000000018],[105.54458333333332,21.356250000000017],[105.54041666666666,21.36958333333335],[105.52208333333333,21.36625000000002],[105.52374999999999,21.397916666666685],[105.57541666666665,21.41208333333335],[105.64625,21.462916666666683],[105.63125,21.501250000000017],[105.49624999999999,21.617916666666684],[105.47958333333332,21.673750000000016],[105.49041666666666,21.688750000000017],[105.47124999999998,21.701250000000016],[105.51624999999999,21.73708333333335],[105.50874999999999,21.750416666666684],[105.52541666666666,21.76875000000002],[105.49458333333332,21.79708333333335],[105.49374999999999,21.828750000000017],[105.52791666666666,21.835416666666685],[105.51791666666665,21.87708333333335],[105.54708333333332,21.896250000000016],[105.55208333333333,21.953750000000017],[105.57874999999999,21.958750000000016],[105.58791666666666,22.006250000000016],[105.63458333333332,22.01708333333335],[105.66874999999999,22.047916666666683],[105.69541666666666,22.03708333333335],[105.70041666666665,22.053750000000015],[105.69291666666666,22.08958333333335],[105.66291666666666,22.08958333333335],[105.65124999999999,22.11458333333335],[105.63374999999999,22.115416666666682],[105.64041666666665,22.15958333333335],[105.60374999999999,22.205416666666682],[105.64291666666665,22.255416666666683],[105.77208333333333,22.27208333333335],[105.87708333333332,22.31708333333335],[105.92208333333332,22.285416666666684],[105.93541666666665,22.300416666666685],[105.96291666666666,22.28708333333335],[105.98624999999998,22.322916666666682],[105.94208333333333,22.341250000000016],[105.93874999999998,22.357916666666682],[105.97541666666666,22.397916666666685],[105.94874999999999,22.407916666666683],[105.95458333333332,22.457916666666684],[105.92291666666665,22.468750000000018],[105.92124999999999,22.490416666666682],[105.89625,22.508750000000017],[105.85708333333332,22.521250000000016],[105.87958333333333,22.53708333333335],[105.89124999999999,22.59958333333335],[105.83874999999999,22.652916666666684],[105.83874999999999,22.683750000000018],[105.85874999999999,22.700416666666683],[105.84208333333332,22.71791666666668],[105.85874999999999,22.73708333333335],[105.85624999999999,22.776250000000015],[105.80041666666665,22.827916666666685],[105.81625,22.83708333333335],[105.79624999999999,22.85208333333335],[105.84374999999999,22.87041666666668],[105.80041666666665,22.935416666666683],[105.80291666666666,22.99025746822874],[105.87707000000006,22.91253000000006],[105.99137000000007,22.938190000000077],[106.01485000000008,22.98249000000004],[106.13472000000007,22.98861000000005],[106.22359000000006,22.955550000000073],[106.25613000000004,22.87215000000009],[106.29429000000005,22.857080000000053],[106.34123000000005,22.853330000000085],[106.47361000000006,22.890550000000076],[106.52196000000004,22.932670000000087],[106.70289000000002,22.866940000000056],[106.77832000000006,22.80305000000004],[106.78749000000005,22.76389000000006],[106.71748000000008,22.630550000000085],[106.60713000000004,22.60493000000008],[106.55171000000007,22.45682000000005],[106.56498000000005,22.349300000000085],[106.64873000000006,22.328820000000064],[106.69220000000007,22.216310000000078],[106.67005000000006,22.20416000000006],[106.66858000000008,22.174720000000036],[106.69332000000003,22.030830000000037],[106.73749000000004,21.99972000000008],[107.02110000000005,21.939160000000072],[107.04401000000007,21.921390000000088],[107.04249000000004,21.889510000000087],[107.01583000000005,21.849860000000035],[107.02402000000006,21.820620000000076],[107.21361000000007,21.711520000000064],[107.29859000000005,21.729370000000074],[107.34040000000005,21.681380000000047],[107.36273000000006,21.605260000000044],[107.53179000000006,21.58639000000005],[107.66027000000003,21.61000000000007],[107.78305000000006,21.666940000000068],[107.86081000000007,21.647770000000037],[107.94748000000004,21.544440000000066],[107.99785000000003,21.53934000000004],[108.06429000000003,21.486660000000086],[107.93143000000003,21.439020000000085],[107.91547000000003,21.458260000000053],[107.92679000000004,21.484230000000082],[107.91540000000003,21.520140000000083],[107.85485000000006,21.525550000000067],[107.59478000000007,21.29278000000005],[107.48082000000005,21.290000000000077],[107.41651000000007,21.32597000000004],[107.36693000000002,21.265270000000044],[107.36282000000006,21.182360000000074],[107.38248000000004,21.135000000000048],[107.36267000000004,21.057700000000068],[107.37067000000008,21.025690000000054],[107.34998000000007,21.00882000000007],[107.23221000000007,20.993880000000047],[107.15443000000005,20.924990000000037],[107.07422000000003,20.95041000000009],[107.08429000000007,20.98625000000004],[107.14650000000006,21.036140000000046],[107.03720000000004,20.996660000000077],[107.01465000000007,20.950560000000053],[106.94147000000004,20.95338000000004],[106.87673000000007,20.988210000000038],[106.87040000000007,20.96041000000008],[106.92106000000007,20.93438000000009],[106.94288000000006,20.904820000000086],[106.88235000000003,20.90271000000007],[106.86263000000008,20.871180000000038],[106.83591000000007,20.916780000000074],[106.77539000000007,20.935790000000054],[106.82303000000007,20.96992000000006],[106.79137000000003,21.026110000000074],[106.64666000000005,21.021660000000054],[106.67096000000004,21.007570000000044],[106.67969000000005,20.95408000000009],[106.75888000000003,20.933880000000045],[106.74161000000004,20.886520000000075],[106.69588000000005,20.876670000000047],[106.74305000000004,20.840280000000064],[106.72527000000008,20.799720000000036],[106.77999000000005,20.74055000000004],[106.77693000000005,20.699160000000063],[106.64790000000005,20.626040000000046],[106.59721000000008,20.63259000000005],[106.62304000000006,20.59083000000004],[106.56708000000003,20.287010000000066],[106.52321000000006,20.31195000000008],[106.49551000000008,20.29967000000005],[106.53526000000005,20.29722000000004],[106.55734000000007,20.271250000000066],[106.52763000000004,20.24013000000008],[106.34194000000008,20.156940000000077],[106.17456000000004,19.986380000000054],[106.10581000000008,19.97076000000004],[106.11190000000005,20.028880000000072],[106.07714000000004,19.961730000000045],[106.02527000000003,19.990830000000074],[105.95679000000007,19.923050000000046],[105.91277000000008,19.79305000000005],[105.80859000000004,19.601110000000062],[105.81797000000006,19.565900000000056],[105.78484000000003,19.398190000000056],[105.80642000000006,19.27422000000007],[105.74275000000006,19.226380000000063],[105.61052000000007,19.00389000000007],[105.61387000000008,18.977220000000045],[105.63857000000007,18.89065000000005],[105.69595000000004,18.85666000000009],[105.75650000000007,18.765280000000075],[105.74970000000008,18.662490000000048],[105.79414000000003,18.671110000000056],[105.88361000000003,18.499160000000074],[106.11304000000007,18.27028000000007],[106.16208000000006,18.261670000000038],[106.27026000000006,18.19944000000004],[106.44386000000003,18.038050000000055],[106.50992000000008,17.95611000000008],[106.45374000000004,17.872910000000047],[106.42499000000004,17.74166000000008],[106.49498000000006,17.691110000000037],[106.69886000000008,17.39972000000006],[106.82166000000007,17.288890000000038],[107.11636000000004,17.081840000000057],[107.12997000000007,17.01194000000004],[107.19166000000007,16.87472000000008],[107.34276000000006,16.78917000000007],[107.54012000000006,16.629020000000082],[107.44911000000008,16.655290000000036],[107.44845000000004,16.638330000000053],[107.50512000000003,16.604090000000042],[107.59414000000004,16.580550000000073],[107.69957000000005,16.514170000000092],[107.81749000000008,16.382080000000087],[107.79067000000003,16.37472000000008],[107.81151000000006,16.312010000000043],[107.88275000000004,16.278050000000064],[107.96972000000005,16.333890000000054],[108.02665000000007,16.324170000000038],[108.08719000000008,16.248880000000042],[108.18858000000006,16.199160000000063],[108.14312000000007,16.155550000000062],[108.13791000000003,16.127770000000055],[108.22146000000004,16.055210000000045],[108.20117000000005,15.99944000000005],[108.23675000000003,16.032110000000046],[108.23221000000007,16.13388000000009],[108.24658000000005,16.154370000000085],[108.33082000000007,16.15041000000008],[108.34103000000005,16.132080000000087],[108.26346000000007,16.09764000000007],[108.26802000000004,16.03472000000005],[108.30582000000004,15.948330000000055],[108.42276000000004,15.806110000000047],[108.62498000000005,15.48222000000004],[108.75891000000007,15.395950000000084],[108.80026000000004,15.42722000000009],[108.82917000000003,15.421940000000063],[108.88275000000004,15.281390000000044],[108.89414000000005,15.13277000000005],[108.92858000000007,15.000830000000065],[109.00167000000005,14.836390000000051],[109.07873000000006,14.723190000000045],[109.09179000000006,14.67250000000007],[109.07860000000005,14.548330000000078],[109.12387000000007,14.405830000000037],[109.18720000000008,14.290830000000085],[109.21416000000005,14.120280000000037],[109.30443000000002,13.864440000000059],[109.30262000000005,13.751590000000078],[109.26818000000003,13.75347000000005],[109.25019000000003,13.885000000000048],[109.21805000000006,13.816110000000037],[109.24295000000006,13.766920000000084],[109.22415000000007,13.737220000000036],[109.25665000000004,13.555280000000039],[109.22887000000003,13.408610000000067],[109.31359000000003,13.108470000000068],[109.46485000000007,12.900550000000067],[109.46186000000006,12.860970000000066],[109.43234000000007,12.84319000000005],[109.41555000000005,12.862220000000036],[109.22859000000005,12.681660000000079],[109.19733000000008,12.631530000000055],[109.20639000000006,12.545280000000048],[109.34693000000004,12.394930000000045],[109.30172000000005,12.345690000000047],[109.17657000000003,12.45691000000005],[109.14700000000005,12.432080000000042],[109.21608000000003,12.323610000000087],[109.20527000000004,12.099300000000085],[109.26999000000006,11.892500000000041],[109.22581000000008,11.93500000000006],[109.22546000000006,11.98222000000004],[109.18311000000006,12.116940000000056],[109.17997000000003,12.045000000000073],[109.20915000000008,11.97861000000006],[109.18790000000007,11.924580000000049],[109.13957000000005,11.894100000000037],[109.12337000000008,11.848230000000058],[109.22110000000004,11.756110000000092],[109.18067000000008,11.629720000000077],[109.13428000000005,11.567360000000065],[109.05255000000005,11.593540000000075],[109.03749000000005,11.578050000000076],[109.02193000000005,11.514720000000068],[109.02168000000006,11.362250000000074],[108.96215000000007,11.311460000000068],[108.86800000000005,11.334710000000086],[108.80984000000007,11.317220000000077],[108.66456000000005,11.18861000000004],[108.58359000000007,11.181670000000054],[108.53247000000005,11.149440000000084],[108.49032000000005,11.095690000000047],[108.24497000000008,10.94903000000005],[108.11317000000003,10.915970000000073],[108.05496000000005,10.844720000000052],[107.99970000000008,10.704230000000052],[107.90997000000004,10.718470000000082],[107.82538000000005,10.694790000000069],[107.75608000000005,10.63916000000006],[107.58664000000005,10.572390000000041],[107.51748000000003,10.503050000000087],[107.44094000000007,10.466810000000066],[107.32886000000008,10.445830000000058],[107.26619000000005,10.376130000000046],[107.22903000000008,10.397310000000061],[107.17217000000005,10.47572000000008],[107.13278000000003,10.467550000000074],[107.05358000000007,10.495270000000062],[107.03497000000004,10.53111000000007],[107.02329000000003,10.630330000000072],[106.99858000000006,10.655060000000049],[107.02123000000006,10.590000000000089],[107.01539000000002,10.537920000000042],[106.99361000000005,10.614820000000066],[106.98164000000003,10.565410000000043],[106.99398000000008,10.520550000000071],[106.96715000000006,10.474620000000073],[106.94024000000007,10.530000000000086],[106.94273000000004,10.592430000000093],[106.90414000000004,10.631390000000067],[106.76303000000007,10.68055000000004],[106.74167000000006,10.660900000000083],[106.77053000000006,10.589300000000037],[106.73648000000003,10.550980000000038],[106.73525000000006,10.512080000000083],[106.66231000000005,10.490800000000092],[106.59155000000004,10.42969000000005],[106.73246000000006,10.470480000000066],[106.79142000000007,10.38958000000008],[106.78424000000007,10.279790000000048],[106.68762000000004,10.29087000000004],[106.65122000000008,10.280140000000074],[106.42432000000008,10.311380000000042],[106.48636000000005,10.273890000000051],[106.69608000000005,10.208750000000066],[106.79315000000003,10.15701000000007],[106.80247000000003,10.124230000000068],[106.77803000000006,10.082360000000051],[106.65046000000007,9.969790000000046],[106.60386000000005,9.974090000000047],[106.48455000000007,10.03708000000006],[106.36462000000006,10.208680000000072],[106.29663000000005,10.255000000000052],[106.38665000000003,10.121940000000052],[106.49655000000007,10.00347000000005],[106.68844000000007,9.893890000000056],[106.69343000000003,9.872220000000084],[106.67440000000005,9.842220000000054],[106.60711000000003,9.81087000000008],[106.48685000000006,9.917640000000063],[106.38525000000004,9.975550000000055],[106.16553000000005,10.207220000000063],[106.11481000000003,10.234070000000088],[106.16441000000003,10.164160000000038],[106.57067000000006,9.74139000000008],[106.57984000000005,9.663470000000075],[106.54303000000004,9.583610000000078],[106.50413000000003,9.550690000000088],[106.39845000000003,9.53236000000004],[106.28458333333333,9.60541666666667],[106.30958333333334,9.611250000000005],[106.33375,9.583750000000006],[106.35374999999999,9.592083333333338],[106.35374999999999,9.60958333333334],[106.41958333333334,9.601250000000004],[106.40541666666667,9.64791666666667],[106.42625,9.662916666666671],[106.36375,9.653750000000006],[106.37291666666667,9.667083333333338],[106.34458333333333,9.700416666666673],[106.27208333333333,9.674583333333338],[106.27708333333334,9.701250000000005]]],[[[106.96361000000007,20.851110000000062],[107.03338000000008,20.85569000000004],[107.10152000000005,20.79944000000006],[107.04776000000004,20.703880000000083],[106.92054000000007,20.794440000000066],[106.91059000000007,20.834400000000073],[106.96361000000007,20.851110000000062]]],[[[107.60028000000005,21.20527000000004],[107.54041000000007,21.15570000000008],[107.51143000000008,21.149700000000053],[107.46304000000003,21.08944000000008],[107.37922000000003,21.04819000000009],[107.37553000000003,21.081250000000068],[107.47195000000005,21.27142000000009],[107.52361000000008,21.224440000000072],[107.60408000000007,21.21694000000008],[107.60028000000005,21.20527000000004]]],[[[102.89291666666666,21.43291666666667],[102.89041666666667,21.42875],[102.88791666666667,21.42791666666667],[102.88541666666666,21.42791666666667],[102.89291666666666,21.43291666666667]]],[[[102.89541666666666,21.434583333333336],[102.89541666666666,21.43458333333335],[102.89874999999999,21.43458333333335],[102.89874999999999,21.434583333333336],[102.89541666666666,21.434583333333336]]],[[[102.90374999999999,21.434583333333336],[102.90041666666667,21.434583333333336],[102.90041666666667,21.43458333333335],[102.90374999999999,21.434583333333336]]],[[[102.90875,21.43541666666667],[102.90708333333333,21.43541666666667],[102.90708333333333,21.434583333333336],[102.90458333333333,21.434583333333336],[102.90458333333333,21.433750000000003],[102.90375,21.433750000000003],[102.90458333333332,21.43458333333335],[102.90708333333332,21.43458333333335],[102.90708333333332,21.435416666666683],[102.90958333333333,21.435416666666683],[102.90875,21.43541666666667]]],[[[102.90041666666666,21.43541666666667],[102.89874999999999,21.43541666666667],[102.89874999999999,21.435416666666683],[102.90041666666666,21.43541666666667]]],[[[102.90958333333333,21.437083333333334],[102.90958333333333,21.43708333333335],[102.91041666666666,21.43708333333335],[102.91041666666666,21.437083333333334],[102.90958333333333,21.437083333333334]]],[[[102.91125,21.43791666666667],[102.91041666666666,21.43791666666667],[102.91041666666666,21.437916666666684],[102.91125,21.43791666666667]]],[[[102.91208333333333,21.438750000000017],[102.91208333333333,21.438750000000002],[102.91125,21.438750000000002],[102.91125,21.438750000000017],[102.91208333333333,21.438750000000017]]],[[[102.91208333333333,21.43958333333335],[102.91291666666666,21.43958333333335],[102.91291666666666,21.43958333333334],[102.91208333333333,21.43958333333335]]],[[[102.91125,21.442083333333336],[102.91125,21.44208333333335],[102.91208333333333,21.44208333333335],[102.91208333333333,21.442083333333336],[102.91125,21.442083333333336]]],[[[102.91291666666666,21.44375],[102.91208333333333,21.44375],[102.91208333333333,21.443750000000016],[102.91291666666666,21.44375]]],[[[102.91375,21.44458333333335],[102.91375,21.444583333333334],[102.91291666666666,21.444583333333334],[102.91291666666666,21.44458333333335],[102.91375,21.44458333333335]]],[[[102.91375,21.445416666666684],[102.91458333333333,21.445416666666684],[102.91458333333333,21.44541666666667],[102.91375,21.445416666666684]]],[[[102.91458333333333,21.446250000000003],[102.91458333333333,21.446250000000017],[102.91541666666666,21.446250000000017],[102.91541666666666,21.446250000000003],[102.91458333333333,21.446250000000003]]],[[[102.91624999999999,21.44708333333334],[102.91541666666666,21.44708333333334],[102.91541666666666,21.44708333333335],[102.91624999999999,21.44708333333334]]],[[[102.91708333333332,21.448750000000018],[102.91708333333332,21.448750000000004],[102.91624999999999,21.448750000000004],[102.91624999999999,21.448750000000018],[102.91708333333332,21.448750000000018]]],[[[102.91958333333334,21.45125],[102.91958333333334,21.449583333333337],[102.91708333333332,21.449583333333337],[102.91958333333332,21.44958333333335],[102.91958333333334,21.45125]]],[[[102.93958333333333,21.453750000000003],[102.93958333333333,21.453750000000017],[102.94125,21.453750000000017],[102.94125,21.453750000000003],[102.93958333333333,21.453750000000003]]],[[[102.92541666666666,21.456250000000004],[102.92375,21.456250000000004],[102.92375,21.45541666666667],[102.92125,21.45291666666667],[102.91958333333332,21.452083333333352],[102.92374999999998,21.45625000000002],[102.92541666666666,21.456250000000004]]],[[[102.94125,21.454583333333336],[102.94125,21.45458333333335],[102.94208333333333,21.45458333333335],[102.94208333333333,21.454583333333336],[102.94125,21.454583333333336]]],[[[102.94291666666666,21.456250000000004],[102.94208333333333,21.456250000000004],[102.94208333333333,21.45625000000002],[102.94291666666666,21.456250000000004]]],[[[102.93958333333333,21.456250000000004],[102.93875,21.456250000000004],[102.93875,21.45625000000002],[102.93958333333333,21.456250000000004]]],[[[102.94375,21.457916666666684],[102.94375,21.45791666666667],[102.94291666666666,21.45791666666667],[102.94291666666666,21.457916666666684],[102.94375,21.457916666666684]]],[[[102.93458333333334,21.45791666666667],[102.93125,21.457083333333337],[102.92541666666666,21.457083333333337],[102.93124999999999,21.45708333333335],[102.93458333333332,21.458750000000016],[102.93875,21.458750000000016],[102.93458333333334,21.45791666666667]]],[[[102.94375,21.460416666666685],[102.94458333333333,21.460416666666685],[102.94541666666666,21.460416666666685],[102.94541666666666,21.460416666666667],[102.94375,21.460416666666685]]],[[[102.94458333333333,21.464583333333337],[102.94458333333333,21.46458333333335],[102.94541666666666,21.46458333333335],[102.94541666666666,21.464583333333337],[102.94458333333333,21.464583333333337]]],[[[102.94624999999999,21.468750000000004],[102.94541666666666,21.468750000000004],[102.94541666666666,21.468750000000018],[102.94624999999999,21.468750000000004]]],[[[102.94708333333332,21.470416666666683],[102.94708333333332,21.470416666666672],[102.94624999999999,21.470416666666672],[102.94624999999999,21.470416666666683],[102.94708333333332,21.470416666666683]]],[[[102.94874999999999,21.471250000000015],[102.95041666666665,21.47458333333335],[102.95208333333332,21.47458333333335],[102.95208333333332,21.476250000000018],[102.95291666666665,21.477916666666683],[102.95958333333333,21.477916666666683],[102.94874999999999,21.471250000000015]]],[[[102.96041666666666,21.478750000000016],[102.96124999999999,21.478750000000016],[102.95958333333333,21.478750000000005],[102.96041666666666,21.478750000000016]]],[[[102.96458333333332,21.480416666666684],[102.96791666666665,21.480416666666684],[102.96791666666665,21.481250000000017],[102.96874999999999,21.481250000000017],[102.96874999999999,21.482916666666682],[102.96958333333332,21.482916666666682],[102.96958333333332,21.48458333333335],[102.97208333333333,21.48458333333335],[102.96791666666667,21.48041666666667],[102.96458333333334,21.479583333333338],[102.96124999999999,21.479583333333338],[102.96458333333332,21.480416666666684]]],[[[103.00625,21.482083333333335],[103.00625,21.48208333333335],[103.00791666666666,21.48208333333335],[103.00791666666666,21.482083333333335],[103.00625,21.482083333333335]]],[[[103.00041666666667,21.482083333333335],[103.00041666666667,21.48208333333335],[103.00375,21.48208333333335],[103.00375,21.482083333333335],[103.00041666666667,21.482083333333335]]],[[[103.00625,21.482916666666682],[103.00625,21.482916666666668],[103.00375,21.482916666666668],[103.00375,21.482916666666682],[103.00625,21.482916666666682]]],[[[102.99458333333334,21.48375],[102.99458333333334,21.482916666666668],[102.99041666666666,21.482916666666668],[102.99458333333332,21.482916666666682],[102.99458333333332,21.48375000000002],[102.99624999999999,21.48375000000002],[102.99458333333334,21.48375]]],[[[103.00041666666665,21.48375],[102.99958333333333,21.482916666666668],[102.99625,21.482916666666668],[102.99958333333332,21.482916666666682],[103.00041666666665,21.48375]]],[[[102.99041666666666,21.48375],[102.98708333333333,21.48375],[102.98708333333333,21.48375000000002],[102.99041666666666,21.48375]]],[[[103.01041666666666,21.48375],[103.00958333333332,21.48375],[103.00791666666666,21.48375],[103.00791666666666,21.48375000000002],[103.01041666666666,21.48375]]],[[[102.98125,21.484583333333337],[102.98125,21.48458333333335],[102.98708333333332,21.48458333333335],[102.98708333333332,21.484583333333337],[102.98125,21.484583333333337]]],[[[102.97291666666666,21.485416666666683],[102.97291666666666,21.48541666666667],[102.97208333333333,21.48541666666667],[102.97208333333333,21.485416666666683],[102.97291666666666,21.485416666666683]]],[[[102.97958333333332,21.486250000000016],[102.98124999999999,21.486250000000016],[102.98124999999999,21.486250000000005],[102.97958333333332,21.486250000000016]]],[[[102.97291666666666,21.486250000000016],[102.97375,21.486250000000016],[102.97375,21.486250000000005],[102.97291666666666,21.486250000000016]]],[[[102.97958333333332,21.487083333333352],[102.97958333333332,21.487083333333338],[102.97874999999999,21.487083333333338],[102.97874999999999,21.487083333333352],[102.97958333333332,21.487083333333352]]],[[[102.97541666666666,21.487083333333352],[102.97541666666666,21.487083333333338],[102.97375,21.487083333333338],[102.97375,21.487083333333352],[102.97541666666666,21.487083333333352]]],[[[103.01374999999999,21.487083333333352],[103.01374999999999,21.487916666666685],[103.01458333333332,21.488750000000017],[103.01791666666665,21.488750000000017],[103.01791666666665,21.48958333333335],[103.01875,21.48958333333335],[103.01791666666666,21.488750000000003],[103.01458333333333,21.488750000000003],[103.01375,21.487083333333338],[103.01208333333334,21.487083333333338],[103.01208333333334,21.486250000000005],[103.01125,21.486250000000005],[103.01125,21.48541666666667],[103.01041666666666,21.48541666666667],[103.01208333333332,21.487083333333352],[103.01374999999999,21.487083333333352]]],[[[102.97625,21.48791666666667],[102.97541666666666,21.48791666666667],[102.97541666666666,21.487916666666685],[102.97625,21.48791666666667]]],[[[102.97874999999999,21.488750000000017],[102.97874999999999,21.488750000000003],[102.97625,21.488750000000003],[102.97625,21.488750000000017],[102.97874999999999,21.488750000000017]]],[[[103.02041666666666,21.490416666666682],[103.02125,21.490416666666682],[103.01875,21.49041666666667],[103.01875,21.490416666666682],[103.02041666666666,21.490416666666682]]],[[[103.02125,21.492916666666684],[103.02208333333333,21.492916666666684],[103.02208333333333,21.49291666666667],[103.02125,21.492916666666684]]],[[[103.02208333333333,21.49458333333334],[103.02208333333333,21.49458333333335],[103.02291666666666,21.49458333333335],[103.02291666666666,21.49458333333334],[103.02208333333333,21.49458333333334]]],[[[103.02374999999999,21.49541666666667],[103.02291666666666,21.49541666666667],[103.02291666666666,21.495416666666685],[103.02374999999999,21.49541666666667]]],[[[103.03458333333333,21.495416666666685],[103.03458333333333,21.49541666666667],[103.02625,21.49541666666667],[103.02625,21.495416666666685],[103.03458333333333,21.495416666666685]]],[[[103.02624999999999,21.496250000000018],[103.02624999999999,21.496250000000003],[103.02374999999999,21.496250000000003],[103.02374999999999,21.496250000000018],[103.02624999999999,21.496250000000018]]],[[[103.03458333333333,21.496250000000003],[103.03458333333333,21.496250000000018],[103.03541666666666,21.496250000000018],[103.03541666666666,21.496250000000003],[103.03458333333333,21.496250000000003]]],[[[103.03208333333333,21.504583333333336],[103.03208333333333,21.503750000000018],[103.03208333333332,21.503750000000018],[103.03208333333333,21.504583333333336]]],[[[103.03208333333332,21.50708333333335],[103.03291666666667,21.50708333333335],[103.03208333333333,21.507083333333334],[103.03208333333333,21.50541666666667],[103.03124999999999,21.50458333333335],[103.03208333333332,21.50708333333335]]],[[[103.03291666666667,21.507916666666684],[103.03375,21.507916666666684],[103.03375,21.50791666666667],[103.03291666666667,21.507916666666684]]],[[[103.03375,21.51375],[103.03375,21.513750000000016],[103.03458333333333,21.513750000000016],[103.03458333333333,21.51375],[103.03375,21.51375]]],[[[103.03541666666666,21.516250000000017],[103.03541666666666,21.516250000000003],[103.03458333333333,21.516250000000003],[103.03458333333333,21.516250000000017],[103.03541666666666,21.516250000000017]]],[[[103.03625,21.517916666666682],[103.03625,21.51791666666667],[103.03541666666666,21.51791666666667],[103.03541666666666,21.517916666666682],[103.03625,21.517916666666682]]],[[[103.03625,21.521250000000016],[103.03708333333333,21.521250000000016],[103.03791666666666,21.521250000000016],[103.03791666666666,21.521250000000002],[103.03625,21.521250000000016]]],[[[103.03791666666666,21.523750000000003],[103.03791666666666,21.523750000000017],[103.03875,21.523750000000017],[103.03875,21.523750000000003],[103.03791666666666,21.523750000000003]]],[[[103.03958333333333,21.525416666666672],[103.03875,21.525416666666672],[103.03875,21.525416666666683],[103.03958333333333,21.525416666666672]]],[[[103.04041666666666,21.52625000000002],[103.04041666666666,21.526250000000005],[103.03958333333333,21.526250000000005],[103.03958333333333,21.52625000000002],[103.04041666666666,21.52625000000002]]],[[[103.04041666666666,21.52708333333335],[103.04124999999999,21.52708333333335],[103.04124999999999,21.527083333333337],[103.04041666666666,21.52708333333335]]],[[[103.04124999999999,21.528750000000002],[103.04124999999999,21.528750000000016],[103.04208333333332,21.528750000000016],[103.04208333333332,21.528750000000002],[103.04124999999999,21.528750000000002]]],[[[103.04291666666666,21.532916666666683],[103.04375,21.533750000000005],[103.04291666666667,21.530416666666667],[103.04208333333332,21.530416666666667],[103.04291666666666,21.532916666666683]]],[[[103.04624999999999,21.538750000000018],[103.04708333333332,21.538750000000018],[103.04708333333332,21.540416666666683],[103.04791666666665,21.540416666666683],[103.04791666666665,21.542083333333352],[103.04874999999998,21.542083333333352],[103.04874999999998,21.54458333333335],[103.04958333333332,21.54458333333335],[103.04958333333332,21.550416666666685],[103.05041666666666,21.550416666666685],[103.04958333333333,21.55041666666667],[103.04958333333333,21.544583333333335],[103.04875,21.542083333333338],[103.04708333333333,21.538750000000004],[103.04541666666667,21.538750000000004],[103.04541666666667,21.537916666666668],[103.04458333333334,21.537916666666668],[103.04458333333334,21.536250000000003],[103.04291666666667,21.536250000000003],[103.04291666666666,21.533750000000015],[103.04291666666666,21.536250000000017],[103.04458333333332,21.536250000000017],[103.04458333333332,21.537916666666685],[103.04541666666665,21.537916666666685],[103.04541666666665,21.538750000000018],[103.04624999999999,21.538750000000018]]],[[[103.05041666666666,21.555416666666684],[103.05125,21.555416666666684],[103.05125,21.55541666666667],[103.05041666666666,21.555416666666684]]],[[[103.05125,21.556250000000002],[103.05125,21.556250000000016],[103.05208333333333,21.556250000000016],[103.05208333333333,21.556250000000002],[103.05125,21.556250000000002]]],[[[103.05291666666666,21.55708333333334],[103.05208333333333,21.55708333333334],[103.05208333333333,21.55708333333335],[103.05291666666666,21.55708333333334]]],[[[103.05375,21.557916666666685],[103.05375,21.55791666666667],[103.05291666666666,21.55791666666667],[103.05291666666666,21.557916666666685],[103.05375,21.557916666666685]]],[[[103.05375,21.560416666666683],[103.05458333333333,21.560416666666683],[103.05458333333333,21.56041666666667],[103.05375,21.560416666666683]]],[[[103.05708333333334,21.562083333333334],[103.05625,21.56125],[103.05458333333333,21.56125],[103.05875,21.56541666666667],[103.05708333333334,21.562083333333334]]],[[[103.05791666666667,21.569583333333334],[103.05791666666667,21.565416666666685],[103.05791666666666,21.56958333333335],[103.05874999999999,21.56958333333335],[103.05874999999999,21.57208333333335],[103.05958333333334,21.57291666666667],[103.05875,21.569583333333334],[103.05791666666667,21.569583333333334]]],[[[103.06375,21.585416666666685],[103.06208333333333,21.585416666666667],[103.06208333333333,21.58291666666667],[103.06125,21.58291666666667],[103.06125,21.582083333333337],[103.06041666666667,21.582083333333337],[103.06041666666667,21.58041666666667],[103.05958333333334,21.58041666666667],[103.05958333333334,21.579583333333336],[103.05875,21.579583333333336],[103.05874999999999,21.572916666666682],[103.06375,21.585416666666685]]],[[[103.06708333333333,21.586250000000017],[103.06708333333333,21.586250000000003],[103.06375,21.586250000000003],[103.06375,21.586250000000017],[103.06708333333333,21.586250000000017]]],[[[103.06875,21.58708333333335],[103.06958333333333,21.58708333333335],[103.06708333333333,21.587083333333336],[103.06708333333333,21.58708333333335],[103.06875,21.58708333333335]]],[[[103.07041666666666,21.587916666666672],[103.06958333333333,21.587916666666672],[103.06958333333333,21.587916666666683],[103.07041666666666,21.587916666666672]]],[[[103.07041666666666,21.588750000000005],[103.07041666666666,21.58875000000002],[103.07208333333332,21.58875000000002],[103.07208333333332,21.588750000000005],[103.07041666666666,21.588750000000005]]],[[[103.07208333333332,21.58958333333335],[103.07291666666666,21.58958333333335],[103.07291666666666,21.589583333333337],[103.07208333333332,21.58958333333335]]],[[[103.07708333333333,21.592083333333335],[103.07541666666667,21.59041666666667],[103.07291666666666,21.59041666666667],[103.07708333333332,21.59208333333335],[103.07708333333332,21.59458333333335],[103.07874999999999,21.596250000000015],[103.07958333333332,21.596250000000015],[103.07958333333332,21.597916666666684],[103.08041666666665,21.598750000000017],[103.08125,21.598750000000017],[103.07708333333333,21.592083333333335]]],[[[103.08208333333333,21.599583333333335],[103.08125,21.599583333333335],[103.08125,21.59958333333335],[103.08208333333333,21.599583333333335]]],[[[103.08291666666666,21.601250000000018],[103.08291666666666,21.601250000000004],[103.08208333333333,21.601250000000004],[103.08208333333333,21.601250000000018],[103.08291666666666,21.601250000000018]]],[[[103.08291666666666,21.605416666666684],[103.08375,21.605416666666684],[103.08375,21.60541666666667],[103.08291666666666,21.605416666666684]]],[[[103.08375,21.607916666666668],[103.08375,21.607916666666682],[103.08458333333333,21.607916666666682],[103.08458333333333,21.607916666666668],[103.08375,21.607916666666668]]],[[[103.08541666666666,21.609583333333337],[103.08458333333333,21.609583333333337],[103.08624999999999,21.60958333333335],[103.08541666666666,21.609583333333337]]],[[[103.08708333333333,21.61041666666667],[103.08624999999999,21.61041666666667],[103.09041666666666,21.61458333333335],[103.09291666666665,21.61458333333335],[103.08708333333333,21.61041666666667]]],[[[103.10458333333332,21.613750000000017],[103.10458333333332,21.613750000000003],[103.09291666666667,21.613750000000003],[103.09291666666667,21.613750000000017],[103.10458333333332,21.613750000000017]]]]}}]}