{"type":"FeatureCollection","features":[{"type":"Feature","properties":{},"geometry":{"type":"MultiPolygon","coordinates":[[[[98.30345000000005,8.18521000000004],[98.33276000000006,8.162190000000066],[98.34305000000006,8.108890000000088],[98.40193000000005,8.081390000000056],[98.41863000000006,7.997460000000046],[98.40006000000005,7.979110000000048],[98.39985000000007,7.94175000000007],[98.41394000000008,7.9046200000000795],[98.43294000000003,7.912000000000091],[98.44109000000003,7.906110000000069],[98.43637000000007,7.871660000000077],[98.30908000000005,7.757220000000075],[98.28388000000007,7.787780000000055],[98.27193000000005,7.9222200000000385],[98.28207000000003,8.183330000000069],[98.30345000000005,8.18521000000004]]],[[[98.17596000000003,9.924440000000061],[98.13602000000003,9.839580000000069],[98.11463000000003,9.85958000000005],[98.11582000000004,9.91611000000006],[98.16581000000008,10.002780000000087],[98.24137000000007,10.055690000000084],[98.28943000000004,10.053680000000043],[98.28832000000006,10.00750000000005],[98.17596000000003,9.924440000000061]]],[[[98.14318000000003,10.91847000000007],[98.08679000000006,10.87444000000005],[98.07699000000008,10.88722000000007],[98.13985000000008,10.975550000000055],[98.17331000000007,10.978890000000092],[98.21220000000005,10.94778000000008],[98.26999000000006,10.815830000000062],[98.28385000000003,10.725280000000055],[98.28222000000005,10.706670000000088],[98.26680000000005,10.690690000000075],[98.23165000000006,10.689860000000067],[98.24040000000008,10.825000000000045],[98.21416000000005,10.864440000000059],[98.15471000000008,10.922640000000058],[98.14318000000003,10.91847000000007]]],[[[98.31442000000004,11.754720000000077],[98.32028000000008,11.725900000000081],[98.28581000000003,11.613890000000083],[98.28082000000006,11.48166000000009],[98.20999000000006,11.444580000000087],[98.16694000000007,11.451110000000085],[98.19193000000007,11.516390000000058],[98.27013000000005,11.79472000000004],[98.29124000000007,11.79708000000005],[98.31442000000004,11.754720000000077]]],[[[98.13909000000007,12.142080000000078],[98.07262000000003,12.16250000000008],[98.03734000000003,12.205140000000085],[98.03943000000004,12.241660000000081],[98.05748000000006,12.281040000000075],[98.12101000000007,12.280210000000068],[98.13909000000007,12.142080000000078]]],[[[98.10082000000006,12.371940000000052],[98.00555000000003,12.281940000000077],[97.93720000000008,12.340690000000052],[97.94942000000003,12.380000000000052],[98.01054000000005,12.405280000000062],[98.07693000000006,12.416390000000092],[98.10527000000008,12.398470000000088],[98.10082000000006,12.371940000000052]]],[[[98.32193000000007,12.671110000000056],[98.36707000000007,12.66417000000007],[98.39499000000006,12.646390000000054],[98.44887000000006,12.604580000000055],[98.46624000000003,12.573610000000087],[98.46651000000003,12.47652000000005],[98.45776000000006,12.457360000000051],[98.39680000000004,12.367640000000051],[98.34693000000004,12.31597000000005],[98.30498000000006,12.333750000000066],[98.33387000000005,12.430000000000064],[98.30220000000003,12.59361000000007],[98.30054000000007,12.632700000000057],[98.32193000000007,12.671110000000056]]],[[[94.48443000000003,16.058610000000044],[94.60096000000004,16.216380000000072],[94.63248000000004,16.24055000000004],[94.65096000000005,16.24347000000006],[94.67082000000005,16.184440000000052],[94.65138000000007,16.11444000000006],[94.58486000000005,16.01153000000005],[94.41582000000005,15.86805000000004],[94.38150000000007,15.984440000000063],[94.39318000000003,16.002770000000055],[94.45123000000007,16.02694000000008],[94.48443000000003,16.058610000000044]]],[[[93.64665000000008,18.67861000000005],[93.53333000000003,18.782500000000084],[93.49470000000008,18.839720000000057],[93.48935000000006,18.873540000000048],[93.63808000000006,18.887180000000058],[93.67110000000008,18.867500000000064],[93.74790000000007,18.87069000000008],[93.75749000000008,18.742770000000064],[93.75028000000003,18.717500000000086],[93.72193000000004,18.67805000000004],[93.70582000000007,18.669020000000046],[93.68013000000008,18.667910000000063],[93.64665000000008,18.67861000000005]]],[[[93.63770000000005,19.354090000000042],[93.63818000000003,19.333950000000073],[93.66832000000005,19.29583000000008],[93.74193000000008,19.24944000000005],[93.78518000000008,19.232750000000067],[93.81846000000007,19.23097000000007],[93.87039000000004,19.254660000000058],[93.94748000000004,19.075550000000078],[93.98526000000004,18.95930000000004],[93.94219000000004,18.862500000000068],[93.91914000000003,18.86444000000006],[93.85401000000007,18.90208000000007],[93.70277000000004,19.014720000000068],[93.66790000000003,19.06708000000009],[93.64194000000003,19.12749000000008],[93.49929000000003,19.306800000000067],[93.47776000000005,19.36000000000007],[93.49887000000007,19.41139000000004],[93.52416000000005,19.427910000000054],[93.54720000000003,19.42847000000006],[93.61095000000006,19.40083000000004],[93.63770000000005,19.354090000000042]]],[[[93.96277000000003,19.360550000000046],[93.90444000000008,19.300550000000044],[93.85138000000006,19.273330000000044],[93.79734000000008,19.269370000000038],[93.66027000000008,19.447490000000073],[93.64346000000006,19.484300000000076],[93.65165000000007,19.513610000000085],[93.68122000000005,19.55875000000009],[93.73748000000006,19.549160000000086],[93.96165000000008,19.42861000000005],[93.97610000000003,19.396520000000066],[93.96277000000003,19.360550000000046]]],[[[93.41990000000004,19.95058000000006],[93.49860000000007,19.880550000000085],[93.52026000000006,19.757220000000075],[93.51151000000004,19.744510000000048],[93.45833000000005,19.77750000000009],[93.43776000000008,19.79944000000006],[93.39610000000005,19.926660000000084],[93.39554000000004,19.951940000000036],[93.41990000000004,19.95058000000006]]],[[[92.76360000000005,20.432420000000036],[92.79053000000005,20.43816000000004],[92.81360000000006,20.43291000000005],[92.86026000000004,20.325830000000053],[92.84276000000006,20.299720000000036],[92.78415000000007,20.290550000000053],[92.76852000000008,20.29729000000009],[92.75776000000008,20.344440000000077],[92.76360000000005,20.432420000000036]]],[[[99.70228000000003,6.542500000000075],[99.66804000000008,6.496390000000076],[99.65263000000004,6.49479000000008],[99.59665000000007,6.585280000000068],[99.59762000000006,6.600140000000067],[99.66281000000004,6.703000000000088],[99.68137000000007,6.679100000000062],[99.70228000000003,6.542500000000075]]],[[[98.59839000000005,7.899030000000039],[98.57492000000008,7.913540000000069],[98.52818000000008,8.120000000000061],[98.53694000000007,8.107350000000054],[98.59360000000004,8.078890000000058],[98.61082000000005,8.051110000000051],[98.61138000000005,7.954720000000066],[98.60707000000008,7.90805000000006],[98.59839000000005,7.899030000000039]]],[[[100.07732000000004,9.54520000000008],[100.06903000000005,9.470830000000092],[100.01998000000003,9.422640000000058],[99.97331000000003,9.413610000000062],[99.94102000000004,9.422570000000064],[99.93221000000005,9.546940000000063],[99.98610000000008,9.576110000000085],[100.07763000000006,9.588330000000042],[100.09193000000005,9.56597000000005],[100.07732000000004,9.54520000000008]]],[[[103.92859000000004,10.275690000000054],[103.86596000000003,10.299580000000049],[103.83837000000005,10.367710000000045],[103.97692000000006,10.433610000000044],[104.01239000000004,10.439430000000073],[104.05524000000003,10.40166000000005],[104.08288000000005,10.364860000000078],[104.08663000000007,10.247360000000072],[104.02639000000005,10.080280000000073],[103.92859000000004,10.275690000000054]]],[[[106.76136000000008,10.471110000000067],[106.75262000000004,10.494440000000054],[106.74983000000003,10.558610000000044],[106.75663000000003,10.56791000000004],[106.78467000000006,10.574610000000064],[106.77803000000006,10.62417000000005],[106.75230000000005,10.658970000000068],[106.78173000000004,10.663170000000036],[106.82719000000003,10.620550000000037],[106.85648000000003,10.60388000000006],[106.85829000000007,10.583880000000079],[106.83756000000005,10.573160000000087],[106.87234000000007,10.502920000000074],[106.85734000000008,10.40674000000007],[106.82594000000006,10.404720000000054],[106.76136000000008,10.471110000000067]]],[[[102.53177000000005,11.602710000000059],[102.52900000000005,11.692500000000052],[102.54913000000005,11.751940000000047],[102.56023000000005,11.75440000000009],[102.60469000000006,11.69694000000004],[102.61024000000003,11.64528000000007],[102.59344000000004,11.564230000000066],[102.53177000000005,11.602710000000059]]],[[[98.37304000000006,11.688890000000072],[98.37025000000006,11.783750000000055],[98.44553000000008,11.801940000000059],[98.52804000000003,11.802500000000066],[98.54888000000005,11.788330000000087],[98.54603000000003,11.609790000000089],[98.52666000000005,11.581940000000088],[98.49832000000004,11.566110000000037],[98.42735000000005,11.56069000000008],[98.41331000000008,11.61087000000009],[98.37304000000006,11.688890000000072]]],[[[98.47916000000004,11.88722000000007],[98.46748000000008,11.899030000000039],[98.43886000000003,12.006670000000042],[98.42708000000005,12.098610000000065],[98.43859000000003,12.111390000000085],[98.46595000000008,12.086530000000039],[98.51899000000003,12.000000000000057],[98.56053000000003,11.995550000000037],[98.66402000000005,11.944440000000043],[98.65998000000008,11.933050000000037],[98.49680000000006,11.88417000000004],[98.47916000000004,11.88722000000007]]],[[[102.43454000000003,11.95333000000005],[102.31441000000007,11.956940000000088],[102.29135000000008,11.974440000000072],[102.25194000000005,12.150690000000054],[102.31623000000008,12.137920000000065],[102.35400000000004,12.112640000000056],[102.37469000000004,12.072220000000073],[102.44690000000003,11.973260000000039],[102.43454000000003,11.95333000000005]]],[[[94.15291666666667,32.45291666666667],[94.17958333333333,32.45708333333334],[94.18541666666667,32.47208333333334],[94.17708333333333,32.48125],[94.17791666666666,32.49458333333333],[94.19208333333333,32.51708333333333],[94.22875,32.511250000000004],[94.25541666666666,32.52125],[94.27041666666666,32.503750000000004],[94.29125,32.502916666666664],[94.29208333333334,32.51708333333333],[94.29791666666667,32.52291666666667],[94.30791666666667,32.517916666666665],[94.31625,32.532916666666665],[94.32208333333334,32.52791666666667],[94.35125,32.537083333333335],[94.35875,32.522083333333335],[94.36708333333333,32.52291666666667],[94.38291666666666,32.54541666666667],[94.37625,32.56791666666667],[94.39541666666666,32.602916666666665],[94.43458333333334,32.56375],[94.46208333333334,32.573750000000004],[94.46291666666667,32.595416666666665],[94.45625,32.60041666666667],[94.46958333333333,32.61208333333333],[94.49208333333333,32.59875],[94.50291666666666,32.60625],[94.53125,32.599583333333335],[94.55125,32.61125],[94.56625,32.632083333333334],[94.59541666666667,32.632083333333334],[94.59125,32.64625],[94.61625,32.67125],[94.60291666666667,32.684583333333336],[94.58541666666666,32.687083333333334],[94.57375,32.702083333333334],[94.58291666666666,32.71458333333334],[94.61125,32.71541666666667],[94.61208333333333,32.72875],[94.58958333333334,32.749583333333334],[94.56208333333333,32.752916666666664],[94.51958333333333,32.742916666666666],[94.51458333333333,32.73041666666667],[94.48541666666667,32.71958333333333],[94.46041666666666,32.73791666666667],[94.43791666666667,32.72708333333333],[94.43541666666667,32.71458333333334],[94.38708333333334,32.752916666666664],[94.36625,32.75541666666667],[94.35625,32.76708333333333],[94.36708333333333,32.77125],[94.36125,32.78875],[94.37625,32.790416666666665],[94.38208333333333,32.79958333333333],[94.35041666666666,32.83125],[94.35625,32.85125],[94.34875,32.85791666666667],[94.36541666666666,32.860416666666666],[94.36541666666666,32.875416666666666],[94.34791666666666,32.892916666666665],[94.35625,32.90208333333334],[94.35291666666667,32.91125],[94.37875,32.919583333333335],[94.38541666666667,32.92958333333333],[94.38208333333333,32.93625],[94.39291666666666,32.95041666666667],[94.38374999999999,32.95875],[94.39541666666666,32.96791666666667],[94.39375,32.97708333333333],[94.37208333333334,32.97708333333333],[94.32958333333333,33.010416666666664],[94.31541666666666,32.997083333333336],[94.28958333333333,32.997083333333336],[94.26291666666667,33.004583333333336],[94.25958333333334,33.01625],[94.22875,33.01625],[94.19125,33.000416666666666],[94.17958333333333,33.010416666666664],[94.15958333333333,33.011250000000004],[94.13458333333334,33.03125],[94.12958333333333,33.04541666666667],[94.11208333333333,33.04208333333334],[94.11125,33.055416666666666],[94.08125,33.055416666666666],[94.06875,33.04375],[94.07875,33.02791666666667],[94.06458333333333,33.02125],[94.04958333333333,33.03208333333333],[94.02458333333334,33.03375],[94.02625,33.04375],[94.01041666666667,33.05875],[93.98458333333333,33.05458333333333],[93.95208333333333,33.080416666666665],[93.94875,33.092083333333335],[93.96291666666667,33.10791666666667],[93.94541666666666,33.12291666666667],[93.93875,33.14625],[93.94208333333333,33.172916666666666],[93.93291666666667,33.172916666666666],[93.92875,33.18958333333333],[93.89708333333333,33.17875],[93.88125,33.191250000000004],[93.87958333333333,33.22958333333334],[93.86125,33.24875],[93.86041666666667,33.264583333333334],[93.89458333333333,33.29541666666667],[93.90625,33.287083333333335],[93.92958333333333,33.29208333333334],[93.92125,33.31125],[93.92875,33.32625],[93.91875,33.33375],[93.91541666666667,33.352916666666665],[93.93208333333334,33.35125],[93.93708333333333,33.35958333333333],[94.01291666666667,33.294583333333335],[94.02291666666666,33.31041666666667],[94.04791666666667,33.323750000000004],[94.08125,33.323750000000004],[94.07875,33.34708333333334],[94.08791666666667,33.34375],[94.09625,33.35208333333333],[94.11125,33.35041666666667],[94.12708333333333,33.327083333333334],[94.14791666666666,33.323750000000004],[94.16375,33.33541666666667],[94.19624999999999,33.342083333333335],[94.20958333333333,33.33375],[94.21125,33.317083333333336],[94.22708333333333,33.31375],[94.24541666666667,33.352916666666665],[94.23958333333333,33.39208333333333],[94.28291666666667,33.397083333333335],[94.25458333333333,33.419583333333335],[94.26208333333334,33.441250000000004],[94.24875,33.46625],[94.25791666666666,33.48375],[94.25291666666666,33.502916666666664],[94.25958333333334,33.514583333333334],[94.24708333333334,33.52791666666667],[94.24875,33.54375],[94.22625,33.55875],[94.23708333333333,33.573750000000004],[94.23041666666667,33.58125],[94.26791666666666,33.622083333333336],[94.25791666666666,33.63125],[94.29375,33.63708333333334],[94.32458333333334,33.61708333333333],[94.34875,33.62375],[94.36625,33.61125],[94.38374999999999,33.63041666666667],[94.39875,33.63375],[94.38458333333334,33.65208333333334],[94.39541666666666,33.65291666666667],[94.39541666666666,33.662083333333335],[94.40375,33.665416666666665],[94.40041666666667,33.67958333333333],[94.42041666666667,33.68875],[94.41541666666667,33.71375],[94.42708333333333,33.712916666666665],[94.42708333333333,33.72208333333333],[94.44208333333333,33.735416666666666],[94.43208333333334,33.747083333333336],[94.43708333333333,33.767916666666665],[94.45708333333333,33.77458333333333],[94.46541666666667,33.79375],[94.48958333333333,33.80625],[94.52375,33.797916666666666],[94.54208333333334,33.81041666666667],[94.54625,33.82541666666667],[94.57791666666667,33.823750000000004],[94.65708333333333,33.79625],[94.68041666666667,33.77708333333334],[94.68791666666667,33.75958333333333],[94.70458333333333,33.75958333333333],[94.70708333333333,33.72208333333333],[94.73958333333333,33.70375],[94.74625,33.68958333333333],[94.75874999999999,33.69375],[94.77541666666667,33.68125],[94.82541666666667,33.66625],[94.81291666666667,33.65208333333334],[94.80625,33.65375],[94.81875,33.627916666666664],[94.79958333333333,33.617916666666666],[94.80791666666667,33.60791666666667],[94.80375,33.59625],[94.81375,33.58541666666667],[94.80875,33.57041666666667],[94.81458333333333,33.56375],[94.83041666666666,33.57541666666667],[94.86625,33.566250000000004],[94.89041666666667,33.57958333333333],[94.92208333333333,33.577083333333334],[94.95625,33.559583333333336],[94.98375,33.57541666666667],[94.99625,33.555416666666666],[95.01541666666667,33.55041666666667],[95.01875,33.53791666666667],[95.03625,33.53125],[95.05958333333334,33.54375],[95.07541666666667,33.54291666666667],[95.07625,33.55125],[95.08708333333334,33.547916666666666],[95.08708333333334,33.567083333333336],[95.10875,33.572916666666664],[95.12541666666667,33.58875],[95.14291666666666,33.572916666666664],[95.14125,33.54875],[95.15625,33.52375],[95.17708333333333,33.517916666666665],[95.18708333333333,33.50541666666667],[95.19291666666666,33.467083333333335],[95.21208333333334,33.437083333333334],[95.22625,33.437916666666666],[95.24041666666666,33.455416666666665],[95.24625,33.440416666666664],[95.27375,33.430416666666666],[95.29208333333334,33.41291666666667],[95.31041666666667,33.43875],[95.35791666666667,33.42208333333333],[95.40625,33.38125],[95.42291666666667,33.38791666666667],[95.46541666666667,33.36625],[95.48875,33.33958333333334],[95.50291666666666,33.35041666666667],[95.52791666666667,33.34708333333334],[95.53125,33.33375],[95.55541666666667,33.322916666666664],[95.55625,33.30041666666667],[95.57791666666667,33.29958333333333],[95.58791666666667,33.312083333333334],[95.59208333333333,33.30375],[95.61458333333333,33.30375],[95.63291666666666,33.32541666666667],[95.65708333333333,33.30375],[95.69041666666666,33.33958333333334],[95.72791666666667,33.31041666666667],[95.74208333333333,33.28208333333333],[95.78958333333333,33.28458333333334],[95.79791666666667,33.26875],[95.79041666666667,33.24875],[95.81208333333333,33.22708333333333],[95.81875,33.232083333333335],[95.82625,33.22708333333333],[95.84125,33.20625],[95.86291666666666,33.21125],[95.93291666666667,33.17125],[95.93625,33.19708333333333],[95.97041666666667,33.21041666666667],[95.98458333333333,33.23041666666667],[96.02458333333334,33.23791666666667],[96.05041666666666,33.22541666666667],[96.06875,33.23708333333333],[96.10375,33.198750000000004],[96.12375,33.194583333333334],[96.14708333333333,33.16625],[96.14791666666666,33.14958333333333],[96.19208333333333,33.124583333333334],[96.20958333333333,33.09291666666667],[96.22625,33.10958333333333],[96.24708333333334,33.10541666666667],[96.25458333333333,33.11291666666667],[96.28041666666667,33.09875],[96.29291666666667,33.107083333333335],[96.30458333333333,33.09375],[96.34125,33.077083333333334],[96.36708333333333,33.05041666666667],[96.38625,33.044583333333335],[96.38875,33.03041666666667],[96.39958333333334,33.022083333333335],[96.42541666666666,33.02791666666667],[96.42208333333333,33.00875],[96.43541666666667,33.00208333333333],[96.43208333333334,32.98875],[96.44541666666666,32.98125],[96.44875,32.96958333333333],[96.47041666666667,32.962916666666665],[96.50208333333333,32.96958333333333],[96.51041666666667,32.96041666666667],[96.52374999999999,32.967083333333335],[96.54041666666666,32.95875],[96.56708333333333,32.97375],[96.60875,32.96791666666667],[96.64291666666666,32.989583333333336],[96.65875,32.98708333333333],[96.66625,32.98041666666667],[96.65625,32.96625],[96.69708333333334,32.927083333333336],[96.69708333333334,32.90291666666667],[96.68958333333333,32.89458333333334],[96.70708333333333,32.872083333333336],[96.70791666666666,32.857083333333335],[96.79708333333333,32.822916666666664],[96.79875,32.78458333333334],[96.82541666666667,32.77875],[96.82708333333333,32.760416666666664],[96.86625,32.752916666666664],[96.89708333333333,32.732083333333335],[96.90041666666667,32.72375],[96.88791666666667,32.71958333333333],[96.87875,32.697916666666664],[96.89375,32.680416666666666],[96.96875,32.64541666666667],[96.97875,32.62708333333333],[97.00208333333333,32.62041666666667],[97.01208333333334,32.60541666666667],[97.04958333333333,32.60041666666667],[97.06208333333333,32.587916666666665],[97.07124999999999,32.58958333333334],[97.07958333333333,32.60458333333334],[97.11708333333333,32.60541666666667],[97.13291666666666,32.58541666666667],[97.16541666666666,32.57541666666667],[97.18125,32.57958333333333],[97.22458333333333,32.566250000000004],[97.25375,32.577083333333334],[97.27041666666666,32.552083333333336],[97.29291666666667,32.544583333333335],[97.31708333333333,32.52291666666667],[97.33375,32.51625],[97.35125,32.51958333333334],[97.38791666666667,32.503750000000004],[97.36541666666666,32.47541666666667],[97.34875,32.46875],[97.34041666666667,32.44625],[97.34625,32.43375],[97.36625,32.43875],[97.38541666666667,32.43125],[97.38791666666667,32.415416666666665],[97.39958333333334,32.40375],[97.42208333333333,32.40375],[97.45208333333333,32.38458333333333],[97.47208333333333,32.38791666666667],[97.48375,32.372083333333336],[97.51041666666667,32.36875],[97.53125,32.38458333333333],[97.55125,32.377916666666664],[97.56541666666666,32.36958333333333],[97.57291666666667,32.352916666666665],[97.59791666666666,32.349583333333335],[97.61375,32.32541666666667],[97.63125,32.322916666666664],[97.67458333333333,32.28041666666667],[97.70375,32.276250000000005],[97.71291666666667,32.290416666666665],[97.73958333333333,32.27791666666667],[97.73208333333334,32.26208333333334],[97.75041666666667,32.25791666666667],[97.76375,32.24208333333333],[97.79708333333333,32.25125],[97.80041666666666,32.239583333333336],[97.81041666666667,32.24458333333333],[97.81375,32.23708333333333],[97.82625,32.23625],[97.83624999999999,32.21458333333334],[97.87208333333334,32.22291666666667],[97.89708333333333,32.18541666666667],[97.93458333333334,32.16875],[97.94208333333333,32.14791666666667],[97.95125,32.15625],[97.96375,32.15208333333334],[97.95791666666666,32.10875],[97.94791666666667,32.10041666666667],[97.95375,32.08958333333334],[97.90291666666667,32.08375],[97.89458333333333,32.05625],[97.86375,32.06458333333333],[97.84541666666667,32.05791666666667],[97.84458333333333,32.03791666666667],[97.83541666666666,32.025416666666665],[97.84041666666667,31.992083333333333],[97.86125,31.96875],[97.86041666666667,31.94375],[97.85208333333333,31.937916666666666],[97.84208333333333,31.942083333333336],[97.83958333333334,31.929583333333333],[97.81875,31.918750000000003],[97.81875,31.90791666666667],[97.85291666666666,31.882083333333334],[97.86625,31.83875],[97.85541666666667,31.82625],[97.83791666666667,31.82375],[97.82875,31.807083333333335],[97.84375,31.767916666666668],[97.86208333333333,31.74625],[97.85708333333334,31.732083333333335],[97.87125,31.719583333333333],[97.87541666666667,31.687083333333334],[97.86291666666666,31.672083333333333],[97.89208333333333,31.66625],[97.91708333333334,31.620416666666667],[97.91125,31.607916666666668],[97.89041666666667,31.610416666666666],[97.87625,31.60291666666667],[97.85625,31.577083333333334],[97.84625,31.55125],[97.85791666666667,31.542083333333334],[97.85958333333333,31.52791666666667],[97.84791666666666,31.521250000000002],[97.85625,31.50625],[97.84708333333333,31.49125],[97.82875,31.49041666666667],[97.81541666666666,31.502083333333335],[97.80541666666666,31.49041666666667],[97.78375,31.492916666666666],[97.76708333333333,31.48541666666667],[97.76458333333333,31.49791666666667],[97.73375,31.521250000000002],[97.71458333333334,31.52041666666667],[97.69208333333333,31.500416666666666],[97.70958333333333,31.48375],[97.71875,31.43375],[97.72541666666666,31.431250000000002],[97.72125,31.419583333333335],[97.69791666666667,31.40791666666667],[97.69041666666666,31.39541666666667],[97.70291666666667,31.377083333333335],[97.69875,31.367916666666666],[97.71124999999999,31.341250000000002],[97.72458333333333,31.32875],[97.71124999999999,31.32375],[97.70041666666667,31.302083333333336],[97.70208333333333,31.27041666666667],[97.74125,31.23541666666667],[97.75874999999999,31.236250000000002],[97.76208333333334,31.21125],[97.77541666666667,31.21541666666667],[97.78458333333333,31.202083333333334],[97.79625,31.208750000000002],[97.81625,31.205416666666668],[97.81125,31.19125],[97.81875,31.176250000000003],[97.82958333333333,31.18541666666667],[97.84958333333333,31.176250000000003],[97.86041666666667,31.154583333333335],[97.85708333333334,31.13625],[97.87875,31.13041666666667],[97.86125,31.067083333333336],[97.89208333333333,31.04625],[97.91125,31.022083333333335],[97.91125,31.007083333333334],[97.92458333333333,30.99875],[97.92791666666666,30.985416666666666],[97.92041666666667,30.987083333333334],[97.91875,30.958750000000002],[97.90875,30.940416666666668],[97.92458333333333,30.930416666666666],[97.93375,30.879583333333336],[97.95291666666667,30.867916666666666],[97.95541666666666,30.85125],[98.00125,30.849583333333335],[98.00458333333333,30.84375],[98.01958333333333,30.848750000000003],[98.05041666666666,30.824583333333337],[98.06041666666667,30.824583333333337],[98.08125,30.79625],[98.12458333333333,30.801250000000003],[98.15458333333333,30.789583333333333],[98.17791666666666,30.792916666666667],[98.18541666666667,30.81791666666667],[98.20125,30.812916666666666],[98.20458333333333,30.800416666666667],[98.22041666666667,30.79125],[98.20375,30.76125],[98.21124999999999,30.737916666666667],[98.22375,30.72625],[98.22041666666667,30.71375],[98.22958333333334,30.709583333333335],[98.20875,30.695416666666667],[98.20708333333333,30.68541666666667],[98.22125,30.687916666666666],[98.25125,30.65291666666667],[98.26458333333333,30.653750000000002],[98.27458333333334,30.640416666666667],[98.29875,30.63791666666667],[98.29958333333333,30.62291666666667],[98.31375,30.60375],[98.33125,30.604583333333334],[98.34291666666667,30.58625],[98.36291666666666,30.579583333333336],[98.36625,30.567083333333336],[98.38291666666666,30.557916666666667],[98.39625,30.522916666666667],[98.41458333333333,30.52375],[98.42791666666666,30.507083333333334],[98.42375,30.475416666666668],[98.43458333333334,30.452916666666667],[98.44875,30.45125],[98.45541666666666,30.442083333333336],[98.46291666666667,30.445416666666667],[98.46875,30.430416666666666],[98.49041666666666,30.438750000000002],[98.50625,30.426250000000003],[98.48791666666666,30.404583333333335],[98.48708333333333,30.387083333333337],[98.49208333333333,30.36625],[98.50708333333333,30.34791666666667],[98.49625,30.342916666666667],[98.49625,30.33125],[98.48541666666667,30.330416666666668],[98.48375,30.320416666666667],[98.50791666666666,30.231250000000003],[98.51958333333333,30.222083333333334],[98.50541666666666,30.19875],[98.48541666666667,30.20625],[98.47625,30.202083333333334],[98.47125,30.19125],[98.48208333333334,30.15875],[98.47125,30.142083333333336],[98.47541666666666,30.13041666666667],[98.46041666666666,30.117083333333333],[98.47874999999999,30.09625],[98.47541666666666,30.06875],[98.49541666666667,30.004583333333336],[98.48958333333333,29.99791666666667],[98.46541666666667,30.010416666666668],[98.46124999999999,29.997083333333336],[98.44708333333332,29.997083333333336],[98.43708333333333,30.017083333333336],[98.41708333333334,30.024583333333336],[98.40375,30.00375],[98.40125,29.982083333333335],[98.42375,29.97125],[98.45541666666666,29.918750000000003],[98.47625,29.90291666666667],[98.47458333333333,29.89125],[98.45625,29.87375],[98.48125,29.82625],[98.46208333333334,29.786250000000003],[98.47541666666666,29.772916666666667],[98.50958333333332,29.70125],[98.47125,29.67791666666667],[98.46041666666666,29.661250000000003],[98.48291666666667,29.627083333333335],[98.48375,29.613750000000003],[98.47708333333333,29.611250000000002],[98.49208333333333,29.58291666666667],[98.48125,29.577083333333334],[98.48958333333333,29.564583333333335],[98.48541666666667,29.551250000000003],[98.50041666666667,29.54625],[98.52125,29.519583333333337],[98.52208333333333,29.507916666666667],[98.57458333333334,29.466250000000002],[98.58208333333333,29.45041666666667],[98.58541666666666,29.37375],[98.60208333333333,29.367916666666666],[98.60541666666667,29.350416666666668],[98.63125,29.35375],[98.63125,29.337083333333336],[98.64625,29.32375],[98.64041666666667,29.306250000000002],[98.65291666666667,29.29625],[98.65791666666667,29.27625],[98.71041666666666,29.251250000000002],[98.70041666666667,29.21125],[98.71625,29.189583333333335],[98.73125,29.183750000000003],[98.72291666666666,29.161250000000003],[98.72791666666666,29.13791666666667],[98.74041666666666,29.13041666666667],[98.73375,29.107083333333335],[98.71625,29.08875],[98.72874999999999,29.067083333333336],[98.72874999999999,29.04791666666667],[98.75125,29.02791666666667],[98.75708333333333,29.007083333333334],[98.78625,29.002083333333335],[98.78625,28.987916666666667],[98.81541666666666,28.95125],[98.81041666666667,28.931250000000002],[98.82041666666666,28.92291666666667],[98.81708333333333,28.90125],[98.82708333333333,28.884583333333335],[98.82208333333332,28.88125],[98.82708333333333,28.86041666666667],[98.81958333333333,28.85375],[98.82875,28.849583333333335],[98.82625,28.824583333333337],[98.85041666666666,28.802083333333336],[98.87125,28.812916666666666],[98.91208333333333,28.80375],[98.92541666666666,28.82375],[98.95291666666667,28.812083333333334],[98.96041666666666,28.799583333333334],[98.95291666666667,28.78291666666667],[98.95708333333333,28.752916666666668],[98.97791666666666,28.738750000000003],[98.96791666666667,28.722083333333334],[98.97458333333333,28.692083333333336],[98.98458333333333,28.682083333333335],[98.97625,28.628750000000004],[98.98625,28.584583333333335],[98.97791666666666,28.56041666666667],[98.98791666666666,28.543750000000003],[98.98125,28.527083333333337],[98.98458333333333,28.508750000000003],[98.97291666666666,28.493750000000002],[98.99291666666667,28.479583333333334],[99.00791666666666,28.484583333333333],[99.02458333333334,28.431250000000002],[99.04291666666667,28.419583333333335],[99.03875,28.40041666666667],[99.01625,28.39541666666667],[98.99625,28.37291666666667],[98.95708333333333,28.35125],[98.95375,28.335416666666667],[98.97375,28.32625],[98.97708333333333,28.30541666666667],[98.96708333333333,28.251250000000002],[98.98291666666667,28.21875],[98.97375,28.208750000000002],[98.99791666666667,28.188750000000002],[99.01291666666667,28.147916666666667],[99.05541666666667,28.128750000000004],[99.05541666666667,28.118750000000002],[99.04208333333334,28.107916666666668],[99.05041666666666,28.098750000000003],[99.03375,28.08875],[99.03041666666667,28.074583333333337],[99.01708333333333,28.064583333333335],[99.01791666666666,28.044583333333335],[99.00791666666666,28.03875],[99.02208333333333,27.987083333333334],[99.08624999999999,27.95125],[99.08208333333333,27.922083333333333],[99.08875,27.909583333333334],[99.13125,27.887083333333337],[99.14041666666667,27.856250000000003],[99.12458333333333,27.839583333333337],[99.12708333333333,27.822083333333335],[99.12041666666667,27.812083333333334],[99.12375,27.78875],[99.13791666666667,27.771250000000002],[99.12041666666667,27.754583333333336],[99.13208333333333,27.712083333333336],[99.11708333333333,27.67291666666667],[99.13125,27.67125],[99.14874999999999,27.64875],[99.17375,27.667083333333334],[99.18458333333334,27.653750000000002],[99.17875,27.602083333333336],[99.18041666666667,27.58625],[99.19208333333333,27.574583333333337],[99.19458333333333,27.54625],[99.18541666666667,27.52541666666667],[99.19541666666666,27.503750000000004],[99.18875,27.46541666666667],[99.20208333333333,27.460416666666667],[99.23041666666667,27.47291666666667],[99.24125,27.462083333333336],[99.22291666666666,27.43625],[99.22958333333334,27.429583333333333],[99.25125,27.434583333333336],[99.25874999999999,27.41625],[99.27374999999999,27.417083333333334],[99.26875,27.382916666666667],[99.28458333333333,27.361250000000002],[99.27458333333334,27.34041666666667],[99.29958333333333,27.31875],[99.32375,27.274583333333336],[99.33708333333334,27.264583333333334],[99.33958333333334,27.23791666666667],[99.35458333333334,27.222083333333337],[99.35458333333334,27.21125],[99.36541666666666,27.208750000000002],[99.38208333333333,27.18041666666667],[99.39708333333333,27.194583333333334],[99.41791666666667,27.197916666666668],[99.42875,27.157083333333336],[99.45375,27.14875],[99.45875,27.12541666666667],[99.45291666666667,27.114583333333336],[99.41125,27.10541666666667],[99.41208333333333,27.083750000000002],[99.39791666666666,27.06791666666667],[99.40791666666667,27.05541666666667],[99.43625,27.05541666666667],[99.44041666666666,27.039583333333336],[99.46958333333333,27.023750000000003],[99.47458333333333,27.001250000000002],[99.49041666666666,26.988750000000003],[99.49708333333334,26.948750000000004],[99.52374999999999,26.907083333333336],[99.53458333333333,26.869583333333335],[99.57625,26.857916666666668],[99.56791666666666,26.84625],[99.57875,26.82625],[99.56958333333333,26.799583333333338],[99.58791666666667,26.74125],[99.59958333333333,26.73041666666667],[99.60125,26.705416666666668],[99.62791666666666,26.698750000000004],[99.65791666666667,26.672083333333333],[99.68041666666667,26.670416666666668],[99.70208333333333,26.62791666666667],[99.72625,26.62291666666667],[99.77625,26.647083333333335],[99.77708333333334,26.662916666666668],[99.84458333333333,26.66041666666667],[99.85708333333334,26.67791666666667],[99.88458333333332,26.688750000000002],[99.89541666666666,26.716250000000002],[99.91624999999999,26.72125],[99.91458333333333,26.73375],[99.93125,26.76291666666667],[99.96958333333333,26.757083333333334],[99.98291666666667,26.787083333333335],[100.01291666666667,26.768750000000004],[100.02541666666667,26.772083333333335],[100.01458333333333,26.754583333333336],[100.02291666666666,26.75541666666667],[100.02791666666667,26.74541666666667],[100.03208333333333,26.70791666666667],[100.05125,26.71291666666667],[100.04791666666667,26.731250000000003],[100.07124999999999,26.732916666666668],[100.07791666666667,26.723750000000003],[100.12125,26.725416666666668],[100.12125,26.698750000000004],[100.10625,26.682083333333335],[100.11291666666666,26.647083333333335],[100.08375,26.60291666666667],[100.08624999999999,26.58791666666667],[100.05375,26.598750000000003],[100.04041666666666,26.59541666666667],[100.05125,26.577083333333334],[100.05291666666666,26.548750000000002],[100.06791666666666,26.53875],[100.07541666666667,26.518750000000004],[100.05875,26.51625],[100.04958333333333,26.49291666666667],[100.02541666666667,26.47875],[100.02958333333333,26.464583333333337],[100.04958333333333,26.45375],[100.05125,26.431250000000002],[100.06875,26.418750000000003],[100.08041666666666,26.42875],[100.09875,26.42875],[100.09041666666667,26.394583333333337],[100.10291666666666,26.386250000000004],[100.09625,26.37291666666667],[100.10625,26.357916666666668],[100.09208333333333,26.327083333333334],[100.09875,26.298750000000002],[100.11041666666667,26.28875],[100.10374999999999,26.27541666666667],[100.11541666666666,26.258750000000003],[100.11125,26.247083333333336],[100.12625,26.191250000000004],[100.11458333333333,26.176250000000003],[100.09625,26.176250000000003],[100.10958333333333,26.129583333333336],[100.10291666666666,26.117083333333333],[100.12041666666667,26.104583333333338],[100.11958333333334,26.09541666666667],[100.13958333333333,26.09041666666667],[100.14458333333333,26.081250000000004],[100.13208333333333,26.05791666666667],[100.13125,26.047083333333333],[100.14708333333333,26.042083333333338],[100.13541666666666,26.018750000000004],[100.16458333333333,26.007083333333334],[100.16208333333333,25.993750000000002],[100.17291666666667,25.977083333333333],[100.19208333333333,25.975416666666668],[100.17625,25.94291666666667],[100.20541666666666,25.934583333333336],[100.22791666666666,25.937916666666666],[100.23875,25.92875],[100.29375,25.95041666666667],[100.30625,25.964583333333337],[100.31958333333333,25.953750000000003],[100.31291666666667,25.911250000000003],[100.29791666666667,25.897916666666667],[100.30125,25.887083333333337],[100.28541666666666,25.884583333333335],[100.27791666666667,25.87041666666667],[100.29625,25.856250000000003],[100.30208333333333,25.831250000000004],[100.27125,25.823750000000004],[100.29208333333334,25.798750000000002],[100.29124999999999,25.751250000000002],[100.32041666666666,25.736250000000002],[100.33875,25.69291666666667],[100.37458333333333,25.689583333333335],[100.39208333333333,25.66041666666667],[100.41041666666666,25.65791666666667],[100.42458333333333,25.607916666666668],[100.44375,25.60125],[100.43875,25.588750000000015],[100.44541666666666,25.578750000000014],[100.48124999999999,25.59541666666668],[100.48708333333333,25.586250000000014],[100.51291666666665,25.591250000000013],[100.52541666666666,25.58458333333335],[100.53208333333333,25.597083333333348],[100.54374999999999,25.594583333333347],[100.54208333333332,25.553750000000015],[100.53041666666667,25.547083333333347],[100.54875,25.526250000000015],[100.53791666666666,25.50791666666668],[100.54374999999999,25.443750000000016],[100.56708333333333,25.434583333333347],[100.56875,25.42458333333335],[100.58458333333333,25.414583333333347],[100.57958333333333,25.40458333333335],[100.59458333333333,25.400416666666683],[100.61125,25.374583333333348],[100.60791666666665,25.357083333333346],[100.59791666666666,25.35541666666668],[100.58874999999999,25.341250000000013],[100.59208333333332,25.32791666666668],[100.58041666666666,25.317083333333347],[100.59625,25.311250000000015],[100.59958333333333,25.302083333333346],[100.63624999999999,25.30541666666668],[100.65208333333332,25.34791666666668],[100.68958333333333,25.34791666666668],[100.69624999999999,25.36208333333335],[100.70541666666666,25.36291666666668],[100.71374999999999,25.35458333333335],[100.74041666666666,25.35291666666668],[100.75958333333332,25.381250000000016],[100.79458333333332,25.392083333333346],[100.84541666666667,25.388750000000016],[100.84625,25.371250000000014],[100.86041666666665,25.358750000000015],[100.85624999999999,25.346250000000015],[100.86541666666666,25.313750000000013],[100.93541666666665,25.278750000000013],[100.93875,25.27208333333335],[100.92708333333333,25.26458333333335],[100.93374999999999,25.246250000000014],[100.95291666666665,25.232916666666682],[100.96875,25.23208333333335],[100.97541666666666,25.214583333333348],[100.99208333333333,25.208750000000016],[100.99708333333332,25.168750000000014],[101.00958333333332,25.16041666666668],[101.03458333333333,25.16208333333335],[101.03708333333333,25.171250000000015],[101.06458333333333,25.17541666666668],[101.09208333333332,25.20041666666668],[101.10874999999999,25.18791666666668],[101.12875,25.19708333333335],[101.15458333333332,25.196250000000013],[101.17958333333333,25.161250000000013],[101.19458333333333,25.15541666666668],[101.19791666666666,25.138750000000016],[101.21374999999999,25.13291666666668],[101.21041666666666,25.122916666666683],[101.22958333333332,25.113750000000014],[101.23124999999999,25.098750000000013],[101.25125,25.071250000000013],[101.26624999999999,25.066250000000014],[101.27125,25.051250000000014],[101.29041666666666,25.053750000000015],[101.29708333333332,25.063750000000013],[101.31625,25.059583333333347],[101.32208333333332,25.036250000000013],[101.34541666666667,25.02208333333335],[101.36208333333333,25.02208333333335],[101.37041666666666,25.008750000000013],[101.38541666666666,25.02041666666668],[101.41291666666666,25.008750000000013],[101.41291666666666,24.97791666666668],[101.43958333333333,24.95291666666668],[101.44958333333332,24.93041666666668],[101.44541666666666,24.92291666666668],[101.46291666666666,24.907083333333347],[101.46041666666666,24.89541666666668],[101.47125,24.885416666666682],[101.47458333333333,24.86791666666668],[101.50125,24.850416666666682],[101.50291666666666,24.824583333333347],[101.52791666666666,24.831250000000015],[101.55874999999999,24.822916666666682],[101.56041666666665,24.846250000000015],[101.57624999999999,24.836250000000014],[101.60874999999999,24.86958333333335],[101.60041666666666,24.89708333333335],[101.62791666666666,24.91208333333335],[101.61874999999999,24.931250000000016],[101.62791666666666,24.93958333333335],[101.62374999999999,24.95291666666668],[101.64375,24.966250000000016],[101.63708333333332,24.97291666666668],[101.64708333333333,24.989583333333346],[101.64791666666666,25.011250000000015],[101.66041666666666,25.01291666666668],[101.67124999999999,25.025416666666683],[101.69791666666666,25.023750000000014],[101.71124999999999,25.061250000000015],[101.72375,25.074583333333347],[101.73791666666666,25.069583333333348],[101.74874999999999,25.115416666666682],[101.77291666666666,25.122916666666683],[101.79958333333333,25.144583333333347],[101.79374999999999,25.16041666666668],[101.80208333333333,25.162916666666682],[101.81208333333332,25.184583333333347],[101.81208333333332,25.21041666666668],[101.80291666666666,25.22291666666668],[101.81291666666667,25.231250000000014],[101.81375,25.243750000000013],[101.82708333333332,25.251250000000013],[101.86541666666666,25.249583333333348],[101.88874999999999,25.27291666666668],[101.88791666666665,25.288750000000014],[101.89791666666666,25.30541666666668],[101.88291666666666,25.32208333333335],[101.89541666666666,25.36208333333335],[101.91458333333333,25.393750000000015],[101.93875,25.407083333333347],[101.95041666666665,25.426250000000014],[101.96458333333332,25.423750000000016],[101.96958333333333,25.43958333333335],[101.96458333333332,25.457083333333347],[101.97208333333333,25.488750000000014],[101.96208333333333,25.50791666666668],[101.97208333333333,25.512083333333347],[102.00041666666667,25.455416666666682],[102.02541666666666,25.473750000000013],[102.04541666666665,25.462083333333347],[102.05708333333332,25.44291666666668],[102.07291666666666,25.437083333333348],[102.13041666666666,25.438750000000013],[102.13708333333332,25.41541666666668],[102.12124999999999,25.402083333333348],[102.12791666666666,25.371250000000014],[102.13958333333332,25.364583333333346],[102.14625,25.34791666666668],[102.15708333333333,25.351250000000014],[102.16541666666666,25.366250000000015],[102.18541666666665,25.36791666666668],[102.18541666666665,25.399583333333347],[102.20291666666665,25.421250000000015],[102.18624999999999,25.43791666666668],[102.18875,25.45791666666668],[102.21458333333332,25.475416666666682],[102.23124999999999,25.475416666666682],[102.23541666666665,25.489583333333346],[102.25541666666666,25.50791666666668],[102.28625,25.51291666666668],[102.29374999999999,25.47041666666668],[102.30458333333333,25.47041666666668],[102.30541666666666,25.461250000000014],[102.31958333333333,25.45291666666668],[102.32041666666666,25.42291666666668],[102.35125,25.402083333333348],[102.36124999999998,25.38041666666668],[102.34875,25.371250000000014],[102.34625,25.34958333333335],[102.36541666666666,25.337083333333347],[102.36291666666666,25.308750000000014],[102.34041666666666,25.284583333333348],[102.34208333333332,25.27041666666668],[102.35624999999999,25.25958333333335],[102.35624999999999,25.24541666666668],[102.34124999999999,25.23208333333335],[102.33458333333333,25.190416666666682],[102.31625,25.177083333333346],[102.30041666666666,25.179583333333348],[102.29208333333332,25.162916666666682],[102.25958333333332,25.136250000000015],[102.23458333333332,25.13791666666668],[102.22291666666666,25.124583333333348],[102.20541666666665,25.12041666666668],[102.19874999999999,25.069583333333348],[102.20625,25.060416666666683],[102.18291666666666,25.047083333333347],[102.17541666666666,25.02291666666668],[102.18624999999999,25.01458333333335],[102.19708333333332,24.986250000000016],[102.16541666666666,24.934583333333347],[102.18541666666665,24.929583333333348],[102.18958333333333,24.91208333333335],[102.20875,24.90541666666668],[102.23208333333332,24.913750000000014],[102.24208333333333,24.934583333333347],[102.26041666666666,24.927083333333346],[102.26708333333332,24.934583333333347],[102.30958333333332,24.941250000000014],[102.31541666666666,24.949583333333347],[102.32791666666665,24.94541666666668],[102.32708333333332,24.93208333333335],[102.34458333333333,24.93208333333335],[102.35125,24.923750000000016],[102.34124999999999,24.88958333333335],[102.35458333333332,24.872083333333347],[102.35291666666666,24.85708333333335],[102.34291666666665,24.852083333333347],[102.34208333333332,24.83541666666668],[102.30958333333332,24.796250000000015],[102.28625,24.712916666666683],[102.29458333333332,24.70208333333335],[102.27958333333332,24.692083333333347],[102.29041666666666,24.663750000000014],[102.28708333333333,24.622916666666683],[102.29874999999998,24.618750000000016],[102.30208333333333,24.591250000000016],[102.28875,24.561250000000015],[102.27291666666666,24.553750000000015],[102.28541666666666,24.526250000000015],[102.31041666666665,24.51708333333335],[102.34041666666666,24.525416666666683],[102.34708333333333,24.52041666666668],[102.36124999999998,24.491250000000015],[102.34791666666666,24.462916666666683],[102.35874999999999,24.46208333333335],[102.36375,24.450416666666683],[102.34625,24.420416666666682],[102.35291666666666,24.412916666666682],[102.34208333333332,24.40291666666668],[102.32124999999999,24.40541666666668],[102.29958333333333,24.376250000000017],[102.32208333333332,24.337916666666683],[102.30791666666666,24.32958333333335],[102.31541666666666,24.310416666666683],[102.30624999999999,24.297083333333347],[102.31458333333333,24.26458333333335],[102.32541666666665,24.255416666666683],[102.32124999999999,24.240416666666682],[102.30708333333332,24.227916666666683],[102.28708333333333,24.226250000000014],[102.29624999999999,24.211250000000014],[102.26124999999999,24.194583333333348],[102.24041666666666,24.16708333333335],[102.24874999999999,24.16208333333335],[102.26791666666665,24.17708333333335],[102.28375,24.176250000000014],[102.28291666666667,24.16208333333335],[102.25458333333333,24.138750000000016],[102.25874999999999,24.123750000000015],[102.28875,24.115416666666682],[102.29791666666665,24.103750000000016],[102.31541666666666,24.106250000000017],[102.31458333333333,24.07708333333335],[102.33458333333333,24.05708333333335],[102.30874999999999,24.036250000000017],[102.33208333333333,24.023750000000014],[102.33375,24.012916666666683],[102.35874999999999,24.006250000000016],[102.36375,23.963750000000015],[102.37708333333333,23.95458333333335],[102.37458333333332,23.936250000000015],[102.39958333333333,23.93791666666668],[102.41458333333333,23.950416666666683],[102.42458333333333,23.942916666666683],[102.47375,23.949583333333347],[102.48708333333333,23.963750000000015],[102.48291666666665,23.978750000000016],[102.50541666666666,23.999583333333348],[102.52208333333333,23.975416666666682],[102.52125,23.96208333333335],[102.60291666666666,23.93291666666668],[102.60458333333332,23.922916666666683],[102.63291666666666,23.90708333333335],[102.63458333333332,23.895416666666684],[102.65124999999999,23.896250000000016],[102.65708333333333,23.887916666666683],[102.65791666666667,23.881250000000016],[102.63458333333332,23.874583333333348],[102.65374999999999,23.85708333333335],[102.65374999999999,23.83708333333335],[102.67958333333333,23.822916666666682],[102.67541666666666,23.78041666666668],[102.62791666666666,23.778750000000016],[102.60958333333332,23.757083333333348],[102.58791666666666,23.762083333333347],[102.53124999999999,23.75791666666668],[102.52291666666666,23.751250000000017],[102.50208333333333,23.757083333333348],[102.49458333333332,23.74708333333335],[102.47791666666666,23.756250000000016],[102.45875,23.75041666666668],[102.45374999999999,23.763750000000016],[102.42208333333332,23.75208333333335],[102.36874999999999,23.79458333333335],[102.35541666666666,23.795416666666682],[102.34875,23.773750000000014],[102.32874999999999,23.760416666666682],[102.34541666666667,23.75041666666668],[102.34208333333332,23.734583333333347],[102.36541666666666,23.72958333333335],[102.36541666666666,23.697916666666682],[102.39208333333332,23.686250000000015],[102.41541666666666,23.690416666666682],[102.43458333333332,23.678750000000015],[102.43624999999999,23.66958333333335],[102.46874999999999,23.668750000000017],[102.48875,23.65458333333335],[102.50625,23.652916666666684],[102.51208333333332,23.64208333333335],[102.54208333333332,23.64041666666668],[102.55624999999999,23.61958333333335],[102.54958333333333,23.60208333333335],[102.60041666666666,23.598750000000017],[102.59625,23.58541666666668],[102.60708333333332,23.57708333333335],[102.62124999999999,23.578750000000017],[102.61208333333333,23.560416666666683],[102.63541666666666,23.558750000000014],[102.63208333333333,23.533750000000015],[102.61208333333333,23.51541666666668],[102.59541666666667,23.506250000000016],[102.57124999999999,23.508750000000017],[102.54291666666666,23.48958333333335],[102.52208333333333,23.446250000000017],[102.53708333333333,23.433750000000014],[102.53541666666666,23.42458333333335],[102.54624999999999,23.427916666666682],[102.61375,23.40458333333335],[102.61958333333332,23.42458333333335],[102.63958333333332,23.41791666666668],[102.67208333333332,23.426250000000017],[102.69708333333332,23.440416666666682],[102.69791666666666,23.45208333333335],[102.71874999999999,23.45208333333335],[102.73541666666665,23.463750000000015],[102.76291666666665,23.448750000000015],[102.79208333333332,23.46208333333335],[102.79541666666665,23.477916666666683],[102.81625,23.478750000000016],[102.83125,23.43958333333335],[102.81541666666666,23.410416666666684],[102.83958333333332,23.394583333333347],[102.85541666666666,23.41458333333335],[102.87791666666666,23.413750000000014],[102.88291666666666,23.426250000000017],[102.90374999999999,23.430416666666684],[102.92041666666665,23.448750000000015],[102.91874999999999,23.457083333333347],[102.92458333333332,23.45458333333335],[102.93458333333332,23.461250000000017],[102.93374999999999,23.46958333333335],[102.94125,23.46958333333335],[102.94125,23.48208333333335],[102.98875,23.47958333333335],[103.00375,23.488750000000017],[103.00291666666666,23.478750000000016],[103.03124999999999,23.472916666666684],[103.01541666666665,23.45208333333335],[103.04291666666666,23.42708333333335],[103.01958333333333,23.39041666666668],[103.05125,23.387916666666683],[103.05791666666666,23.398750000000017],[103.06208333333332,23.39208333333335],[103.09458333333332,23.393750000000015],[103.09625,23.386250000000015],[103.11041666666665,23.38458333333335],[103.12791666666666,23.36958333333335],[103.13458333333332,23.31458333333335],[103.15791666666667,23.319583333333348],[103.17458333333332,23.29958333333335],[103.19208333333333,23.29291666666668],[103.20624999999998,23.253750000000014],[103.19874999999999,23.242083333333348],[103.18124999999999,23.242916666666684],[103.18291666666666,23.23041666666668],[103.17541666666666,23.227916666666683],[103.19208333333333,23.21791666666668],[103.19125,23.205416666666682],[103.20541666666665,23.194583333333348],[103.24208333333333,23.187916666666684],[103.26791666666665,23.19958333333335],[103.27624999999999,23.196250000000017],[103.27624999999999,23.207916666666684],[103.29374999999999,23.226250000000014],[103.32791666666665,23.21958333333335],[103.35958333333332,23.197916666666682],[103.37041666666666,23.205416666666682],[103.37458333333332,23.221250000000015],[103.38291666666666,23.215416666666684],[103.39208333333332,23.228750000000016],[103.40374999999999,23.233750000000015],[103.41291666666666,23.227916666666683],[103.42291666666665,23.23791666666668],[103.43208333333332,23.22958333333335],[103.41958333333332,23.20208333333335],[103.43958333333333,23.197916666666682],[103.45458333333332,23.226250000000014],[103.47208333333333,23.235416666666683],[103.48458333333332,23.268750000000015],[103.51791666666665,23.26208333333335],[103.52874999999999,23.301250000000017],[103.52125,23.341250000000016],[103.50541666666666,23.348750000000017],[103.50458333333333,23.367916666666684],[103.49291666666666,23.374583333333348],[103.48458333333332,23.366250000000015],[103.46958333333332,23.386250000000015],[103.47541666666666,23.392916666666682],[103.47041666666667,23.40541666666668],[103.47874999999999,23.41458333333335],[103.45624999999998,23.446250000000017],[103.45958333333333,23.457083333333347],[103.44958333333332,23.473750000000017],[103.46374999999999,23.47958333333335],[103.47625,23.46708333333335],[103.49125,23.482916666666682],[103.50791666666666,23.471250000000015],[103.51124999999999,23.483750000000015],[103.54958333333332,23.442916666666683],[103.55958333333332,23.453750000000017],[103.60708333333332,23.461250000000017],[103.60291666666666,23.45208333333335],[103.62291666666665,23.437916666666684],[103.61791666666666,23.42708333333335],[103.64041666666665,23.426250000000017],[103.63791666666665,23.418750000000017],[103.66708333333332,23.381250000000016],[103.67708333333333,23.380416666666683],[103.68541666666665,23.39041666666668],[103.67958333333333,23.41458333333335],[103.69125,23.42458333333335],[103.69125,23.435416666666683],[103.70458333333332,23.44208333333335],[103.70541666666665,23.456250000000015],[103.71958333333332,23.461250000000017],[103.70708333333333,23.475416666666682],[103.72125,23.497916666666683],[103.69708333333332,23.499583333333348],[103.68874999999998,23.511250000000015],[103.66791666666666,23.503750000000014],[103.65791666666667,23.51708333333335],[103.59625,23.538750000000014],[103.58874999999999,23.552916666666682],[103.59374999999999,23.562083333333348],[103.57374999999999,23.57458333333335],[103.56541666666666,23.57208333333335],[103.54708333333332,23.59208333333335],[103.55541666666666,23.628750000000014],[103.58375,23.63958333333335],[103.57624999999999,23.64958333333335],[103.57874999999999,23.662916666666682],[103.61208333333332,23.64708333333335],[103.63708333333332,23.653750000000016],[103.63458333333332,23.66208333333335],[103.64291666666665,23.66708333333335],[103.65791666666667,23.661250000000017],[103.65124999999999,23.677916666666682],[103.68291666666666,23.699583333333347],[103.68124999999999,23.726250000000014],[103.70124999999999,23.73208333333335],[103.70124999999999,23.74541666666668],[103.72708333333333,23.75791666666668],[103.75874999999999,23.75458333333335],[103.75541666666666,23.77208333333335],[103.74458333333332,23.773750000000014],[103.73958333333333,23.783750000000015],[103.74874999999999,23.822916666666682],[103.76208333333332,23.822916666666682],[103.76791666666665,23.837916666666683],[103.78708333333333,23.83541666666668],[103.79958333333332,23.846250000000015],[103.78625,23.858750000000015],[103.79541666666665,23.87541666666668],[103.81458333333333,23.868750000000016],[103.85374999999999,23.871250000000014],[103.85458333333332,23.882083333333348],[103.86874999999999,23.88458333333335],[103.87708333333333,23.89791666666668],[103.88874999999999,23.89708333333335],[103.88624999999999,23.907916666666683],[103.90208333333332,23.926250000000014],[103.93291666666666,23.92458333333335],[103.93374999999999,23.941250000000014],[103.96124999999999,23.947916666666682],[103.96041666666666,23.977083333333347],[103.96791666666665,23.981250000000017],[103.98291666666665,23.973750000000017],[103.98958333333333,23.955416666666682],[103.97291666666666,23.944583333333348],[103.97541666666666,23.923750000000016],[104.01208333333332,23.918750000000017],[104.02208333333333,23.92541666666668],[104.04374999999999,23.91708333333335],[104.05375,23.903750000000016],[104.08041666666665,23.90708333333335],[104.08291666666666,23.895416666666684],[104.10041666666666,23.881250000000016],[104.10291666666666,23.841250000000016],[104.12208333333332,23.832916666666684],[104.11958333333332,23.818750000000016],[104.07958333333332,23.810416666666683],[104.10291666666666,23.79291666666668],[104.12124999999999,23.78958333333335],[104.09875,23.77458333333335],[104.09875,23.763750000000016],[104.11958333333332,23.75958333333335],[104.13208333333333,23.769583333333347],[104.13874999999999,23.752916666666682],[104.17625,23.746250000000014],[104.17708333333333,23.732916666666682],[104.19958333333332,23.74541666666668],[104.20708333333333,23.74541666666668],[104.20875,23.736250000000016],[104.22708333333333,23.736250000000016],[104.23208333333332,23.748750000000015],[104.23875,23.73708333333335],[104.25124999999998,23.736250000000016],[104.24291666666666,23.694583333333348],[104.22791666666666,23.681250000000016],[104.20708333333333,23.680416666666684],[104.19291666666666,23.65541666666668],[104.20708333333333,23.64208333333335],[104.19624999999999,23.626250000000017],[104.20541666666665,23.615416666666682],[104.19708333333332,23.608750000000015],[104.20541666666665,23.601250000000014],[104.20041666666665,23.589583333333348],[104.18958333333333,23.581250000000015],[104.17875,23.59291666666668],[104.17958333333333,23.578750000000017],[104.15958333333333,23.571250000000017],[104.17124999999999,23.562083333333348],[104.15124999999999,23.555416666666684],[104.16624999999999,23.538750000000014],[104.19041666666666,23.541250000000016],[104.19125,23.527916666666684],[104.19958333333332,23.528750000000016],[104.20208333333332,23.518750000000015],[104.21041666666666,23.53208333333335],[104.22874999999999,23.536250000000017],[104.22208333333333,23.54291666666668],[104.23458333333332,23.556250000000016],[104.23374999999999,23.569583333333348],[104.26291666666665,23.561250000000015],[104.26458333333332,23.58708333333335],[104.28625,23.58458333333335],[104.29374999999999,23.60208333333335],[104.31208333333332,23.596250000000015],[104.32291666666666,23.582916666666684],[104.34291666666665,23.58541666666668],[104.34791666666666,23.57958333333335],[104.37458333333332,23.60458333333335],[104.40458333333332,23.609583333333347],[104.40541666666665,23.598750000000017],[104.42374999999998,23.607916666666682],[104.43624999999999,23.59291666666668],[104.46041666666666,23.611250000000016],[104.46874999999999,23.57041666666668],[104.48958333333333,23.562083333333348],[104.50124999999998,23.576250000000016],[104.51208333333332,23.571250000000017],[104.53291666666665,23.58541666666668],[104.53625,23.60708333333335],[104.56208333333332,23.617916666666684],[104.58791666666666,23.609583333333347],[104.59875,23.632083333333348],[104.60874999999999,23.632083333333348],[104.60125,23.657916666666683],[104.59291666666665,23.66458333333335],[104.58041666666665,23.661250000000017],[104.55458333333333,23.685416666666683],[104.56541666666666,23.700416666666683],[104.59208333333332,23.69708333333335],[104.60458333333332,23.707916666666684],[104.59625,23.721250000000015],[104.58041666666665,23.71708333333335],[104.56124999999999,23.748750000000015],[104.54124999999999,23.748750000000015],[104.54458333333332,23.755416666666683],[104.52541666666666,23.762916666666683],[104.54291666666666,23.787916666666682],[104.56541666666666,23.786250000000017],[104.57958333333332,23.798750000000016],[104.59458333333332,23.795416666666682],[104.60125,23.832916666666684],[104.61708333333333,23.84208333333335],[104.62624999999998,23.82958333333335],[104.63374999999999,23.830416666666682],[104.63125,23.840416666666684],[104.65124999999999,23.838750000000015],[104.64791666666666,23.826250000000016],[104.66708333333332,23.80791666666668],[104.68208333333332,23.81291666666668],[104.69958333333332,23.790416666666683],[104.71458333333332,23.790416666666683],[104.68708333333332,23.767916666666682],[104.69375,23.75791666666668],[104.68541666666665,23.748750000000015],[104.69291666666666,23.742916666666684],[104.72208333333333,23.748750000000015],[104.73374999999999,23.735416666666683],[104.76541666666665,23.748750000000015],[104.79041666666666,23.748750000000015],[104.78625,23.758750000000017],[104.79708333333332,23.777916666666684],[104.81124999999999,23.77958333333335],[104.81291666666665,23.787916666666682],[104.85125,23.788750000000014],[104.87624999999998,23.777083333333348],[104.87208333333332,23.769583333333347],[104.88958333333332,23.75458333333335],[104.88624999999999,23.734583333333347],[104.91125,23.727916666666683],[104.92041666666665,23.734583333333347],[104.92041666666665,23.762916666666683],[104.93458333333332,23.767916666666682],[104.94125,23.758750000000017],[104.95208333333332,23.76541666666668],[104.95875,23.742916666666684],[105.01208333333332,23.735416666666683],[105.01541666666665,23.71958333333335],[105.03124999999999,23.71208333333335],[105.04208333333332,23.718750000000014],[105.05375,23.70291666666668],[105.08458333333333,23.698750000000015],[105.08458333333333,23.691250000000014],[105.07208333333332,23.685416666666683],[105.09041666666666,23.670416666666682],[105.13125,23.690416666666682],[105.14041666666665,23.707916666666684],[105.18624999999999,23.700416666666683],[105.20124999999999,23.711250000000014],[105.20958333333333,23.707083333333347],[105.21124999999999,23.69208333333335],[105.19958333333332,23.692916666666683],[105.19791666666666,23.676250000000017],[105.20791666666666,23.66041666666668],[105.23208333333332,23.64958333333335],[105.21624999999999,23.637916666666683],[105.22625,23.628750000000014],[105.21541666666666,23.625416666666684],[105.21624999999999,23.610416666666683],[105.22791666666666,23.597083333333348],[105.24624999999999,23.603750000000016],[105.24458333333332,23.593750000000014],[105.26874999999998,23.590416666666684],[105.26791666666665,23.583750000000016],[105.25291666666666,23.583750000000016],[105.25041666666665,23.573750000000015],[105.27624999999999,23.568750000000016],[105.28041666666665,23.536250000000017],[105.30041666666665,23.52291666666668],[105.32958333333332,23.52208333333335],[105.33624999999999,23.502916666666682],[105.35624999999999,23.49541666666668],[105.35708333333332,23.483750000000015],[105.38458333333332,23.48958333333335],[105.39291666666665,23.498750000000015],[105.40374999999999,23.493750000000016],[105.43041666666666,23.503750000000014],[105.42374999999998,23.517916666666682],[105.41375,23.51458333333335],[105.38291666666666,23.541250000000016],[105.39374999999998,23.545416666666682],[105.39374999999998,23.53958333333335],[105.40458333333332,23.54291666666668],[105.42124999999999,23.53208333333335],[105.43708333333332,23.534583333333348],[105.43958333333332,23.526250000000015],[105.47375,23.533750000000015],[105.50375,23.516250000000017],[105.49624999999999,23.505416666666683],[105.50458333333333,23.497916666666683],[105.51458333333332,23.506250000000016],[105.54124999999999,23.503750000000014],[105.54874999999998,23.51708333333335],[105.56041666666665,23.503750000000014],[105.55958333333332,23.48708333333335],[105.58208333333332,23.498750000000015],[105.60458333333332,23.481250000000017],[105.64374999999998,23.486250000000016],[105.64041666666665,23.471250000000015],[105.64291666666665,23.462916666666683],[105.65458333333332,23.46041666666668],[105.65374999999999,23.440416666666682],[105.67958333333333,23.444583333333348],[105.69458333333333,23.436250000000015],[105.71874999999999,23.446250000000017],[105.72874999999999,23.43291666666668],[105.74041666666666,23.43208333333335],[105.75208333333332,23.446250000000017],[105.75791666666666,23.43958333333335],[105.74874999999999,23.423750000000016],[105.76541666666665,23.409583333333348],[105.75625,23.381250000000016],[105.77125,23.34958333333335],[105.78875,23.34208333333335],[105.80208333333333,23.356250000000017],[105.81041666666665,23.337916666666683],[105.84875,23.319583333333348],[105.85208333333333,23.298750000000016],[105.85791666666665,23.306250000000016],[105.87374999999999,23.295416666666682],[105.89541666666665,23.303750000000015],[105.93124999999999,23.268750000000015],[105.94958333333332,23.221250000000015],[105.94708333333332,23.207916666666684],[105.96374999999999,23.198750000000015],[105.96124999999999,23.17208333333335],[105.97041666666665,23.165416666666683],[105.96874999999999,23.14208333333335],[105.95624999999998,23.13708333333335],[105.95291666666665,23.122916666666683],[105.96958333333332,23.08541666666668],[105.95041666666665,23.05708333333335],[105.96874999999999,23.018750000000015],[105.95124999999999,23.010416666666682],[105.95291666666665,22.99458333333335],[105.94041666666665,22.986250000000016],[105.93541666666665,22.96041666666668],[105.92458333333332,22.950416666666683],[105.91125,22.962916666666683],[105.88958333333332,22.96208333333335],[105.88125,22.95208333333335],[105.87541666666665,22.956250000000015],[105.88041666666666,22.965416666666684],[105.85041666666666,22.985416666666683],[105.84708333333333,22.997916666666683],[105.82874999999999,22.993750000000016],[105.81541666666665,22.999583333333348],[105.81791666666666,22.99458333333335],[105.80291666666666,22.991250000000015],[105.87707000000006,22.91253000000006],[105.99137000000007,22.938190000000077],[106.00569000000007,22.952810000000056],[106.01485000000008,22.98249000000004],[106.07749000000007,22.990830000000074],[106.13472000000007,22.98861000000005],[106.19561000000004,22.973880000000065],[106.22359000000006,22.955550000000073],[106.25207000000006,22.904160000000047],[106.25613000000004,22.87215000000009],[106.29429000000005,22.857080000000053],[106.34123000000005,22.853330000000085],[106.47361000000006,22.890550000000076],[106.50027000000006,22.90569000000005],[106.52196000000004,22.932670000000087],[106.59248000000008,22.913610000000062],[106.70289000000002,22.866940000000056],[106.77832000000006,22.80305000000004],[106.78749000000005,22.76389000000006],[106.71748000000008,22.630550000000085],[106.60713000000004,22.60493000000008],[106.55171000000007,22.45682000000005],[106.56498000000005,22.349300000000085],[106.58665000000008,22.33541000000008],[106.64873000000006,22.328820000000064],[106.69220000000007,22.216310000000078],[106.67005000000006,22.20416000000006],[106.66858000000008,22.174720000000036],[106.69332000000003,22.030830000000037],[106.73749000000004,21.99972000000008],[106.86331000000007,21.979160000000036],[107.02110000000005,21.939160000000072],[107.04401000000007,21.921390000000088],[107.04249000000004,21.889510000000087],[107.01583000000005,21.849860000000035],[107.02402000000006,21.820620000000076],[107.21361000000007,21.711520000000064],[107.25339000000008,21.710200000000043],[107.26860000000005,21.72416000000004],[107.29859000000005,21.729370000000074],[107.34040000000005,21.681380000000047],[107.36273000000006,21.605260000000044],[107.53179000000006,21.58639000000005],[107.66027000000003,21.61000000000007],[107.71012000000007,21.62722000000008],[107.78305000000006,21.666940000000068],[107.86081000000007,21.647770000000037],[107.94748000000004,21.544440000000066],[107.96888000000007,21.535690000000045],[107.99785000000003,21.53934000000004],[108.03360000000004,21.52138000000008],[108.06429000000003,21.486660000000086],[107.93143000000003,21.439020000000085],[107.91547000000003,21.458260000000053],[107.92679000000004,21.484230000000082],[107.91540000000003,21.520140000000083],[107.89194000000003,21.53215000000006],[107.85485000000006,21.525550000000067],[107.59478000000007,21.29278000000005],[107.48082000000005,21.290000000000077],[107.46631000000008,21.30562000000009],[107.41651000000007,21.32597000000004],[107.36693000000002,21.265270000000044],[107.36282000000006,21.182360000000074],[107.38248000000004,21.135000000000048],[107.36267000000004,21.057700000000068],[107.37067000000008,21.025690000000054],[107.34998000000007,21.00882000000007],[107.23221000000007,20.993880000000047],[107.15443000000005,20.924990000000037],[107.07422000000003,20.95041000000009],[107.08429000000007,20.98625000000004],[107.14650000000006,21.036140000000046],[107.03720000000004,20.996660000000077],[107.01465000000007,20.950560000000053],[106.97777000000008,20.945550000000082],[106.94147000000004,20.95338000000004],[106.87673000000007,20.988210000000038],[106.87040000000007,20.96041000000008],[106.92106000000007,20.93438000000009],[106.94288000000006,20.904820000000086],[106.88235000000003,20.90271000000007],[106.86263000000008,20.871180000000038],[106.83591000000007,20.916780000000074],[106.77539000000007,20.935790000000054],[106.80060000000003,20.960620000000063],[106.82303000000007,20.96992000000006],[106.80970000000008,21.011670000000038],[106.79137000000003,21.026110000000074],[106.64666000000005,21.021660000000054],[106.64357000000007,21.01748000000009],[106.67096000000004,21.007570000000044],[106.66703000000007,20.982230000000072],[106.67969000000005,20.95408000000009],[106.75888000000003,20.933880000000045],[106.74161000000004,20.886520000000075],[106.69588000000005,20.876670000000047],[106.74305000000004,20.840280000000064],[106.72527000000008,20.799720000000036],[106.77999000000005,20.74055000000004],[106.77693000000005,20.699160000000063],[106.68081000000006,20.63847000000004],[106.64790000000005,20.626040000000046],[106.59721000000008,20.63259000000005],[106.62304000000006,20.59083000000004],[106.58402000000007,20.342500000000086],[106.56708000000003,20.287010000000066],[106.52321000000006,20.31195000000008],[106.49551000000008,20.29967000000005],[106.53526000000005,20.29722000000004],[106.55734000000007,20.271250000000066],[106.50471000000005,20.225550000000055],[106.34194000000008,20.156940000000077],[106.32500000000005,20.128330000000062],[106.20749000000006,20.00944000000004],[106.17456000000004,19.986380000000054],[106.10581000000008,19.97076000000004],[106.11190000000005,20.028880000000072],[106.07714000000004,19.961730000000045],[106.02527000000003,19.990830000000074],[105.95679000000007,19.923050000000046],[105.91277000000008,19.79305000000005],[105.80859000000004,19.601110000000062],[105.81797000000006,19.565900000000056],[105.80415000000005,19.45583000000005],[105.78484000000003,19.398190000000056],[105.80642000000006,19.27422000000007],[105.74275000000006,19.226380000000063],[105.61052000000007,19.00389000000007],[105.63857000000007,18.89065000000005],[105.69595000000004,18.85666000000009],[105.75650000000007,18.765280000000075],[105.75749000000008,18.683260000000075],[105.74970000000008,18.662490000000048],[105.77138000000008,18.67250000000007],[105.79414000000003,18.671110000000056],[105.84109000000007,18.56305000000009],[105.88361000000003,18.499160000000074],[106.05609000000004,18.316110000000037],[106.11304000000007,18.27028000000007],[106.16208000000006,18.261670000000038],[106.27026000000006,18.19944000000004],[106.44386000000003,18.038050000000055],[106.50992000000008,17.95611000000008],[106.45374000000004,17.872910000000047],[106.42499000000004,17.74166000000008],[106.49498000000006,17.691110000000037],[106.64276000000007,17.46694000000008],[106.69886000000008,17.39972000000006],[106.82166000000007,17.288890000000038],[107.11636000000004,17.081840000000057],[107.12997000000007,17.01194000000004],[107.19166000000007,16.87472000000008],[107.34276000000006,16.78917000000007],[107.54012000000006,16.629020000000082],[107.44911000000008,16.655290000000036],[107.44845000000004,16.638330000000053],[107.50512000000003,16.604090000000042],[107.59414000000004,16.580550000000073],[107.69957000000005,16.514170000000092],[107.81749000000008,16.382080000000087],[107.79067000000003,16.37472000000008],[107.81151000000006,16.312010000000043],[107.83693000000005,16.29389000000009],[107.88275000000004,16.278050000000064],[107.90658000000008,16.281600000000083],[107.96972000000005,16.333890000000054],[108.02665000000007,16.324170000000038],[108.04803000000004,16.311660000000074],[108.08719000000008,16.248880000000042],[108.18858000000006,16.199160000000063],[108.16487000000006,16.184300000000064],[108.14312000000007,16.155550000000062],[108.13791000000003,16.127770000000055],[108.22146000000004,16.055210000000045],[108.20117000000005,15.99944000000005],[108.23675000000003,16.032110000000046],[108.23221000000007,16.13388000000009],[108.24658000000005,16.154370000000085],[108.33082000000007,16.15041000000008],[108.34103000000005,16.132080000000087],[108.30602000000005,16.107500000000073],[108.26346000000007,16.09764000000007],[108.26802000000004,16.03472000000005],[108.28791000000007,15.975140000000067],[108.30582000000004,15.948330000000055],[108.42276000000004,15.806110000000047],[108.62498000000005,15.48222000000004],[108.75891000000007,15.395950000000084],[108.80026000000004,15.42722000000009],[108.82917000000003,15.421940000000063],[108.88275000000004,15.281390000000044],[108.89414000000005,15.13277000000005],[108.92858000000007,15.000830000000065],[109.00167000000005,14.836390000000051],[109.07873000000006,14.723190000000045],[109.09179000000006,14.67250000000007],[109.08027000000004,14.641390000000058],[109.07860000000005,14.548330000000078],[109.12387000000007,14.405830000000037],[109.15721000000008,14.330280000000073],[109.18720000000008,14.290830000000085],[109.20444000000003,14.237780000000043],[109.21416000000005,14.120280000000037],[109.25748000000004,14.022910000000081],[109.30443000000002,13.864440000000059],[109.30262000000005,13.751590000000078],[109.26818000000003,13.75347000000005],[109.26569000000006,13.817290000000071],[109.25019000000003,13.885000000000048],[109.21805000000006,13.816110000000037],[109.24295000000006,13.766920000000084],[109.22415000000007,13.737220000000036],[109.23452000000003,13.697040000000072],[109.23665000000005,13.638330000000053],[109.25665000000004,13.555280000000039],[109.22998000000007,13.441940000000045],[109.22887000000003,13.408610000000067],[109.31359000000003,13.108470000000068],[109.39901000000003,12.98500000000007],[109.43206000000004,12.955000000000041],[109.46485000000007,12.900550000000067],[109.46186000000006,12.860970000000066],[109.43234000000007,12.84319000000005],[109.41555000000005,12.862220000000036],[109.22859000000005,12.681660000000079],[109.19733000000008,12.631530000000055],[109.19609000000003,12.577500000000043],[109.20639000000006,12.545280000000048],[109.29915000000005,12.460550000000069],[109.34693000000004,12.394930000000045],[109.33638000000008,12.372640000000047],[109.30172000000005,12.345690000000047],[109.27262000000007,12.362010000000055],[109.22082000000006,12.430830000000071],[109.17657000000003,12.45691000000005],[109.14700000000005,12.432080000000042],[109.21608000000003,12.323610000000087],[109.20527000000004,12.099300000000085],[109.26999000000006,11.892500000000041],[109.22581000000008,11.93500000000006],[109.22546000000006,11.98222000000004],[109.18311000000006,12.116940000000056],[109.17997000000003,12.045000000000073],[109.20325000000003,12.016530000000046],[109.20915000000008,11.97861000000006],[109.18790000000007,11.924580000000049],[109.16138000000007,11.900410000000079],[109.13957000000005,11.894100000000037],[109.12337000000008,11.848230000000058],[109.19331000000005,11.79278000000005],[109.22110000000004,11.756110000000092],[109.20915000000008,11.701940000000093],[109.18067000000008,11.629720000000077],[109.13428000000005,11.567360000000065],[109.07269000000008,11.580070000000092],[109.05255000000005,11.593540000000075],[109.03749000000005,11.578050000000076],[109.02193000000005,11.514720000000068],[109.01651000000004,11.393330000000049],[109.02168000000006,11.362250000000074],[108.96215000000007,11.311460000000068],[108.93401000000006,11.308330000000069],[108.86800000000005,11.334710000000086],[108.80984000000007,11.317220000000077],[108.66456000000005,11.18861000000004],[108.58359000000007,11.181670000000054],[108.53247000000005,11.149440000000084],[108.49032000000005,11.095690000000047],[108.24497000000008,10.94903000000005],[108.13552000000004,10.925830000000076],[108.09192000000007,10.900830000000042],[108.05496000000005,10.844720000000052],[108.03275000000008,10.769720000000063],[107.99970000000008,10.704230000000052],[107.95595000000003,10.705690000000061],[107.90997000000004,10.718470000000082],[107.88386000000003,10.71652000000006],[107.82538000000005,10.694790000000069],[107.75608000000005,10.63916000000006],[107.58664000000005,10.572390000000041],[107.51748000000003,10.503050000000087],[107.44094000000007,10.466810000000066],[107.32886000000008,10.445830000000058],[107.26619000000005,10.376130000000046],[107.22903000000008,10.397310000000061],[107.21219000000008,10.437500000000057],[107.17217000000005,10.47572000000008],[107.13278000000003,10.467550000000074],[107.05358000000007,10.495270000000062],[107.03497000000004,10.53111000000007],[107.02329000000003,10.630330000000072],[106.99858000000006,10.655060000000049],[107.02123000000006,10.590000000000089],[107.01539000000002,10.537920000000042],[106.99433000000005,10.576460000000054],[106.99361000000005,10.614820000000066],[106.98164000000003,10.565410000000043],[106.99398000000008,10.520550000000071],[106.96715000000006,10.474620000000073],[106.96046000000007,10.507530000000088],[106.94024000000007,10.530000000000086],[106.93393000000003,10.574160000000063],[106.94273000000004,10.592430000000093],[106.90414000000004,10.631390000000067],[106.87899000000004,10.64597000000009],[106.76303000000007,10.68055000000004],[106.74167000000006,10.660900000000083],[106.75748000000004,10.635830000000055],[106.77053000000006,10.589300000000037],[106.74957000000006,10.57734000000005],[106.73648000000003,10.550980000000038],[106.73525000000006,10.512080000000083],[106.66231000000005,10.490800000000092],[106.59155000000004,10.42969000000005],[106.73246000000006,10.470480000000066],[106.79142000000007,10.38958000000008],[106.79469000000006,10.310280000000091],[106.78424000000007,10.279790000000048],[106.68762000000004,10.29087000000004],[106.65122000000008,10.280140000000074],[106.57387000000006,10.288890000000038],[106.53593000000006,10.305280000000039],[106.49543000000006,10.301160000000039],[106.42432000000008,10.311380000000042],[106.48636000000005,10.273890000000051],[106.69608000000005,10.208750000000066],[106.79315000000003,10.15701000000007],[106.80247000000003,10.124230000000068],[106.77803000000006,10.082360000000051],[106.65046000000007,9.969790000000046],[106.60386000000005,9.974090000000047],[106.48455000000007,10.03708000000006],[106.39663000000007,10.149720000000059],[106.36462000000006,10.208680000000072],[106.33192000000003,10.242500000000064],[106.29663000000005,10.255000000000052],[106.38665000000003,10.121940000000052],[106.49655000000007,10.00347000000005],[106.56693000000007,9.974720000000048],[106.68844000000007,9.893890000000056],[106.69343000000003,9.872220000000084],[106.67440000000005,9.842220000000054],[106.60711000000003,9.81087000000008],[106.48685000000006,9.917640000000063],[106.38525000000004,9.975550000000055],[106.16553000000005,10.207220000000063],[106.12086000000005,10.23798000000005],[106.11481000000003,10.234070000000088],[106.16441000000003,10.164160000000038],[106.29080000000005,10.039580000000058],[106.30864000000003,10.010490000000061],[106.45304000000004,9.876390000000072],[106.57067000000006,9.74139000000008],[106.57984000000005,9.663470000000075],[106.54303000000004,9.583610000000078],[106.50413000000003,9.550690000000088],[106.41844000000003,9.531390000000044],[106.39845000000003,9.53236000000004],[106.28458333333333,9.6050362474489],[106.26791666666666,9.572083333333339],[106.25625,9.571250000000006],[106.22874999999999,9.586250000000007],[106.21291666666667,9.60958333333334],[106.19208333333333,9.61291666666667],[106.18458333333334,9.639583333333338],[106.17625,9.637916666666673],[106.15875,9.653750000000006],[106.15625,9.668750000000006],[106.14625,9.66458333333334],[106.14791666666666,9.67208333333334],[106.12791666666666,9.686250000000005],[106.12708333333333,9.696250000000006],[106.13541666666666,9.700416666666673],[106.12875,9.713750000000005],[106.11625,9.712916666666672],[106.10541666666666,9.70458333333334],[106.12041666666667,9.682083333333338],[106.10991376384642,9.678750000000004],[106.20609000000007,9.522780000000068],[106.21066000000008,9.50153000000006],[106.19455000000005,9.368470000000059],[106.17288000000008,9.355900000000076],[106.13607000000007,9.350550000000055],[105.99553000000003,9.304160000000081],[105.84336000000008,9.240960000000086],[105.53387000000004,9.129440000000045],[105.40734000000003,8.997780000000091],[105.35442000000006,8.846660000000043],[105.30540000000008,8.775420000000054],[105.12130000000008,8.62507000000005],[105.02110000000005,8.592780000000062],[104.86464000000007,8.55923000000007],[104.76694000000003,8.585550000000069],[104.74275000000006,8.605000000000075],[104.89082000000008,8.693890000000067],[104.92255000000006,8.745210000000043],[104.91638000000006,8.80222000000009],[104.82033000000007,8.769030000000043],[104.79894000000007,8.792220000000043],[104.83722000000006,9.561800000000062],[104.86053000000004,9.692500000000052],[104.89921000000004,9.81069000000008],[105.03886000000006,9.92722000000009],[105.07271000000003,9.937500000000057],[105.11275000000006,9.854790000000037],[105.10747000000003,9.945280000000082],[105.08748000000003,9.98972000000009],[105.05553000000003,10.033890000000042],[104.98177000000004,10.104440000000068],[104.89740000000006,10.094650000000058],[104.85330000000005,10.135000000000048],[104.80150000000003,10.207430000000045],[104.74580000000003,10.230000000000075],[104.72351000000003,10.232360000000085],[104.68718000000007,10.203890000000058],[104.61024000000003,10.16889000000009],[104.58193000000006,10.270690000000059],[104.49802000000005,10.388610000000085],[104.25129000000004,10.566180000000088],[104.12775000000005,10.557770000000062],[104.09372000000008,10.547780000000046],[103.93108000000007,10.588190000000054],[103.80469000000005,10.531330000000082],[103.75855000000007,10.531960000000083],[103.73636000000005,10.495970000000057],[103.63499000000007,10.490210000000047],[103.52165000000008,10.604440000000068],[103.51609000000008,10.638050000000078],[103.55857000000003,10.713330000000042],[103.58830000000006,10.731110000000058],[103.68439000000006,10.740570000000048],[103.66615000000007,10.756110000000092],[103.67635000000007,10.800550000000044],[103.71734000000004,10.836670000000083],[103.71942000000007,10.887500000000045],[103.66664000000003,11.027780000000064],[103.55565000000007,11.155350000000055],[103.51011000000005,11.159030000000087],[103.47580000000005,11.131940000000043],[103.45164000000005,11.095830000000092],[103.41163000000006,10.943890000000067],[103.34886000000006,10.884720000000073],[103.17346000000003,10.865550000000042],[103.12970000000007,10.883050000000082],[103.09602000000007,10.934440000000052],[103.10441000000003,10.960000000000036],[103.11691000000008,11.111940000000061],[103.11343000000005,11.152640000000076],[103.09262000000007,11.204580000000078],[103.10136000000006,11.348610000000065],[103.07637000000005,11.442500000000052],[103.02885000000003,11.541940000000068],[102.97566000000006,11.529230000000041],[102.96025000000003,11.544170000000065],[102.98300000000006,11.582100000000082],[102.98386000000005,11.617460000000051],[102.96969000000007,11.636580000000038],[102.96538000000004,11.672360000000083],[102.98927000000003,11.703050000000076],[103.02097000000003,11.719980000000078],[103.06400000000008,11.702190000000087],[103.07639000000006,11.712740000000053],[103.02330000000006,11.72888000000006],[102.97845000000007,11.710410000000081],[102.95741000000004,11.756530000000055],[102.91580000000005,11.79600000000005],[102.89588000000003,11.826770000000067],[102.90693000000005,11.78741000000008],[102.95246000000003,11.747920000000079],[102.96650000000005,11.719580000000065],[102.95850000000007,11.650990000000093],[102.96774000000005,11.59916000000004],[102.95893000000007,11.57541000000009],[102.93565000000007,11.591390000000047],[102.91609000000005,11.635850000000062],[102.90413000000007,11.740280000000041],[102.80362000000008,11.87498000000005],[102.76263000000006,12.027920000000051],[102.64151000000004,12.175000000000068],[102.59554000000003,12.203890000000058],[102.55713000000003,12.20243000000005],[102.52193000000005,12.116660000000081],[102.33776000000006,12.195280000000082],[102.31916000000007,12.292220000000043],[102.36409000000003,12.344580000000065],[102.35575000000006,12.35868000000005],[102.33776000000006,12.36069000000009],[102.34207000000004,12.335280000000068],[102.31178000000006,12.31069000000008],[102.26527000000004,12.298050000000046],[102.24346000000003,12.306520000000091],[102.12082000000004,12.421110000000056],[102.06811000000005,12.48562000000004],[102.06068000000005,12.566250000000082],[102.01944000000003,12.56361000000004],[101.94663000000003,12.525000000000091],[101.89235000000008,12.572080000000085],[101.85977000000003,12.641770000000065],[101.80999000000003,12.681390000000079],[101.75658000000004,12.705000000000041],[101.71554000000003,12.705000000000041],[101.68692000000004,12.696390000000065],[101.66776000000004,12.68291000000005],[101.65165000000007,12.650830000000042],[101.56776000000008,12.63250000000005],[101.38193000000007,12.609160000000088],[101.26249000000007,12.653610000000072],[101.10915000000006,12.675280000000043],[101.07873000000006,12.674580000000049],[100.97522000000004,12.640920000000051],[100.97067000000004,12.60430000000008],[100.93221000000005,12.611390000000085],[100.83916000000005,12.70139000000006],[100.84326000000004,12.736800000000073],[100.86886000000004,12.767780000000073],[100.91998000000007,12.984440000000063],[100.90166000000005,13.072220000000073],[100.94262000000003,13.197850000000074],[100.91436000000004,13.291600000000074],[100.93081000000006,13.334720000000061],[100.96193000000005,13.343470000000082],[100.98019000000005,13.35791000000006],[100.98817000000008,13.383890000000065],[100.97635000000008,13.462810000000047],[100.84873000000005,13.471250000000055],[100.82193000000007,13.483050000000048],[100.57916000000006,13.519170000000088],[100.46782000000007,13.491620000000069],[100.22221000000008,13.468330000000037],[100.05936000000003,13.415970000000073],[99.95679000000007,13.291080000000079],[99.96110000000004,13.267150000000072],[100.00178000000005,13.210970000000088],[100.07319000000007,13.148610000000076],[100.10401000000007,13.04472000000004],[100.04554000000007,12.955550000000073],[99.97012000000007,12.743190000000084],[99.96165000000008,12.674440000000061],[99.97436000000005,12.461110000000076],[100.00694000000004,12.343890000000044],[100.02082000000007,12.194650000000081],[99.97165000000007,12.089720000000057],[99.86512000000005,11.983050000000048],[99.82667000000004,11.901940000000081],[99.82331000000005,11.784710000000075],[99.73734000000007,11.690550000000087],[99.64027000000004,11.514440000000093],[99.63054000000005,11.455280000000073],[99.60942000000006,11.392220000000066],[99.58290000000005,11.349020000000053],[99.49193000000008,11.115550000000042],[99.49860000000007,11.065690000000075],[99.51298000000003,11.04049000000009],[99.51069000000007,11.009720000000073],[99.49505000000005,10.96930000000009],[99.50054000000006,10.92653000000007],[99.48276000000004,10.88528000000008],[99.41610000000003,10.765000000000043],[99.34567000000004,10.671530000000075],[99.32179000000008,10.65375000000006],[99.24109000000004,10.522910000000081],[99.23888000000005,10.463190000000054],[99.19498000000004,10.372220000000084],[99.15082000000007,10.36472000000009],[99.15422000000007,10.308820000000082],[99.19304000000005,10.200550000000078],[99.15602000000007,10.12743000000006],[99.15054000000003,10.083330000000046],[99.16902000000005,9.84916000000004],[99.14438000000007,9.790970000000073],[99.14749000000006,9.763330000000053],[99.17637000000008,9.641530000000046],[99.26332000000008,9.460000000000093],[99.29262000000006,9.42014000000006],[99.30304000000007,9.38528000000008],[99.23016000000007,9.337220000000059],[99.22748000000007,9.30222000000009],[99.23720000000003,9.257290000000069],[99.26846000000006,9.21861000000007],[99.44505000000004,9.192500000000052],[99.47623000000004,9.200280000000078],[99.57972000000007,9.269160000000056],[99.70749000000006,9.31833000000006],[99.79789000000005,9.316110000000037],[99.84540000000004,9.300410000000056],[99.86914000000007,9.228050000000053],[99.91886000000005,8.97222000000005],[99.95861000000008,8.625270000000057],[99.98728000000006,8.57472000000007],[100.03318000000007,8.54382000000004],[100.05095000000006,8.520140000000083],[100.10441000000003,8.414720000000045],[100.16039000000006,8.38125000000008],[100.18608000000006,8.398610000000076],[100.17941000000008,8.468050000000062],[100.13849000000005,8.518540000000087],[100.17246000000006,8.506800000000055],[100.21566000000007,8.453050000000076],[100.23802000000006,8.406670000000076],[100.26997000000006,8.311250000000086],[100.29608000000007,8.109720000000038],[100.37775000000005,7.7783300000000395],[100.42376000000007,7.535280000000057],[100.47830000000005,7.366670000000056],[100.51553000000007,7.29389000000009],[100.57809000000003,7.220140000000072],[100.56989000000004,7.192570000000046],[100.54192000000006,7.198750000000075],[100.43886000000003,7.286110000000065],[100.37969000000004,7.545610000000067],[100.29239000000007,7.780000000000086],[100.26761000000005,7.793050000000051],[100.20762000000008,7.777360000000044],[100.15039000000007,7.727220000000045],[100.15164000000004,7.625970000000052],[100.18288000000007,7.515550000000076],[100.26609000000008,7.378330000000062],[100.31514000000004,7.340000000000089],[100.36608000000007,7.327640000000088],[100.37667000000005,7.308420000000069],[100.39206000000007,7.208050000000071],[100.42483000000004,7.157780000000059],[100.49998000000005,7.13417000000004],[100.53837000000004,7.130760000000066],[100.58483000000007,7.170620000000042],[100.59054000000003,7.209120000000041],[100.64526000000006,7.149440000000084],[100.76080000000007,6.984440000000063],[100.80359000000004,6.956110000000081],[100.91636000000005,6.915830000000085],[101.02553000000006,6.84722000000005],[101.04781000000003,6.846390000000042],[101.06805000000003,6.857990000000086],[101.35818000000006,6.875940000000071],[101.33375000000007,6.9152800000000525],[101.29455000000007,6.935550000000092],[101.33638000000008,6.933890000000076],[101.47748000000007,6.878610000000037],[101.54554000000007,6.848470000000077],[101.56998000000004,6.82639000000006],[101.74512000000004,6.532640000000072],[101.78679000000005,6.477080000000058],[102.01845000000003,6.2851400000000694],[102.09523000000007,6.236140000000091],[102.09053000000006,6.154170000000079],[102.01109000000008,6.038330000000087],[101.98393000000004,6.013680000000079],[101.94372000000004,5.956530000000043],[101.94405000000006,5.867080000000044],[101.82609000000008,5.740970000000061],[101.80072000000007,5.745970000000057],[101.77185000000003,5.777500000000089],[101.74635000000006,5.78917000000007],[101.69954000000007,5.760970000000043],[101.69232000000005,5.76431000000008],[101.65857000000005,5.821730000000059],[101.65940000000006,5.850620000000049],[101.60649000000006,5.905280000000062],[101.57102000000003,5.915210000000059],[101.50605000000007,5.880570000000091],[101.31190000000004,5.807220000000086],[101.25942000000003,5.714580000000069],[101.22323000000006,5.670970000000068],[101.16498000000007,5.638330000000053],[101.14233000000007,5.633470000000045],[101.05745000000007,5.729170000000067],[100.99466000000007,5.7796200000000795],[100.99115000000006,5.794300000000078],[101.04225000000008,5.901800000000037],[101.09566000000007,5.923960000000079],[101.11920000000003,5.990280000000041],[101.09913000000006,6.1188900000000785],[101.11427000000003,6.182460000000049],[101.11204000000004,6.250690000000077],[101.00970000000007,6.269440000000088],[100.95207000000005,6.240830000000074],[100.85323000000005,6.2438900000000785],[100.84691000000004,6.285000000000082],[100.85441000000003,6.322500000000048],[100.82817000000006,6.427780000000041],[100.75136000000003,6.502780000000087],[100.68135000000007,6.453330000000051],[100.65663000000006,6.448680000000081],[100.38748000000004,6.536110000000065],[100.33518000000004,6.586110000000076],[100.33066000000008,6.620420000000081],[100.30025000000006,6.699790000000064],[100.26414000000005,6.706670000000088],[100.21498000000008,6.711110000000076],[100.19407000000007,6.697430000000054],[100.17454000000004,6.6223600000000715],[100.19275000000005,6.5752800000000775],[100.16844000000003,6.470830000000092],[100.12712000000005,6.424950000000081],[100.09018000000003,6.533440000000041],[100.05843000000004,6.511630000000082],[100.01469000000003,6.551940000000059],[99.92941000000008,6.686390000000074],[99.84720000000004,6.777220000000057],[99.78984000000003,6.823890000000063],[99.70847000000003,6.848610000000065],[99.68387000000007,6.882780000000082],[99.68268000000006,7.031460000000038],[99.74569000000008,7.117920000000083],[99.73442000000006,7.130280000000084],[99.68776000000008,7.111530000000073],[99.58457000000004,7.142570000000092],[99.53554000000003,7.235280000000046],[99.39082000000008,7.301670000000058],[99.34026000000006,7.37680000000006],[99.34742000000006,7.438120000000083],[99.25981000000007,7.655800000000056],[99.13054000000005,7.733750000000043],[99.10707000000008,7.694930000000056],[99.03707000000003,7.7072200000000635],[99.01736000000005,7.816670000000045],[99.03638000000007,7.895000000000039],[98.95694000000003,7.975830000000087],[98.88318000000004,8.014720000000068],[98.84027000000003,7.996110000000044],[98.77193000000005,8.018470000000093],[98.74721000000005,8.059440000000052],[98.74359000000004,8.07944000000009],[98.74637000000007,8.187080000000037],[98.73998000000006,8.221800000000087],[98.69762000000003,8.304030000000068],[98.67269000000005,8.300070000000062],[98.65137000000004,8.279720000000054],[98.62123000000008,8.28410000000008],[98.63429000000008,8.359510000000057],[98.65522000000004,8.369020000000091],[98.65588000000008,8.379930000000058],[98.61804000000006,8.382220000000075],[98.54637000000008,8.357080000000053],[98.47388000000007,8.32472000000007],[98.44373000000007,8.298050000000046],[98.45610000000005,8.279030000000091],[98.46811000000008,8.225550000000055],[98.43630000000007,8.147980000000075],[98.38554000000005,8.13722000000007],[98.31694000000005,8.208050000000071],[98.27416000000005,8.274440000000084],[98.19387000000006,8.554030000000068],[98.20429000000007,8.585000000000093],[98.22442000000007,8.611390000000085],[98.26082000000008,8.853890000000092],[98.29026000000005,8.91805000000005],[98.32721000000004,8.973610000000065],[98.33916000000005,9.010560000000055],[98.35137000000003,9.11472000000009],[98.32804000000004,9.207500000000039],[98.38611000000003,9.323890000000063],[98.39846000000006,9.388610000000085],[98.45254000000006,9.548680000000047],[98.56261000000006,9.734160000000088],[98.54248000000007,9.806390000000079],[98.54664000000008,9.878050000000087],[98.57471000000004,9.908610000000067],[98.69803000000007,10.170550000000048],[98.74540000000007,10.327640000000088],[98.74275000000006,10.348610000000065],[98.67970000000008,10.195830000000058],[98.55140000000006,9.98691000000008],[98.52610000000004,10.013050000000078],[98.50722000000007,10.156940000000077],[98.51068000000004,10.236800000000073],[98.53318000000007,10.34889000000004],[98.51138000000003,10.41972000000004],[98.49728000000005,10.43861000000004],[98.45665000000008,10.67486000000008],[98.46075000000008,10.728750000000048],[98.50034000000005,10.726460000000088],[98.52651000000003,10.69667000000004],[98.56415000000004,10.727220000000045],[98.62747000000007,10.846110000000067],[98.70942000000008,10.916250000000048],[98.71859000000006,10.955970000000093],[98.69692000000003,11.137080000000083],[98.73734000000007,11.180140000000051],[98.75805000000008,11.268050000000073],[98.70193000000006,11.375000000000057],[98.72207000000003,11.558890000000076],[98.74720000000008,11.67486000000008],[98.82986000000005,11.70847000000009],[98.88372000000004,11.697220000000073],[98.84957000000003,11.732500000000073],[98.78499000000005,11.76694000000009],[98.68998000000005,11.676520000000039],[98.60942000000006,11.72389000000004],[98.59845000000007,11.749300000000062],[98.60582000000005,11.804310000000044],[98.66304000000008,11.916390000000092],[98.71978000000007,11.964230000000043],[98.72082000000006,12.01389000000006],[98.70027000000005,12.04472000000004],[98.65462000000008,12.168670000000077],[98.71043000000003,12.199410000000057],[98.70588000000004,12.224470000000053],[98.68651000000006,12.241930000000082],[98.63717000000003,12.224470000000053],[98.59721000000008,12.193890000000067],[98.54948000000007,12.208900000000085],[98.53373000000005,12.254640000000052],[98.56805000000003,12.295000000000073],[98.68385000000006,12.316130000000044],[98.70359000000008,12.340050000000076],[98.67930000000007,12.370030000000042],[98.64471000000003,12.385830000000055],[98.60484000000008,12.42118000000005],[98.60471000000007,12.46861000000007],[98.62151000000006,12.558190000000081],[98.68082000000004,12.690830000000062],[98.63526000000007,12.872010000000046],[98.59374000000008,12.91569000000004],[98.58033000000006,13.178330000000074],[98.52457000000004,13.236390000000085],[98.49304000000006,13.256390000000067],[98.47470000000004,13.28472000000005],[98.42998000000006,13.476530000000082],[98.28665000000007,13.684160000000077],[98.25166000000007,13.77833000000004],[98.24915000000004,13.859160000000088],[98.23414000000008,13.952920000000063],[98.21286000000003,14.025970000000086],[98.18623000000008,14.055000000000064],[98.17963000000003,14.025640000000067],[98.19609000000003,13.895000000000039],[98.19803000000007,13.661940000000072],[98.17713000000003,13.53514000000007],[98.14068000000003,13.538190000000043],[98.07832000000008,13.789300000000082],[98.09637000000004,13.798260000000084],[98.10359000000005,13.905830000000037],[98.08360000000005,14.048330000000078],[98.08721000000003,14.179860000000076],[98.01153000000005,14.29111000000006],[97.98220000000003,14.35833000000008],[97.87720000000007,14.673330000000078],[97.85416000000004,14.717500000000086],[97.79726000000005,14.88196000000005],[97.81123000000008,15.152640000000076],[97.79833000000008,15.185560000000066],[97.74276000000003,15.25222000000008],[97.73610000000008,15.358890000000088],[97.77971000000008,15.426660000000084],[97.72519000000005,15.771250000000066],[97.72457000000003,15.846660000000043],[97.69304000000005,15.910560000000089],[97.64137000000005,15.946660000000065],[97.59444000000008,16.00222000000008],[97.57416000000006,16.04555000000005],[97.56971000000004,16.06520000000006],[97.61499000000003,16.114370000000065],[97.62125,16.14208333333334],[97.61541666666666,16.148750000000003],[97.62291666666667,16.150416666666672],[97.62291666666667,16.15458333333334],[97.60375,16.164583333333336],[97.56875,16.164583333333336],[97.53625,16.196250000000003],[97.54458333333334,16.203750000000003],[97.53125,16.207083333333337],[97.52291666666666,16.226250000000004],[97.51125,16.22458333333334],[97.51958333333333,16.241074046579453],[97.49276000000003,16.267220000000066],[97.46582000000006,16.318050000000085],[97.44846000000007,16.44500000000005],[97.46720000000005,16.486870000000067],[97.51555000000008,16.506110000000092],[97.54791666666667,16.49752760037798],[97.57708333333333,16.50791666666667],[97.58208333333333,16.513750000000005],[97.57625,16.526250000000005],[97.58458333333333,16.534993181228042],[97.50833000000006,16.53639000000004],[97.40693000000005,16.522560000000055],[97.37804000000006,16.49500000000006],[97.20471000000003,16.844720000000052],[97.21430000000004,16.900390000000073],[97.18610000000007,16.89972000000006],[97.15027000000003,17.123890000000074],[97.06165000000004,17.251940000000047],[96.89471000000003,17.38250000000005],[96.87804000000006,17.450000000000045],[96.84221000000008,17.404990000000055],[96.87943000000007,17.344440000000077],[96.86415000000005,17.241250000000036],[96.84429000000006,17.191180000000088],[96.86109000000005,17.146390000000054],[96.90013000000005,17.083750000000066],[96.91248000000007,17.03666000000004],[96.87144000000006,16.922430000000077],[96.83777000000003,16.91916000000009],[96.80789000000004,16.90444000000008],[96.84318000000007,16.871110000000044],[96.84665000000007,16.84298000000007],[96.79513000000003,16.72694000000007],[96.77777000000003,16.703880000000083],[96.68247000000008,16.607770000000073],[96.59624000000008,16.53875000000005],[96.46568000000008,16.50111000000004],[96.37747000000007,16.502500000000055],[96.29776000000004,16.550970000000063],[96.26471000000004,16.597500000000082],[96.22886000000005,16.70139000000006],[96.22177000000005,16.745970000000057],[96.23641000000003,16.774240000000077],[96.27662000000004,16.80361000000005],[96.24192000000005,16.803730000000087],[96.19582000000008,16.766390000000058],[96.22817000000003,16.588470000000086],[96.27089000000007,16.50610000000006],[96.30370000000005,16.462440000000072],[96.26833000000005,16.389720000000068],[96.18276000000003,16.347500000000082],[96.08471000000003,16.35194000000007],[96.00681000000003,16.38307000000009],[96.06984000000006,16.338050000000067],[96.07276000000007,16.31493000000006],[96.02193000000005,16.25583000000006],[95.96874000000008,16.21583000000004],[95.93932000000007,16.216450000000066],[95.88735000000003,16.23736000000008],[95.75333000000006,16.14444000000009],[95.69011000000006,16.04069000000004],[95.68471000000005,15.980410000000063],[95.67360000000008,15.961660000000052],[95.51902000000007,15.797780000000046],[95.42858000000007,15.729720000000043],[95.39338000000004,15.712500000000091],[95.29207000000008,15.72625000000005],[95.27805000000006,15.790000000000077],[95.27936000000005,15.83340000000004],[95.31874000000005,15.873750000000086],[95.35999000000004,15.968890000000044],[95.36693000000008,16.04305000000005],[95.36060000000003,16.141450000000077],[95.33499000000006,16.12250000000006],[95.32652000000007,16.103740000000073],[95.34540000000004,16.07111000000009],[95.34972000000005,16.046670000000063],[95.34485000000006,15.995550000000037],[95.28549000000004,15.890790000000038],[95.25783000000007,15.862910000000056],[95.23866000000004,15.875830000000065],[95.26560000000006,15.950400000000059],[95.27387000000004,15.99986000000007],[95.23553000000004,15.940760000000068],[95.21707000000004,15.862220000000036],[95.22588000000007,15.824170000000038],[95.21756000000005,15.786320000000046],[95.17352000000005,15.776870000000088],[95.14061000000004,15.792220000000043],[95.12109000000004,15.82472000000007],[95.10082000000006,15.987640000000056],[95.10796000000005,16.06236000000007],[95.12887000000006,16.086940000000084],[95.16500000000008,16.108720000000062],[95.22429000000005,16.119090000000085],[95.18026000000003,16.136520000000075],[95.13720000000006,16.13722000000007],[95.09019000000006,16.097840000000076],[95.06735000000003,16.053330000000074],[95.07339000000007,15.940480000000036],[95.04061000000007,15.808330000000069],[94.96013000000005,15.753130000000056],[94.84818000000007,15.782150000000058],[94.85492000000005,15.888360000000091],[94.83583000000004,15.947640000000092],[94.88728000000003,16.017820000000086],[94.86137000000008,16.130550000000085],[94.90124000000003,16.184300000000064],[94.95541666666666,16.202716253209065],[94.93791666666667,16.219408516085075],[94.89568000000003,16.205410000000086],[94.87928000000005,16.190830000000062],[94.84603000000004,16.128750000000082],[94.85565000000008,16.03287000000006],[94.84027000000003,15.993330000000071],[94.71054000000004,15.847500000000082],[94.67887000000007,15.842780000000062],[94.65707000000003,15.850830000000087],[94.61235000000005,15.885830000000055],[94.60596000000004,15.917290000000037],[94.69192000000004,15.973610000000065],[94.71929000000006,16.000970000000052],[94.79166000000004,16.148660000000064],[94.76068000000004,16.140140000000088],[94.72831000000008,16.083330000000046],[94.71103000000005,16.01771000000008],[94.62248000000005,15.94778000000008],[94.59144000000003,15.93291000000005],[94.56374000000005,15.93861000000004],[94.56165000000004,15.959160000000054],[94.63666000000006,16.040000000000077],[94.68095000000005,16.123880000000042],[94.68665000000004,16.189580000000092],[94.64277000000004,16.33791000000008],[94.61622000000006,16.337630000000047],[94.55664000000007,16.270830000000046],[94.53701000000007,16.29401000000007],[94.51236000000006,16.283210000000054],[94.51795000000004,16.25362000000007],[94.50749000000008,16.179850000000044],[94.43220000000008,16.065550000000087],[94.32721000000004,15.985280000000046],[94.25097000000005,15.958890000000054],[94.20193000000006,16.027640000000076],[94.23277000000007,16.350830000000087],[94.31155000000007,16.52240000000006],[94.34561000000008,16.552500000000066],[94.40624000000008,16.79875000000004],[94.39430000000004,16.84361000000007],[94.40998000000008,16.894720000000063],[94.45471000000003,16.965550000000064],[94.52527000000003,17.173330000000078],[94.51166000000006,17.21583000000004],[94.55054000000007,17.316940000000045],[94.56972000000007,17.501940000000047],[94.61234000000007,17.547430000000077],[94.59221000000008,17.615270000000066],[94.54359000000005,17.708330000000046],[94.49387000000007,17.833330000000046],[94.46694000000008,18.003050000000087],[94.48754000000008,18.025480000000073],[94.48943000000003,18.064860000000067],[94.38333000000006,18.36277000000007],[94.34248000000008,18.396660000000054],[94.25383000000005,18.534620000000075],[94.23858000000007,18.73777000000007],[94.14027000000004,18.86069000000009],[94.12026000000003,18.811110000000042],[94.03839000000005,18.847080000000062],[94.02874000000003,18.898750000000064],[94.05776000000003,19.05194000000006],[94.03824000000003,19.077840000000037],[94.02693000000005,19.14333000000005],[94.05129000000005,19.221570000000042],[94.04070000000007,19.241310000000055],[94.02582000000007,19.194580000000087],[93.99610000000007,19.14972000000006],[93.96985000000006,19.143470000000036],[93.94804000000005,19.15208000000007],[93.89551000000006,19.211730000000045],[93.87431000000004,19.255970000000048],[93.94887000000006,19.325000000000045],[93.97824000000003,19.36263000000008],[93.98571000000004,19.45715000000007],[93.90971000000008,19.47694000000007],[93.73297000000008,19.623120000000085],[93.68441000000007,19.719440000000077],[93.60040000000004,19.717490000000055],[93.59956000000005,19.78583000000009],[93.66193000000004,19.876940000000047],[93.69269000000003,19.88749000000007],[93.72366000000005,19.881110000000092],[93.74193000000008,19.916670000000067],[93.72436000000005,19.932430000000068],[93.61046000000005,19.90270000000004],[93.58644000000004,19.879300000000057],[93.55545000000006,19.893500000000074],[93.53489000000008,19.923700000000053],[93.48971000000006,19.964210000000037],[93.45243000000005,19.952480000000037],[93.41317000000004,19.973880000000065],[93.40013000000005,20.012080000000083],[93.37110000000007,20.041940000000068],[93.26290000000006,20.042220000000043],[93.16415000000006,20.054440000000056],[93.13788000000005,20.065720000000056],[93.21472000000006,19.872910000000047],[93.24296000000004,19.831800000000044],[93.22276000000005,19.827640000000088],[93.13818000000003,19.976360000000057],[93.10055000000006,19.975830000000087],[93.10061000000007,19.951310000000092],[93.13360000000006,19.850410000000068],[93.16721000000007,19.802500000000066],[93.12664000000007,19.839300000000037],[92.98193000000003,20.07444000000004],[92.98220000000003,20.12385000000006],[93.05859000000004,20.130000000000052],[93.10916000000003,20.171250000000043],[93.11435000000006,20.216180000000065],[93.07908000000003,20.197080000000085],[93.01458000000008,20.144160000000056],[92.99415000000005,20.14930000000004],[92.98943000000003,20.20611000000008],[93.03276000000005,20.384720000000073],[93.07999000000007,20.50944000000004],[93.08208000000008,20.53920000000005],[93.03137000000004,20.469440000000077],[93.01860000000005,20.40361000000007],[93.02109000000007,20.35555000000005],[93.00680000000006,20.295690000000036],[92.89097000000004,20.11902000000009],[92.86769000000004,20.119510000000048],[92.76978000000008,20.203220000000044],[92.79061000000007,20.25541000000004],[92.89194000000003,20.322770000000048],[92.79610000000008,20.48999000000009],[92.64433000000008,20.685830000000067],[92.68680000000006,20.61027000000007],[92.70570000000004,20.591980000000092],[92.73596000000003,20.436110000000042],[92.73720000000003,20.263190000000066],[92.71179000000006,20.275970000000086],[92.69275000000005,20.30389000000008],[92.61970000000008,20.457220000000063],[92.50040000000007,20.615830000000074],[92.43082000000004,20.671380000000056],[92.38060000000007,20.695200000000057],[92.31081000000006,20.890550000000076],[92.28526000000005,20.938190000000077],[92.26193000000006,21.054310000000044],[92.23290000000003,21.115270000000066],[92.21485000000007,21.136730000000057],[92.20499000000007,21.300550000000044],[92.22222000000005,21.35805000000005],[92.26082000000008,21.41444000000007],[92.36012000000005,21.472350000000063],[92.38165000000004,21.472080000000062],[92.53749000000005,21.378050000000087],[92.58638000000008,21.26257000000004],[92.60671000000008,21.252290000000073],[92.66934000000003,21.296980000000076],[92.64804000000004,21.349720000000048],[92.61804000000006,21.469990000000053],[92.60027000000008,21.634160000000065],[92.59916000000004,21.795000000000073],[92.62046000000004,21.87979000000007],[92.60082000000006,21.98222000000004],[92.67589000000004,22.02514000000008],[92.70633000000004,22.154510000000073],[92.79873000000003,22.109090000000037],[92.86207000000007,22.05263000000008],[92.88513000000006,22.013610000000085],[92.92442000000005,22.005000000000052],[92.99081000000007,22.048610000000053],[93.04699000000005,22.204510000000084],[93.07137000000006,22.21166000000005],[93.10581000000008,22.20527000000004],[93.12929000000008,22.186040000000048],[93.15558000000004,22.187850000000083],[93.19789000000003,22.264720000000068],[93.18943000000007,22.38444000000004],[93.17623000000003,22.44145000000009],[93.14180000000005,22.465620000000058],[93.11928000000006,22.53028000000006],[93.09276000000006,22.71444000000008],[93.10221000000007,22.801660000000084],[93.14000000000004,22.953190000000063],[93.12610000000006,23.01416000000006],[93.13957000000005,23.04708000000005],[93.18470000000008,23.059160000000077],[93.20993000000004,23.05125000000004],[93.22638000000006,23.01792000000006],[93.24736000000007,23.006940000000043],[93.27471000000003,23.004300000000057],[93.30547000000007,23.017640000000085],[93.34901000000008,23.07111000000009],[93.38784000000004,23.231450000000052],[93.37191000000007,23.357770000000073],[93.39943000000005,23.423330000000078],[93.42512000000005,23.60236000000009],[93.42276000000004,23.66250000000008],[93.38416000000007,23.848050000000057],[93.35109000000006,23.95333000000005],[93.32922000000008,23.980620000000044],[93.32789000000008,24.035960000000046],[93.33751000000007,24.071840000000066],[93.36737000000005,24.091000000000065],[93.40757000000008,24.07454000000007],[93.47360000000003,23.97097000000008],[93.50013000000007,23.962360000000047],[93.59346000000005,23.97124000000008],[93.6263478996037,24.01375],[93.60875,24.01291666666667],[93.61041666666667,24.070416666666667],[93.59541666666667,24.100416666666668],[93.61458333333333,24.128750000000004],[93.59541666666667,24.137083333333337],[93.59541666666667,24.16541666666667],[93.58791666666667,24.17791666666667],[93.60208333333333,24.17541666666667],[93.61041666666667,24.15625],[93.62375,24.191250000000004],[93.63041666666666,24.19291666666667],[93.62625,24.24125],[93.64291666666666,24.252083333333335],[93.64625,24.283750000000005],[93.63125,24.297083333333337],[93.63291666666666,24.313750000000002],[93.62375,24.320416666666667],[93.62625,24.349583333333335],[93.65041666666667,24.379583333333336],[93.64958333333334,24.42541666666667],[93.66375,24.449583333333337],[93.66208333333333,24.46875],[93.67291666666667,24.477083333333336],[93.67708333333333,24.496250000000003],[93.69625,24.49291666666667],[93.70208333333333,24.501250000000002],[93.70875,24.54791666666667],[93.69791666666667,24.56875],[93.70875,24.578750000000003],[93.70958333333333,24.592083333333335],[93.69875,24.62291666666667],[93.71375,24.65291666666667],[93.73291666666667,24.664583333333336],[93.72541666666666,24.689583333333335],[93.73791666666666,24.704583333333336],[93.72625,24.74541666666667],[93.73791666666666,24.752083333333335],[93.75125,24.784583333333337],[93.74875,24.82541666666667],[93.76208333333334,24.831250000000004],[93.76041666666667,24.841250000000002],[93.77125,24.85125],[93.76125,24.88125],[93.76625,24.89541666666667],[93.75791666666666,24.908750000000005],[93.77708333333334,24.924583333333338],[93.78125,24.946250000000003],[93.79875,24.956250000000004],[93.79208333333334,25.016250000000003],[93.82375,25.016250000000003],[93.85458333333334,25.028750000000002],[93.87041666666667,25.056250000000002],[93.86541666666666,25.07625],[93.88458333333334,25.117083333333333],[93.88208333333333,25.147083333333335],[93.92625,25.17291666666667],[93.93708333333333,25.199583333333337],[93.93791666666667,25.23375],[93.95791666666666,25.238750000000003],[93.96291666666667,25.217083333333335],[93.98041666666667,25.199583333333337],[93.98041666666667,25.155416666666667],[93.99375,25.151250000000005],[94.01041666666667,25.208750000000002],[94.07041666666666,25.283750000000005],[94.08041666666666,25.287083333333335],[94.11208333333333,25.276250000000005],[94.15791666666667,25.282083333333336],[94.16208333333333,25.301250000000003],[94.18291666666667,25.31041666666667],[94.19541666666666,25.331250000000004],[94.21625,25.33291666666667],[94.24291666666667,25.36041666666667],[94.24291666666667,25.37291666666667],[94.27041666666666,25.394583333333337],[94.28125,25.43625],[94.30791666666667,25.45791666666667],[94.31125,25.469583333333336],[94.28458333333333,25.507083333333334],[94.31041666666667,25.54791666666667],[94.29958333333333,25.55541666666667],[94.29708333333333,25.589583333333337],[94.30375,25.606250000000003],[94.28708333333333,25.62791666666667],[94.29791666666667,25.659583333333337],[94.28541666666666,25.677083333333336],[94.30125,25.68625],[94.30625,25.708750000000002],[94.32291666666667,25.732083333333335],[94.37625,25.765416666666667],[94.38125,25.782083333333336],[94.40625,25.801250000000003],[94.40791666666667,25.81791666666667],[94.44125,25.83625],[94.44791666666667,25.84791666666667],[94.46125,25.84791666666667],[94.45958333333333,25.879583333333336],[94.47125,25.91625],[94.48875,25.937083333333334],[94.50208333333333,25.982916666666668],[94.53041666666667,26.018750000000004],[94.52208333333333,26.037916666666668],[94.54375,26.084583333333335],[94.57458333333334,26.092083333333335],[94.58041666666666,26.109583333333333],[94.59541666666667,26.121250000000003],[94.58208333333333,26.137083333333337],[94.58458333333333,26.146250000000002],[94.61208333333333,26.161250000000003],[94.66291666666666,26.222083333333337],[94.69875,26.216250000000002],[94.71791666666667,26.194583333333334],[94.74708333333334,26.208750000000002],[94.75958333333334,26.23541666666667],[94.77291666666666,26.24041666666667],[94.79208333333334,26.232083333333335],[94.81625,26.19291666666667],[94.85125,26.195416666666667],[94.86958333333334,26.214583333333337],[94.89125,26.22125],[94.91208333333333,26.24125],[94.91208333333333,26.25291666666667],[94.94541666666666,26.26291666666667],[94.99125,26.30041666666667],[94.99208333333333,26.31125],[95.02458333333334,26.324583333333337],[95.05708333333334,26.352083333333333],[95.07458333333334,26.354583333333338],[95.09208333333333,26.374583333333334],[95.10375,26.422083333333333],[95.08375,26.447916666666668],[95.07041666666666,26.45041666666667],[95.06875,26.46291666666667],[95.11375,26.517916666666668],[95.10791666666667,26.542083333333338],[95.12541666666667,26.558750000000003],[95.13875,26.557083333333335],[95.15375,26.58291666666667],[95.14625,26.592083333333335],[95.14708333333333,26.611250000000002],[95.16375,26.621250000000003],[95.16875,26.635416666666668],[95.20958333333333,26.64875],[95.23375,26.68291666666667],[95.25708333333333,26.677083333333336],[95.25874999999999,26.654583333333335],[95.27708333333334,26.65791666666667],[95.30375,26.65041666666667],[95.33541666666666,26.673750000000002],[95.36125,26.67125],[95.37458333333333,26.684583333333336],[95.39458333333333,26.684583333333336],[95.40208333333334,26.694583333333334],[95.43125,26.70041666666667],[95.43208333333334,26.716250000000002],[95.45958333333333,26.743750000000002],[95.47541666666666,26.74041666666667],[95.48291666666667,26.746250000000003],[95.50708333333333,26.809583333333336],[95.52208333333333,26.812916666666666],[95.52458333333334,26.822916666666668],[95.54291666666667,26.835416666666667],[95.55625,26.832083333333337],[95.56958333333333,26.816250000000004],[95.60708333333334,26.812916666666666],[95.62541666666667,26.838750000000005],[95.63208333333333,26.87375],[95.64458333333333,26.876250000000002],[95.66625,26.90291666666667],[95.70625,26.88125],[95.72375,26.882083333333334],[95.74458333333334,26.896250000000002],[95.74708333333334,26.92291666666667],[95.75958333333334,26.937083333333334],[95.75458333333333,26.954583333333336],[95.76541666666667,26.973750000000003],[95.78041666666667,26.97875],[95.78291666666667,26.99041666666667],[95.79625,26.99791666666667],[95.80125,27.015416666666667],[95.82791666666667,27.007916666666667],[95.87291666666667,27.01375],[95.90375,27.039583333333336],[95.94624999999999,27.05041666666667],[95.96375,27.09375],[96.01041666666667,27.142083333333336],[96.02208333333333,27.18041666666667],[96.07708333333333,27.20791666666667],[96.08958333333334,27.22291666666667],[96.15458333333333,27.24791666666667],[96.18625,27.249583333333334],[96.22791666666666,27.278750000000002],[96.27291666666666,27.272083333333335],[96.27458333333334,27.28375],[96.30625,27.294583333333335],[96.34541666666667,27.28541666666667],[96.35291666666666,27.295416666666668],[96.38708333333334,27.284583333333337],[96.43958333333333,27.307083333333335],[96.44624999999999,27.299583333333334],[96.45708333333333,27.306250000000002],[96.48541666666667,27.297083333333333],[96.50708333333333,27.299583333333334],[96.52208333333333,27.286250000000003],[96.54458333333334,27.30291666666667],[96.54208333333334,27.309583333333336],[96.55208333333333,27.31875],[96.59541666666667,27.334583333333335],[96.59125,27.348750000000003],[96.60458333333334,27.36541666666667],[96.69958333333334,27.357916666666668],[96.70458333333333,27.37291666666667],[96.73041666666667,27.359583333333333],[96.76791666666666,27.357916666666668],[96.79791666666667,27.34625],[96.82041666666666,27.31125],[96.84791666666666,27.29125],[96.84791666666666,27.271250000000002],[96.86291666666666,27.260416666666668],[96.88458333333334,27.260416666666668],[96.88374999999999,27.22625],[96.85458333333334,27.21125],[96.85625,27.19291666666667],[96.87041666666667,27.182916666666667],[96.89874999999999,27.169583333333335],[96.98458333333333,27.155416666666667],[96.99291666666667,27.140416666666667],[97.03041666666667,27.132083333333334],[97.03375,27.118750000000002],[97.06958333333333,27.09041666666667],[97.07541666666667,27.098750000000003],[97.09708333333333,27.097083333333337],[97.09875,27.10875],[97.13875,27.092083333333335],[97.14958333333334,27.118750000000002],[97.16125,27.12375],[97.16375,27.14375],[97.15125,27.149583333333336],[97.14708333333333,27.16541666666667],[97.12458333333333,27.174583333333334],[97.12041666666667,27.192083333333336],[97.09041666666667,27.21375],[97.08875,27.239583333333336],[97.04041666666666,27.282083333333336],[97.02958333333333,27.307083333333335],[96.99791666666667,27.319583333333334],[96.99125,27.34375],[96.98041666666667,27.34625],[96.96291666666667,27.37291666666667],[96.96124999999999,27.404583333333335],[96.93375,27.417083333333334],[96.93291666666667,27.431250000000002],[96.90291666666667,27.452916666666667],[96.91041666666666,27.487083333333334],[96.92625,27.507083333333334],[96.92708333333333,27.52625],[96.90708333333333,27.543750000000003],[96.91041666666666,27.577916666666667],[96.89208333333333,27.577916666666667],[96.89375,27.61541666666667],[96.91291666666666,27.620416666666667],[96.93708333333333,27.661250000000003],[96.98375,27.66541666666667],[96.98791666666666,27.687916666666666],[97.00874999999999,27.710416666666667],[97.01791666666666,27.738750000000003],[97.03208333333333,27.749583333333334],[97.04541666666667,27.74041666666667],[97.06208333333333,27.749583333333334],[97.07541666666667,27.737083333333334],[97.08875,27.737083333333334],[97.09458333333333,27.76291666666667],[97.11375,27.786250000000003],[97.13041666666666,27.793750000000003],[97.13708333333334,27.808750000000003],[97.15458333333333,27.807083333333335],[97.16708333333334,27.829583333333336],[97.18375,27.83125],[97.18208333333334,27.84041666666667],[97.22791666666666,27.874583333333334],[97.24708333333334,27.899583333333336],[97.29875,27.91625],[97.32124999999999,27.89541666666667],[97.31958333333333,27.88791666666667],[97.34291666666667,27.885416666666668],[97.35625,27.87375],[97.37875,27.891250000000003],[97.36708333333333,27.93541666666667],[97.37625,27.952083333333334],[97.36208333333333,27.966250000000002],[97.36625,27.977083333333336],[97.38458333333334,27.98541666666667],[97.38374999999999,28.001250000000002],[97.39541666666666,28.01291666666667],[97.37708333333333,28.022083333333335],[97.35208333333333,28.066250000000004],[97.33958333333334,28.057083333333335],[97.31208333333333,28.062083333333334],[97.32791666666667,28.084583333333335],[97.32375,28.102083333333333],[97.33208333333333,28.10541666666667],[97.32291666666667,28.114583333333336],[97.33041666666666,28.127083333333335],[97.32541666666667,28.139583333333334],[97.35291666666666,28.153750000000002],[97.35875,28.16541666666667],[97.35375,28.17875],[97.36208333333333,28.20041666666667],[97.34625,28.20791666666667],[97.34958333333333,28.24041666666667],[97.38208333333333,28.23791666666667],[97.41208333333333,28.249583333333334],[97.40125,28.28291666666667],[97.42291666666667,28.299583333333334],[97.46041666666666,28.27041666666667],[97.48208333333334,28.28291666666667],[97.46875,28.307083333333335],[97.48625,28.31791666666667],[97.50291666666666,28.316250000000004],[97.51791666666666,28.33291666666667],[97.49458333333334,28.34541666666667],[97.49541666666667,28.36291666666667],[97.47958333333334,28.382083333333334],[97.50708333333333,28.411250000000003],[97.50041666666667,28.424583333333334],[97.50791666666666,28.43625],[97.49541666666667,28.46125],[97.50625,28.47625],[97.49458333333334,28.486250000000002],[97.49708333333334,28.492083333333333],[97.53375,28.507083333333334],[97.53708333333333,28.522916666666667],[97.55708333333334,28.529583333333335],[97.56541666666666,28.54625],[97.58125,28.547083333333333],[97.59708333333333,28.53125],[97.59208333333333,28.522083333333335],[97.60125,28.517916666666668],[97.62125,28.52041666666667],[97.63291666666666,28.537083333333335],[97.64458333333333,28.534583333333334],[97.63791666666667,28.552083333333336],[97.66625,28.572083333333335],[97.66791666666667,28.584583333333335],[97.68375,28.598750000000003],[97.67625,28.606250000000003],[97.68291666666667,28.626250000000002],[97.65708333333333,28.63791666666667],[97.66291666666666,28.65791666666667],[97.65041666666667,28.677083333333336],[97.65375,28.702083333333334],[97.66458333333333,28.709583333333335],[97.67708333333333,28.707083333333337],[97.68291666666667,28.72041666666667],[97.70375,28.717916666666667],[97.70875,28.732083333333335],[97.72375,28.74125],[97.71791666666667,28.752916666666668],[97.73875,28.772083333333335],[97.76791666666666,28.77041666666667],[97.77458333333334,28.789583333333333],[97.76541666666667,28.801250000000003],[97.76875,28.815416666666668],[97.72291666666666,28.83291666666667],[97.71375,28.85125],[97.67375,28.88041666666667],[97.66708333333334,28.91041666666667],[97.63875,28.923750000000002],[97.59458333333333,28.96875],[97.58708333333334,28.99875],[97.55708333333334,29.014583333333334],[97.57541666666667,29.044583333333335],[97.55541666666667,29.058750000000003],[97.55291666666666,29.07875],[97.56041666666667,29.084583333333335],[97.54375,29.09791666666667],[97.54958333333333,29.11041666666667],[97.54208333333334,29.126250000000002],[97.52374999999999,29.13041666666667],[97.51791666666666,29.139583333333334],[97.52208333333333,29.15791666666667],[97.53125,29.161250000000003],[97.52791666666667,29.182916666666667],[97.54375,29.192083333333336],[97.53791666666666,29.20375],[97.52125,29.21125],[97.50041666666667,29.24041666666667],[97.47541666666666,29.22125],[97.45458333333333,29.229583333333334],[97.42791666666666,29.223750000000003],[97.42375,29.24125],[97.43375,29.245416666666667],[97.43375,29.264583333333334],[97.42375,29.280416666666667],[97.42958333333333,29.280416666666667],[97.43208333333334,29.29625],[97.38458333333334,29.35291666666667],[97.38791666666667,29.362916666666667],[97.37875,29.371250000000003],[97.37958333333333,29.40125],[97.38791666666667,29.40791666666667],[97.39958333333334,29.447916666666668],[97.41375,29.46125],[97.37791666666666,29.50541666666667],[97.34958333333333,29.482916666666668],[97.32208333333334,29.50625],[97.30458333333333,29.493750000000002],[97.28375,29.497083333333336],[97.24375,29.449583333333337],[97.22375,29.46375],[97.20791666666666,29.46375],[97.20375,29.452916666666667],[97.18375,29.446250000000003],[97.16791666666667,29.484583333333333],[97.15458333333333,29.479583333333334],[97.14874999999999,29.48541666666667],[97.14375,29.52375],[97.11125,29.54791666666667],[97.09791666666666,29.536250000000003],[97.07124999999999,29.557916666666667],[97.08291666666666,29.572083333333335],[97.08624999999999,29.61625],[97.09875,29.621250000000003],[97.09041666666667,29.63041666666667],[97.09458333333333,29.65875],[97.05958333333334,29.66625],[97.04708333333333,29.65791666666667],[97.03875,29.673750000000002],[97.01791666666666,29.682083333333335],[97.01375,29.690416666666668],[97.02208333333333,29.699583333333337],[97.01208333333334,29.709583333333335],[97.01958333333333,29.727083333333333],[97.01208333333334,29.736250000000002],[96.96875,29.731250000000003],[96.94041666666666,29.737916666666667],[96.92625,29.716250000000002],[96.92958333333333,29.694583333333334],[96.94708333333334,29.692083333333336],[96.94708333333334,29.67291666666667],[96.92625,29.63791666666667],[96.93125,29.618750000000002],[96.90875,29.61541666666667],[96.90541666666667,29.607916666666668],[96.88791666666667,29.617916666666666],[96.87291666666667,29.61541666666667],[96.85875,29.629583333333336],[96.81708333333333,29.63791666666667],[96.81125,29.647916666666667],[96.78458333333333,29.634583333333335],[96.76791666666666,29.64875],[96.74708333333334,29.652083333333334],[96.73208333333334,29.668750000000003],[96.71291666666667,29.67125],[96.69041666666666,29.649583333333336],[96.66458333333333,29.707083333333337],[96.62291666666667,29.70375],[96.60708333333334,29.712083333333336],[96.60708333333334,29.699583333333337],[96.57208333333334,29.69125],[96.56125,29.71541666666667],[96.52125,29.712083333333336],[96.48541666666667,29.742083333333333],[96.49291666666667,29.75625],[96.48125,29.771250000000002],[96.47791666666666,29.79791666666667],[96.46124999999999,29.81125],[96.44208333333333,29.81041666666667],[96.41958333333334,29.834583333333335],[96.42041666666667,29.85291666666667],[96.43291666666667,29.857083333333335],[96.43541666666667,29.867083333333333],[96.40208333333334,29.89125],[96.40708333333333,29.90791666666667],[96.38791666666667,29.909583333333334],[96.39125,29.93541666666667],[96.38374999999999,29.952083333333334],[96.32208333333334,29.96291666666667],[96.32541666666667,29.981250000000003],[96.30458333333333,29.995416666666667],[96.30375,30.004583333333336],[96.26791666666666,30.004583333333336],[96.25125,30.024583333333336],[96.27541666666667,30.03541666666667],[96.27291666666666,30.04625],[96.28541666666666,30.058750000000003],[96.28041666666667,30.06791666666667],[96.24041666666666,30.079583333333336],[96.21041666666666,30.07875],[96.19458333333333,30.10125],[96.19458333333333,30.112916666666667],[96.20458333333333,30.122083333333336],[96.21708333333333,30.11625],[96.21875,30.132083333333334],[96.20208333333333,30.176250000000003],[96.17041666666667,30.173750000000002],[96.16791666666667,30.181250000000002],[96.18291666666667,30.19375],[96.17958333333333,30.217083333333335],[96.15041666666667,30.217083333333335],[96.14458333333333,30.199583333333337],[96.11625,30.197916666666668],[96.10458333333334,30.20625],[96.10875,30.219583333333333],[96.09375,30.24875],[96.07875,30.237916666666667],[96.04791666666667,30.260416666666668],[95.99791666666667,30.23375],[95.97041666666667,30.25375],[95.94375,30.246250000000003],[95.92708333333333,30.252916666666668],[95.91541666666667,30.264583333333334],[95.91708333333334,30.278750000000002],[95.90375,30.289583333333333],[95.88458333333334,30.287916666666668],[95.85875,30.306250000000002],[95.85541666666667,30.327916666666667],[95.87708333333333,30.334583333333335],[95.88125,30.34791666666667],[95.85875,30.36041666666667],[95.81291666666667,30.367916666666666],[95.80458333333333,30.38791666666667],[95.78375,30.39125],[95.77958333333333,30.417916666666667],[95.75874999999999,30.42791666666667],[95.76041666666667,30.44291666666667],[95.75041666666667,30.459583333333335],[95.73708333333333,30.462083333333336],[95.72541666666666,30.477083333333333],[95.69375,30.484583333333333],[95.69624999999999,30.509583333333335],[95.70875,30.514583333333334],[95.70458333333333,30.53375],[95.71208333333334,30.539583333333333],[95.71124999999999,30.552083333333336],[95.69958333333334,30.557083333333335],[95.65375,30.56041666666667],[95.62791666666666,30.57375],[95.60291666666667,30.569583333333334],[95.58208333333333,30.584583333333335],[95.56375,30.58625],[95.54541666666667,30.607916666666668],[95.50541666666666,30.589583333333334],[95.48958333333333,30.607083333333335],[95.44208333333333,30.620416666666667],[95.42625,30.618750000000002],[95.42291666666667,30.598750000000003],[95.43125,30.592916666666667],[95.42208333333333,30.577916666666667],[95.38458333333334,30.59041666666667],[95.37791666666666,30.56625],[95.35958333333333,30.557916666666667],[95.33458333333333,30.58625],[95.31958333333333,30.587083333333336],[95.31541666666666,30.59625],[95.33791666666667,30.61625],[95.33791666666667,30.625416666666666],[95.31291666666667,30.626250000000002],[95.30208333333333,30.642083333333336],[95.26125,30.65875],[95.24708333333334,30.647916666666667],[95.22375,30.646250000000002],[95.22375,30.624583333333334],[95.20541666666666,30.614583333333336],[95.17041666666667,30.65041666666667],[95.15541666666667,30.65125],[95.13041666666666,30.675416666666667],[95.09625,30.664583333333333],[95.08041666666666,30.63375],[95.08458333333333,30.62291666666667],[95.07541666666667,30.612083333333334],[95.09541666666667,30.582083333333333],[95.07791666666667,30.57541666666667],[95.05375,30.583750000000002],[95.02791666666667,30.580416666666668],[95.01625,30.562083333333334],[95.00541666666666,30.562916666666666],[95.00125,30.574583333333337],[94.96708333333333,30.592916666666667],[94.95291666666667,30.580416666666668],[94.91708333333334,30.58125],[94.90875,30.59791666666667],[94.88791666666667,30.606250000000003],[94.86791666666667,30.60291666666667],[94.83958333333334,30.618750000000002],[94.81708333333333,30.614583333333336],[94.79541666666667,30.598750000000003],[94.76625,30.597083333333334],[94.74791666666667,30.611250000000002],[94.72541666666666,30.60875],[94.69458333333333,30.63791666666667],[94.65791666666667,30.607083333333335],[94.62791666666666,30.612916666666667],[94.60791666666667,30.602083333333333],[94.59041666666667,30.605416666666667],[94.57958333333333,30.62291666666667],[94.59125,30.63125],[94.57541666666667,30.646250000000002],[94.57291666666667,30.662916666666668],[94.58791666666667,30.67875],[94.62375,30.680416666666666],[94.63208333333333,30.673750000000002],[94.64791666666666,30.70041666666667],[94.63875,30.70791666666667],[94.63541666666667,30.72791666666667],[94.61541666666666,30.74791666666667],[94.62375,30.751250000000002],[94.62791666666666,30.769583333333333],[94.58625,30.77541666666667],[94.58208333333333,30.784583333333334],[94.54875,30.78125],[94.52291666666666,30.798750000000002],[94.52041666666666,30.805416666666666],[94.52958333333333,30.808750000000003],[94.54541666666667,30.83625],[94.54208333333334,30.847083333333334],[94.52541666666667,30.864583333333336],[94.48708333333333,30.872083333333336],[94.47041666666667,30.902083333333334],[94.47625,30.912916666666668],[94.46541666666667,30.920416666666668],[94.46125,30.94125],[94.43708333333333,30.942083333333336],[94.41458333333333,30.926250000000003],[94.38708333333334,30.93541666666667],[94.36375,30.904583333333335],[94.33375,30.905416666666667],[94.32041666666666,30.88125],[94.32875,30.870416666666667],[94.31958333333333,30.848750000000003],[94.28625,30.849583333333335],[94.23458333333333,30.877083333333335],[94.18541666666667,30.870416666666667],[94.16458333333333,30.852083333333333],[94.13791666666667,30.852083333333333],[94.11958333333334,30.863750000000003],[94.07291666666667,30.867916666666666],[94.06541666666666,30.877083333333335],[94.04541666666667,30.867916666666666],[94.03625,30.875416666666666],[94.00375,30.872083333333336],[93.98708333333333,30.88041666666667],[93.98041666666667,30.854583333333334],[93.96625,30.850416666666668],[93.95958333333333,30.83875],[93.92208333333333,30.84375],[93.89958333333334,30.877083333333335],[93.87041666666667,30.884583333333335],[93.85791666666667,30.90791666666667],[93.83791666666667,30.89875],[93.82291666666667,30.90791666666667],[93.80375,30.89875],[93.76208333333334,30.905416666666667],[93.73791666666666,30.922916666666666],[93.71791666666667,30.918750000000003],[93.69625,30.93625],[93.67375,30.923750000000002],[93.64041666666667,30.919583333333335],[93.64875,30.94125],[93.62125,30.94291666666667],[93.61041666666667,30.95791666666667],[93.61291666666666,30.967083333333335],[93.57791666666667,30.96875],[93.54708333333333,30.997083333333336],[93.51208333333334,30.999583333333334],[93.44291666666666,31.04041666666667],[93.42208333333333,31.039583333333333],[93.40625,31.017916666666668],[93.38625,31.02625],[93.36958333333334,31.02375],[93.33791666666667,31.002916666666668],[93.33708333333334,30.989583333333336],[93.29791666666667,30.980416666666667],[93.29291666666667,30.99041666666667],[93.29875,30.997083333333336],[93.28875,31.01375],[93.29625,31.02791666666667],[93.28708333333333,31.03375],[93.32125,31.065416666666668],[93.33458333333333,31.057083333333335],[93.35375,31.07375],[93.35208333333333,31.083750000000002],[93.34375,31.09541666666667],[93.32875,31.097083333333334],[93.32291666666667,31.117083333333333],[93.30958333333334,31.10875],[93.27125,31.15041666666667],[93.26125,31.15041666666667],[93.26458333333333,31.16541666666667],[93.25458333333333,31.17875],[93.25958333333334,31.184583333333336],[93.23208333333334,31.167083333333334],[93.19708333333334,31.164583333333333],[93.18625,31.17291666666667],[93.18541666666667,31.161250000000003],[93.17291666666667,31.161250000000003],[93.15958333333333,31.17125],[93.13625,31.159583333333334],[93.13958333333333,31.16541666666667],[93.13791666666667,31.172083333333333],[93.09375,31.162083333333335],[93.06291666666667,31.17791666666667],[93.07125,31.22125],[93.05458333333333,31.247083333333336],[93.04041666666667,31.24791666666667],[93.03041666666667,31.25875],[93.01875,31.254583333333336],[93.00375,31.27041666666667],[92.99041666666666,31.262083333333333],[92.98125,31.27541666666667],[92.97125,31.27541666666667],[92.96625,31.265416666666667],[92.93125,31.24625],[92.89625,31.257916666666667],[92.87958333333333,31.250416666666666],[92.85458333333334,31.267916666666668],[92.83125,31.231250000000003],[92.83708333333334,31.210416666666667],[92.81958333333333,31.188750000000002],[92.84375,31.187916666666666],[92.84708333333333,31.169583333333335],[92.86375,31.161250000000003],[92.86458333333333,31.149583333333336],[92.81458333333333,31.15875],[92.80791666666667,31.153750000000002],[92.81291666666667,31.147083333333335],[92.79791666666667,31.140416666666667],[92.79708333333333,31.132916666666667],[92.76791666666666,31.13625],[92.69375,31.12375],[92.68375,31.107083333333335],[92.66125,31.102083333333333],[92.66541666666667,31.09041666666667],[92.65291666666667,31.082083333333333],[92.65375,31.067083333333336],[92.62958333333333,31.062916666666666],[92.61458333333333,31.04791666666667],[92.60875,31.057916666666667],[92.58041666666666,31.049583333333334],[92.56875,31.064583333333335],[92.56291666666667,31.05291666666667],[92.52791666666667,31.05291666666667],[92.49791666666667,31.02625],[92.46541666666667,31.02625],[92.44791666666667,31.009583333333335],[92.45708333333333,30.981250000000003],[92.45125,30.97041666666667],[92.42958333333334,30.97291666666667],[92.43125,30.962083333333332],[92.41625,30.958750000000002],[92.41625,30.947083333333335],[92.37791666666666,30.931250000000002],[92.37208333333334,30.911250000000003],[92.35875,30.914583333333333],[92.33625,30.89375],[92.28375,30.899583333333336],[92.28041666666667,30.90625],[92.26125,30.90041666666667],[92.26458333333333,30.850416666666668],[92.25458333333333,30.84791666666667],[92.24041666666666,30.857083333333335],[92.21208333333334,30.89875],[92.19458333333333,30.877916666666668],[92.15791666666667,30.877083333333335],[92.15791666666667,30.862916666666667],[92.13208333333333,30.86541666666667],[92.12875,30.856250000000003],[92.11625,30.861250000000002],[92.10791666666667,30.855416666666667],[92.09958333333333,30.859583333333333],[92.10208333333334,30.870416666666667],[92.05875,30.904583333333335],[92.04625,30.892916666666668],[92.04625,30.874583333333334],[92.01375,30.87375],[92.00541666666666,30.885416666666668],[91.99041666666666,30.887083333333337],[91.97125,30.864583333333336],[91.94125,30.852083333333333],[91.93625,30.827083333333334],[91.91291666666666,30.83791666666667],[91.90375,30.82541666666667],[91.88458333333334,30.820416666666667],[91.88625,30.813750000000002],[91.86625,30.804583333333333],[91.86208333333333,30.794583333333335],[91.84125,30.798750000000002],[91.83208333333333,30.82541666666667],[91.78125,30.85125],[91.79041666666667,30.864583333333336],[91.78041666666667,30.874583333333334],[91.79625,30.88875],[91.78791666666666,30.896250000000002],[91.78708333333333,30.912083333333335],[91.76125,30.922916666666666],[91.74458333333334,30.905416666666667],[91.73125,30.90791666666667],[91.69291666666666,30.934583333333336],[91.66791666666667,30.93541666666667],[91.65708333333333,30.952916666666667],[91.61541666666666,30.937916666666666],[91.56125,30.94875],[91.56458333333333,30.96875],[91.55875,30.97791666666667],[91.57541666666667,30.99041666666667],[91.56708333333333,31.00541666666667],[91.55291666666666,31.00541666666667],[91.54375,31.021250000000002],[91.53041666666667,31.015416666666667],[91.52541666666667,31.027083333333334],[91.49291666666667,31.042083333333334],[91.48125,31.06041666666667],[91.46208333333334,31.067083333333336],[91.45208333333333,31.080416666666668],[91.46208333333334,31.092083333333335],[91.50708333333333,31.08625],[91.54125,31.097083333333334],[91.56625,31.119583333333335],[91.57958333333333,31.15125],[91.57708333333333,31.175416666666667],[91.61625,31.197916666666668],[91.61375,31.207083333333333],[91.62708333333333,31.217916666666667],[91.62708333333333,31.22875],[91.61041666666667,31.245416666666667],[91.60625,31.264583333333334],[91.58541666666666,31.27541666666667],[91.58041666666666,31.286250000000003],[91.58125,31.302083333333336],[91.58875,31.305416666666666],[91.58791666666667,31.348750000000003],[91.61041666666667,31.382083333333334],[91.58625,31.38625],[91.57791666666667,31.397916666666667],[91.63291666666667,31.437083333333334],[91.63208333333333,31.457083333333333],[91.64958333333334,31.45125],[91.65875,31.467916666666667],[91.67208333333333,31.464583333333334],[91.68375,31.477083333333333],[91.68375,31.49041666666667],[91.66375,31.494583333333335],[91.66375,31.50625],[91.64875,31.510416666666668],[91.62125,31.58791666666667],[91.59458333333333,31.60875],[91.55875,31.614583333333336],[91.54958333333333,31.632083333333334],[91.53041666666667,31.639583333333334],[91.54125,31.661250000000003],[91.50125,31.675416666666667],[91.48541666666667,31.670416666666668],[91.46708333333333,31.687083333333334],[91.44208333333333,31.69125],[91.41125,31.71875],[91.38541666666667,31.717916666666667],[91.39041666666667,31.732083333333335],[91.40291666666667,31.737916666666667],[91.39875,31.74625],[91.41041666666666,31.77041666666667],[91.40708333333333,31.78291666666667],[91.39458333333333,31.78875],[91.39208333333333,31.82375],[91.36708333333334,31.82875],[91.35375,31.842916666666667],[91.32458333333334,31.842916666666667],[91.31125,31.855416666666667],[91.28875,31.852083333333333],[91.27625,31.862083333333334],[91.25041666666667,31.860416666666666],[91.24625,31.87291666666667],[91.22041666666667,31.867083333333333],[91.19375,31.887083333333333],[91.21125,31.90041666666667],[91.20708333333333,31.909583333333334],[91.21458333333334,31.922916666666666],[91.20125,31.95041666666667],[91.21625,31.957083333333333],[91.21958333333333,31.97041666666667],[91.20875,31.97625],[91.21208333333334,32.01041666666667],[91.19208333333333,32.01708333333333],[91.18875,32.03125],[91.22208333333333,32.067083333333336],[91.24041666666666,32.06458333333333],[91.25375,32.07875],[91.21791666666667,32.10541666666667],[91.22375,32.11208333333333],[91.21791666666667,32.12291666666667],[91.20708333333333,32.114583333333336],[91.16041666666666,32.11291666666667],[91.14791666666666,32.143750000000004],[91.16375,32.17375],[91.15791666666667,32.18375],[91.21958333333333,32.19291666666667],[91.24041666666666,32.20625],[91.23958333333333,32.21458333333334],[91.29625,32.23125],[91.32125,32.21458333333334],[91.34708333333333,32.21791666666667],[91.32708333333333,32.25208333333333],[91.33791666666667,32.25791666666667],[91.33708333333334,32.30125],[91.32875,32.30791666666667],[91.33125,32.32625],[91.31958333333333,32.345416666666665],[91.33125,32.35625],[91.33375,32.372083333333336],[91.34791666666666,32.36875],[91.34958333333333,32.38041666666667],[91.36458333333333,32.389583333333334],[91.35041666666666,32.397083333333335],[91.35291666666667,32.41291666666667],[91.39041666666667,32.41708333333334],[91.39708333333333,32.42458333333333],[91.39708333333333,32.45041666666667],[91.41125,32.463750000000005],[91.42291666666667,32.463750000000005],[91.42875,32.444583333333334],[91.44541666666667,32.43208333333333],[91.45541666666666,32.434583333333336],[91.47208333333333,32.412083333333335],[91.48541666666667,32.407916666666665],[91.50041666666667,32.40875],[91.50541666666666,32.422916666666666],[91.55041666666666,32.447916666666664],[91.55958333333334,32.47708333333333],[91.63291666666667,32.42208333333333],[91.64291666666666,32.43375],[91.66041666666666,32.43375],[91.65875,32.444583333333334],[91.67125,32.44541666666667],[91.68458333333334,32.46125],[91.73458333333333,32.46958333333333],[91.74125,32.485416666666666],[91.72208333333333,32.49625],[91.72541666666666,32.503750000000004],[91.71291666666667,32.52458333333333],[91.72041666666667,32.53458333333334],[91.76458333333333,32.547916666666666],[91.77208333333333,32.573750000000004],[91.82875,32.57208333333333],[91.86458333333333,32.55125],[91.88458333333334,32.56791666666667],[91.91625,32.562916666666666],[91.91541666666667,32.59458333333333],[91.94708333333334,32.607083333333335],[91.95375,32.622083333333336],[92.00291666666666,32.62125],[92.01791666666666,32.629583333333336],[92.01958333333333,32.63875],[92.02708333333334,32.635416666666664],[92.03125,32.65875],[92.04791666666667,32.67125],[92.05625,32.70708333333334],[92.06708333333333,32.70375],[92.07375,32.72208333333334],[92.10125,32.71958333333333],[92.10625,32.72958333333334],[92.11708333333334,32.727916666666665],[92.14041666666667,32.74791666666667],[92.16041666666666,32.74458333333333],[92.17708333333333,32.750416666666666],[92.17875,32.75791666666667],[92.19875,32.757083333333334],[92.21625,32.73708333333333],[92.23208333333334,32.74041666666667],[92.25541666666666,32.72291666666667],[92.28541666666666,32.732083333333335],[92.29958333333333,32.752916666666664],[92.31458333333333,32.757083333333334],[92.33791666666667,32.74041666666667],[92.35375,32.74375],[92.35458333333334,32.764583333333334],[92.38125,32.76291666666667],[92.41291666666666,32.74791666666667],[92.43125,32.76291666666667],[92.44958333333334,32.764583333333334],[92.45208333333333,32.749583333333334],[92.46625,32.749583333333334],[92.48041666666667,32.73125],[92.49208333333334,32.74625],[92.50375,32.74791666666667],[92.52375,32.735416666666666],[92.55291666666666,32.73291666666667],[92.57291666666667,32.73458333333333],[92.57791666666667,32.74458333333333],[92.58875,32.73708333333333],[92.59958333333333,32.742916666666666],[92.61208333333333,32.72958333333334],[92.63041666666666,32.73291666666667],[92.63791666666667,32.72208333333334],[92.66125,32.72958333333334],[92.68625,32.767916666666665],[92.72375,32.74875],[92.75458333333333,32.74541666666667],[92.78458333333333,32.72125],[92.79375,32.735416666666666],[92.83125,32.73375],[92.83125,32.72375],[92.85208333333334,32.71458333333334],[92.86541666666666,32.69708333333333],[92.87708333333333,32.71125],[92.89958333333334,32.71458333333334],[92.91458333333334,32.70375],[92.91791666666667,32.713750000000005],[92.92708333333333,32.71125],[92.93458333333334,32.72125],[92.96291666666667,32.71541666666667],[92.97958333333334,32.72208333333334],[92.99708333333334,32.742916666666666],[93.02625,32.739583333333336],[93.02125,32.73375],[93.02625,32.705416666666665],[93.04541666666667,32.697916666666664],[93.03958333333334,32.67791666666667],[93.05375,32.662083333333335],[93.05125,32.64208333333333],[93.06541666666666,32.628750000000004],[93.07875,32.629583333333336],[93.09041666666667,32.64375],[93.10375,32.63791666666667],[93.11708333333333,32.647083333333335],[93.15708333333333,32.64625],[93.17708333333333,32.669583333333335],[93.22375,32.65625],[93.24041666666666,32.665416666666665],[93.25041666666667,32.66041666666667],[93.25041666666667,32.64375],[93.26791666666666,32.61625],[93.30708333333334,32.60791666666667],[93.31208333333333,32.57625],[93.33375,32.57458333333334],[93.35208333333333,32.562083333333334],[93.38041666666666,32.526250000000005],[93.39125,32.54291666666667],[93.41041666666666,32.54708333333333],[93.40958333333333,32.55875],[93.45458333333333,32.56125],[93.46208333333334,32.55625],[93.46125,32.53958333333333],[93.47375,32.52875],[93.47458333333333,32.50541666666667],[93.48375,32.499583333333334],[93.49875,32.504583333333336],[93.51541666666667,32.47708333333333],[93.52958333333333,32.47708333333333],[93.53458333333333,32.49125],[93.55625,32.48875],[93.57291666666667,32.50875],[93.61875,32.52708333333334],[93.62791666666666,32.54375],[93.62458333333333,32.552083333333336],[93.63958333333333,32.555416666666666],[93.65208333333334,32.577083333333334],[93.67875,32.57041666666667],[93.71875,32.580416666666665],[93.73875,32.577083333333334],[93.74541666666667,32.566250000000004],[93.76208333333334,32.569583333333334],[93.77708333333334,32.55875],[93.79125,32.56125],[93.82291666666667,32.54958333333333],[93.82541666666667,32.522083333333335],[93.85125,32.51208333333334],[93.85541666666667,32.46791666666667],[93.89291666666666,32.47625],[93.90708333333333,32.462916666666665],[93.92041666666667,32.47625],[93.96041666666666,32.485416666666666],[93.97458333333333,32.46208333333333],[93.99375,32.467083333333335],[94.01041666666667,32.447916666666664],[94.02958333333333,32.447916666666664],[94.02958333333333,32.46041666666667],[94.04375,32.46208333333333],[94.04791666666667,32.47208333333334],[94.09125,32.46458333333334],[94.10041666666666,32.44958333333334],[94.13791666666667,32.43375],[94.15291666666667,32.45291666666667]]],[[[107.03338000000008,20.85569000000004],[107.10152000000005,20.79944000000006],[107.06888000000004,20.72861000000006],[107.04776000000004,20.703880000000083],[106.97222000000005,20.747490000000084],[106.92054000000007,20.794440000000066],[106.90797000000003,20.826520000000073],[106.91735000000006,20.838190000000054],[106.96361000000007,20.851110000000062],[107.03338000000008,20.85569000000004]]],[[[107.54041000000007,21.15570000000008],[107.51143000000008,21.149700000000053],[107.50178000000005,21.12934000000007],[107.46304000000003,21.08944000000008],[107.40387000000004,21.05222000000009],[107.37922000000003,21.04819000000009],[107.37553000000003,21.081250000000068],[107.44470000000007,21.23527000000007],[107.47195000000005,21.27142000000009],[107.52361000000008,21.224440000000072],[107.60408000000007,21.21694000000008],[107.60028000000005,21.20527000000004],[107.54041000000007,21.15570000000008]]]]}}]}